w_tract,h_tract,workers,h_county,HomeX,HomeY,w_county,WorkX,WorkY
51036600100,51075400102,1,Goochland County,-77.68626193,37.67237945,Charles City County,-77.1917213,37.38472133
51036600100,51075400200,2,Goochland County,-77.79542232,37.67430492,Charles City County,-77.1917213,37.38472133
51036600100,51075400400,1,Goochland County,-77.94915119,37.72443114,Charles City County,-77.1917213,37.38472133
51036600100,51075400500,3,Goochland County,-78.0537926,37.7822625,Charles City County,-77.1917213,37.38472133
51036600200,51075400101,1,Goochland County,-77.68299554,37.60434673,Charles City County,-77.1088509,37.38383884
51036600300,51075400200,2,Goochland County,-77.79542232,37.67430492,Charles City County,-76.97673227,37.33100999
51041100106,51075400200,1,Goochland County,-77.79542232,37.67430492,Chesterfield County,-77.54703564,37.51851129
51041100106,51075400500,1,Goochland County,-78.0537926,37.7822625,Chesterfield County,-77.54703564,37.51851129
51041100107,51075400101,12,Goochland County,-77.68299554,37.60434673,Chesterfield County,-77.53518917,37.50805197
51041100107,51075400102,7,Goochland County,-77.68626193,37.67237945,Chesterfield County,-77.53518917,37.50805197
51041100107,51075400200,16,Goochland County,-77.79542232,37.67430492,Chesterfield County,-77.53518917,37.50805197
51041100107,51075400300,2,Goochland County,-77.86213625,37.65586441,Chesterfield County,-77.53518917,37.50805197
51041100107,51075400400,14,Goochland County,-77.94915119,37.72443114,Chesterfield County,-77.53518917,37.50805197
51041100107,51075400500,15,Goochland County,-78.0537926,37.7822625,Chesterfield County,-77.53518917,37.50805197
51041100206,51075400102,1,Goochland County,-77.68626193,37.67237945,Chesterfield County,-77.5334907,37.45477273
51041100206,51075400200,1,Goochland County,-77.79542232,37.67430492,Chesterfield County,-77.5334907,37.45477273
51041100206,51075400400,1,Goochland County,-77.94915119,37.72443114,Chesterfield County,-77.5334907,37.45477273
51041100206,51075400500,3,Goochland County,-78.0537926,37.7822625,Chesterfield County,-77.5334907,37.45477273
51041100208,51075400101,1,Goochland County,-77.68299554,37.60434673,Chesterfield County,-77.5681237,37.45977159
51041100209,51075400101,3,Goochland County,-77.68299554,37.60434673,Chesterfield County,-77.54383141,37.47720254
51041100209,51075400102,2,Goochland County,-77.68626193,37.67237945,Chesterfield County,-77.54383141,37.47720254
51041100209,51075400200,4,Goochland County,-77.79542232,37.67430492,Chesterfield County,-77.54383141,37.47720254
51041100209,51075400300,1,Goochland County,-77.86213625,37.65586441,Chesterfield County,-77.54383141,37.47720254
51041100209,51075400400,4,Goochland County,-77.94915119,37.72443114,Chesterfield County,-77.54383141,37.47720254
51041100209,51075400500,4,Goochland County,-78.0537926,37.7822625,Chesterfield County,-77.54383141,37.47720254
51041100210,51075400101,7,Goochland County,-77.68299554,37.60434673,Chesterfield County,-77.52627645,37.48826539
51041100210,51075400200,1,Goochland County,-77.79542232,37.67430492,Chesterfield County,-77.52627645,37.48826539
51041100210,51075400400,2,Goochland County,-77.94915119,37.72443114,Chesterfield County,-77.52627645,37.48826539
51041100210,51075400500,1,Goochland County,-78.0537926,37.7822625,Chesterfield County,-77.52627645,37.48826539
51041100211,51075400101,2,Goochland County,-77.68299554,37.60434673,Chesterfield County,-77.51523352,37.46884745
51041100211,51075400200,1,Goochland County,-77.79542232,37.67430492,Chesterfield County,-77.51523352,37.46884745
51041100211,51075400300,1,Goochland County,-77.86213625,37.65586441,Chesterfield County,-77.51523352,37.46884745
51041100211,51075400400,1,Goochland County,-77.94915119,37.72443114,Chesterfield County,-77.51523352,37.46884745
51041100212,51075400200,1,Goochland County,-77.79542232,37.67430492,Chesterfield County,-77.50450006,37.45746628
51041100212,51075400500,1,Goochland County,-78.0537926,37.7822625,Chesterfield County,-77.50450006,37.45746628
51041100300,51075400101,1,Goochland County,-77.68299554,37.60434673,Chesterfield County,-77.44072057,37.45041861
51041100300,51075400200,3,Goochland County,-77.79542232,37.67430492,Chesterfield County,-77.44072057,37.45041861
51041100300,51075400400,1,Goochland County,-77.94915119,37.72443114,Chesterfield County,-77.44072057,37.45041861
51041100300,51075400500,1,Goochland County,-78.0537926,37.7822625,Chesterfield County,-77.44072057,37.45041861
51041100403,51075400101,13,Goochland County,-77.68299554,37.60434673,Chesterfield County,-77.34009923,37.36551726
51041100403,51075400102,8,Goochland County,-77.68626193,37.67237945,Chesterfield County,-77.34009923,37.36551726
51041100403,51075400200,12,Goochland County,-77.79542232,37.67430492,Chesterfield County,-77.34009923,37.36551726
51041100403,51075400300,1,Goochland County,-77.86213625,37.65586441,Chesterfield County,-77.34009923,37.36551726
51041100403,51075400400,20,Goochland County,-77.94915119,37.72443114,Chesterfield County,-77.34009923,37.36551726
51041100403,51075400500,18,Goochland County,-78.0537926,37.7822625,Chesterfield County,-77.34009923,37.36551726
51041100404,51075400500,3,Goochland County,-78.0537926,37.7822625,Chesterfield County,-77.43318582,37.423395
51041100406,51075400200,2,Goochland County,-77.79542232,37.67430492,Chesterfield County,-77.44553256,37.41976492
51041100406,51075400500,2,Goochland County,-78.0537926,37.7822625,Chesterfield County,-77.44553256,37.41976492
51041100407,51075400200,2,Goochland County,-77.79542232,37.67430492,Chesterfield County,-77.43519495,37.39367918
51041100407,51075400400,1,Goochland County,-77.94915119,37.72443114,Chesterfield County,-77.43519495,37.39367918
51041100409,51075400101,1,Goochland County,-77.68299554,37.60434673,Chesterfield County,-77.42961382,37.3696818
51041100409,51075400102,2,Goochland County,-77.68626193,37.67237945,Chesterfield County,-77.42961382,37.3696818
51041100409,51075400200,1,Goochland County,-77.79542232,37.67430492,Chesterfield County,-77.42961382,37.3696818
51041100409,51075400300,1,Goochland County,-77.86213625,37.65586441,Chesterfield County,-77.42961382,37.3696818
51041100409,51075400400,4,Goochland County,-77.94915119,37.72443114,Chesterfield County,-77.42961382,37.3696818
51041100409,51075400500,1,Goochland County,-78.0537926,37.7822625,Chesterfield County,-77.42961382,37.3696818
51041100410,51075400102,1,Goochland County,-77.68626193,37.67237945,Chesterfield County,-77.45365971,37.35954334
51041100410,51075400400,1,Goochland County,-77.94915119,37.72443114,Chesterfield County,-77.45365971,37.35954334
51041100410,51075400500,1,Goochland County,-78.0537926,37.7822625,Chesterfield County,-77.45365971,37.35954334
51041100505,51075400101,7,Goochland County,-77.68299554,37.60434673,Chesterfield County,-77.43662449,37.34661541
51041100505,51075400102,3,Goochland County,-77.68626193,37.67237945,Chesterfield County,-77.43662449,37.34661541
51041100505,51075400200,2,Goochland County,-77.79542232,37.67430492,Chesterfield County,-77.43662449,37.34661541
51041100505,51075400300,1,Goochland County,-77.86213625,37.65586441,Chesterfield County,-77.43662449,37.34661541
51041100505,51075400400,6,Goochland County,-77.94915119,37.72443114,Chesterfield County,-77.43662449,37.34661541
51041100505,51075400500,1,Goochland County,-78.0537926,37.7822625,Chesterfield County,-77.43662449,37.34661541
51041100506,51075400101,1,Goochland County,-77.68299554,37.60434673,Chesterfield County,-77.41415866,37.32218428
51041100506,51075400300,1,Goochland County,-77.86213625,37.65586441,Chesterfield County,-77.41415866,37.32218428
51041100506,51075400500,3,Goochland County,-78.0537926,37.7822625,Chesterfield County,-77.41415866,37.32218428
51041100507,51075400102,2,Goochland County,-77.68626193,37.67237945,Chesterfield County,-77.43856897,37.3079419
51041100508,51075400400,1,Goochland County,-77.94915119,37.72443114,Chesterfield County,-77.41493663,37.3012045
51041100509,51075400101,3,Goochland County,-77.68299554,37.60434673,Chesterfield County,-77.37201415,37.31882739
51041100509,51075400102,2,Goochland County,-77.68626193,37.67237945,Chesterfield County,-77.37201415,37.31882739
51041100509,51075400200,12,Goochland County,-77.79542232,37.67430492,Chesterfield County,-77.37201415,37.31882739
51041100509,51075400400,6,Goochland County,-77.94915119,37.72443114,Chesterfield County,-77.37201415,37.31882739
51041100509,51075400500,8,Goochland County,-78.0537926,37.7822625,Chesterfield County,-77.37201415,37.31882739
51041100701,51075400500,1,Goochland County,-78.0537926,37.7822625,Chesterfield County,-77.44977765,37.23958262
51041100704,51075400101,1,Goochland County,-77.68299554,37.60434673,Chesterfield County,-77.57949425,37.26699697
51041100704,51075400400,1,Goochland County,-77.94915119,37.72443114,Chesterfield County,-77.57949425,37.26699697
51041100704,51075400500,1,Goochland County,-78.0537926,37.7822625,Chesterfield County,-77.57949425,37.26699697
51041100804,51075400400,3,Goochland County,-77.94915119,37.72443114,Chesterfield County,-77.46922264,37.45119552
51041100804,51075400500,1,Goochland County,-78.0537926,37.7822625,Chesterfield County,-77.46922264,37.45119552
51041100805,51075400102,1,Goochland County,-77.68626193,37.67237945,Chesterfield County,-77.4843688,37.43053405
51041100805,51075400200,1,Goochland County,-77.79542232,37.67430492,Chesterfield County,-77.4843688,37.43053405
51041100806,51075400400,1,Goochland County,-77.94915119,37.72443114,Chesterfield County,-77.46446226,37.43376974
51041100806,51075400500,3,Goochland County,-78.0537926,37.7822625,Chesterfield County,-77.46446226,37.43376974
51041100812,51075400101,1,Goochland County,-77.68299554,37.60434673,Chesterfield County,-77.57030314,37.42885868
51041100812,51075400400,1,Goochland County,-77.94915119,37.72443114,Chesterfield County,-77.57030314,37.42885868
51041100812,51075400500,1,Goochland County,-78.0537926,37.7822625,Chesterfield County,-77.57030314,37.42885868
51041100814,51075400101,1,Goochland County,-77.68299554,37.60434673,Chesterfield County,-77.49516004,37.40390745
51041100814,51075400400,3,Goochland County,-77.94915119,37.72443114,Chesterfield County,-77.49516004,37.40390745
51041100814,51075400500,1,Goochland County,-78.0537926,37.7822625,Chesterfield County,-77.49516004,37.40390745
51041100817,51075400101,8,Goochland County,-77.68299554,37.60434673,Chesterfield County,-77.49978556,37.38463151
51041100817,51075400102,7,Goochland County,-77.68626193,37.67237945,Chesterfield County,-77.49978556,37.38463151
51041100817,51075400200,23,Goochland County,-77.79542232,37.67430492,Chesterfield County,-77.49978556,37.38463151
51041100817,51075400400,15,Goochland County,-77.94915119,37.72443114,Chesterfield County,-77.49978556,37.38463151
51041100817,51075400500,13,Goochland County,-78.0537926,37.7822625,Chesterfield County,-77.49978556,37.38463151
51041100819,51075400101,1,Goochland County,-77.68299554,37.60434673,Chesterfield County,-77.50968155,37.43754339
51041100819,51075400400,2,Goochland County,-77.94915119,37.72443114,Chesterfield County,-77.50968155,37.43754339
51041100820,51075400101,6,Goochland County,-77.68299554,37.60434673,Chesterfield County,-77.52097119,37.41250194
51041100820,51075400102,1,Goochland County,-77.68626193,37.67237945,Chesterfield County,-77.52097119,37.41250194
51041100820,51075400200,7,Goochland County,-77.79542232,37.67430492,Chesterfield County,-77.52097119,37.41250194
51041100820,51075400400,6,Goochland County,-77.94915119,37.72443114,Chesterfield County,-77.52097119,37.41250194
51041100820,51075400500,6,Goochland County,-78.0537926,37.7822625,Chesterfield County,-77.52097119,37.41250194
51041100821,51075400101,1,Goochland County,-77.68299554,37.60434673,Chesterfield County,-77.56965311,37.36559954
51041100821,51075400102,4,Goochland County,-77.68626193,37.67237945,Chesterfield County,-77.56965311,37.36559954
51041100821,51075400200,2,Goochland County,-77.79542232,37.67430492,Chesterfield County,-77.56965311,37.36559954
51041100821,51075400400,2,Goochland County,-77.94915119,37.72443114,Chesterfield County,-77.56965311,37.36559954
51041100821,51075400500,2,Goochland County,-78.0537926,37.7822625,Chesterfield County,-77.56965311,37.36559954
51041100822,51075400101,3,Goochland County,-77.68299554,37.60434673,Chesterfield County,-77.49261723,37.33063493
51041100822,51075400102,3,Goochland County,-77.68626193,37.67237945,Chesterfield County,-77.49261723,37.33063493
51041100822,51075400200,6,Goochland County,-77.79542232,37.67430492,Chesterfield County,-77.49261723,37.33063493
51041100822,51075400400,4,Goochland County,-77.94915119,37.72443114,Chesterfield County,-77.49261723,37.33063493
51041100822,51075400500,4,Goochland County,-78.0537926,37.7822625,Chesterfield County,-77.49261723,37.33063493
51041100823,51075400101,4,Goochland County,-77.68299554,37.60434673,Chesterfield County,-77.47619773,37.36556589
51041100823,51075400102,1,Goochland County,-77.68626193,37.67237945,Chesterfield County,-77.47619773,37.36556589
51041100823,51075400200,1,Goochland County,-77.79542232,37.67430492,Chesterfield County,-77.47619773,37.36556589
51041100823,51075400400,2,Goochland County,-77.94915119,37.72443114,Chesterfield County,-77.47619773,37.36556589
51041100902,51075400101,5,Goochland County,-77.68299554,37.60434673,Chesterfield County,-77.56921858,37.53045113
51041100902,51075400102,6,Goochland County,-77.68626193,37.67237945,Chesterfield County,-77.56921858,37.53045113
51041100902,51075400200,3,Goochland County,-77.79542232,37.67430492,Chesterfield County,-77.56921858,37.53045113
51041100902,51075400400,1,Goochland County,-77.94915119,37.72443114,Chesterfield County,-77.56921858,37.53045113
51041100907,51075400101,3,Goochland County,-77.68299554,37.60434673,Chesterfield County,-77.56475993,37.50674144
51041100907,51075400102,3,Goochland County,-77.68626193,37.67237945,Chesterfield County,-77.56475993,37.50674144
51041100907,51075400200,3,Goochland County,-77.79542232,37.67430492,Chesterfield County,-77.56475993,37.50674144
51041100907,51075400400,3,Goochland County,-77.94915119,37.72443114,Chesterfield County,-77.56475993,37.50674144
51041100907,51075400500,1,Goochland County,-78.0537926,37.7822625,Chesterfield County,-77.56475993,37.50674144
51041100910,51075400200,2,Goochland County,-77.79542232,37.67430492,Chesterfield County,-77.58335284,37.47501371
51041100910,51075400400,4,Goochland County,-77.94915119,37.72443114,Chesterfield County,-77.58335284,37.47501371
51041100912,51075400101,1,Goochland County,-77.68299554,37.60434673,Chesterfield County,-77.65287453,37.43553501
51041100912,51075400102,2,Goochland County,-77.68626193,37.67237945,Chesterfield County,-77.65287453,37.43553501
51041100912,51075400200,3,Goochland County,-77.79542232,37.67430492,Chesterfield County,-77.65287453,37.43553501
51041100912,51075400500,1,Goochland County,-78.0537926,37.7822625,Chesterfield County,-77.65287453,37.43553501
51041100915,51075400101,13,Goochland County,-77.68299554,37.60434673,Chesterfield County,-77.63418207,37.50948349
51041100915,51075400102,11,Goochland County,-77.68626193,37.67237945,Chesterfield County,-77.63418207,37.50948349
51041100915,51075400200,11,Goochland County,-77.79542232,37.67430492,Chesterfield County,-77.63418207,37.50948349
51041100915,51075400400,9,Goochland County,-77.94915119,37.72443114,Chesterfield County,-77.63418207,37.50948349
51041100915,51075400500,3,Goochland County,-78.0537926,37.7822625,Chesterfield County,-77.63418207,37.50948349
51041100919,51075400101,6,Goochland County,-77.68299554,37.60434673,Chesterfield County,-77.61338001,37.44792263
51041100919,51075400102,5,Goochland County,-77.68626193,37.67237945,Chesterfield County,-77.61338001,37.44792263
51041100919,51075400200,2,Goochland County,-77.79542232,37.67430492,Chesterfield County,-77.61338001,37.44792263
51041100919,51075400300,1,Goochland County,-77.86213625,37.65586441,Chesterfield County,-77.61338001,37.44792263
51041100919,51075400400,15,Goochland County,-77.94915119,37.72443114,Chesterfield County,-77.61338001,37.44792263
51041100919,51075400500,12,Goochland County,-78.0537926,37.7822625,Chesterfield County,-77.61338001,37.44792263
51041100920,51075400101,17,Goochland County,-77.68299554,37.60434673,Chesterfield County,-77.60239076,37.5124001
51041100920,51075400102,12,Goochland County,-77.68626193,37.67237945,Chesterfield County,-77.60239076,37.5124001
51041100920,51075400200,12,Goochland County,-77.79542232,37.67430492,Chesterfield County,-77.60239076,37.5124001
51041100920,51075400400,15,Goochland County,-77.94915119,37.72443114,Chesterfield County,-77.60239076,37.5124001
51041100920,51075400500,7,Goochland County,-78.0537926,37.7822625,Chesterfield County,-77.60239076,37.5124001
51041100922,51075400101,18,Goochland County,-77.68299554,37.60434673,Chesterfield County,-77.58524418,37.4964871
51041100922,51075400102,19,Goochland County,-77.68626193,37.67237945,Chesterfield County,-77.58524418,37.4964871
51041100922,51075400200,15,Goochland County,-77.79542232,37.67430492,Chesterfield County,-77.58524418,37.4964871
51041100922,51075400300,1,Goochland County,-77.86213625,37.65586441,Chesterfield County,-77.58524418,37.4964871
51041100922,51075400400,18,Goochland County,-77.94915119,37.72443114,Chesterfield County,-77.58524418,37.4964871
51041100922,51075400500,20,Goochland County,-78.0537926,37.7822625,Chesterfield County,-77.58524418,37.4964871
51041100923,51075400101,1,Goochland County,-77.68299554,37.60434673,Chesterfield County,-77.55905676,37.48625306
51041100923,51075400102,4,Goochland County,-77.68626193,37.67237945,Chesterfield County,-77.55905676,37.48625306
51041100923,51075400200,3,Goochland County,-77.79542232,37.67430492,Chesterfield County,-77.55905676,37.48625306
51041100923,51075400400,4,Goochland County,-77.94915119,37.72443114,Chesterfield County,-77.55905676,37.48625306
51041100923,51075400500,2,Goochland County,-78.0537926,37.7822625,Chesterfield County,-77.55905676,37.48625306
51041100924,51075400101,12,Goochland County,-77.68299554,37.60434673,Chesterfield County,-77.69061582,37.52010733
51041100924,51075400102,6,Goochland County,-77.68626193,37.67237945,Chesterfield County,-77.69061582,37.52010733
51041100924,51075400200,12,Goochland County,-77.79542232,37.67430492,Chesterfield County,-77.69061582,37.52010733
51041100924,51075400400,11,Goochland County,-77.94915119,37.72443114,Chesterfield County,-77.69061582,37.52010733
51041100924,51075400500,8,Goochland County,-78.0537926,37.7822625,Chesterfield County,-77.69061582,37.52010733
51041100926,51075400101,4,Goochland County,-77.68299554,37.60434673,Chesterfield County,-77.62368907,37.54395099
51041100926,51075400102,2,Goochland County,-77.68626193,37.67237945,Chesterfield County,-77.62368907,37.54395099
51041100926,51075400200,3,Goochland County,-77.79542232,37.67430492,Chesterfield County,-77.62368907,37.54395099
51041100926,51075400400,5,Goochland County,-77.94915119,37.72443114,Chesterfield County,-77.62368907,37.54395099
51041100926,51075400500,1,Goochland County,-78.0537926,37.7822625,Chesterfield County,-77.62368907,37.54395099
51041100928,51075400101,10,Goochland County,-77.68299554,37.60434673,Chesterfield County,-77.67962214,37.48918829
51041100928,51075400102,7,Goochland County,-77.68626193,37.67237945,Chesterfield County,-77.67962214,37.48918829
51041100928,51075400200,12,Goochland County,-77.79542232,37.67430492,Chesterfield County,-77.67962214,37.48918829
51041100928,51075400300,2,Goochland County,-77.86213625,37.65586441,Chesterfield County,-77.67962214,37.48918829
51041100928,51075400400,13,Goochland County,-77.94915119,37.72443114,Chesterfield County,-77.67962214,37.48918829
51041100928,51075400500,3,Goochland County,-78.0537926,37.7822625,Chesterfield County,-77.67962214,37.48918829
51041100929,51075400101,2,Goochland County,-77.68299554,37.60434673,Chesterfield County,-77.6442745,37.47635305
51041100929,51075400102,3,Goochland County,-77.68626193,37.67237945,Chesterfield County,-77.6442745,37.47635305
51041100929,51075400200,2,Goochland County,-77.79542232,37.67430492,Chesterfield County,-77.6442745,37.47635305
51041100929,51075400400,2,Goochland County,-77.94915119,37.72443114,Chesterfield County,-77.6442745,37.47635305
51041100929,51075400500,3,Goochland County,-78.0537926,37.7822625,Chesterfield County,-77.6442745,37.47635305
51041100930,51075400200,2,Goochland County,-77.79542232,37.67430492,Chesterfield County,-77.63588052,37.49078574
51041100930,51075400400,2,Goochland County,-77.94915119,37.72443114,Chesterfield County,-77.63588052,37.49078574
51041100931,51075400101,16,Goochland County,-77.68299554,37.60434673,Chesterfield County,-77.61411449,37.4880354
51041100931,51075400102,5,Goochland County,-77.68626193,37.67237945,Chesterfield County,-77.61411449,37.4880354
51041100931,51075400200,5,Goochland County,-77.79542232,37.67430492,Chesterfield County,-77.61411449,37.4880354
51041100931,51075400300,1,Goochland County,-77.86213625,37.65586441,Chesterfield County,-77.61411449,37.4880354
51041100931,51075400400,15,Goochland County,-77.94915119,37.72443114,Chesterfield County,-77.61411449,37.4880354
51041100931,51075400500,6,Goochland County,-78.0537926,37.7822625,Chesterfield County,-77.61411449,37.4880354
51041100932,51075400200,1,Goochland County,-77.79542232,37.67430492,Chesterfield County,-77.611221,37.46860746
51041100932,51075400500,3,Goochland County,-78.0537926,37.7822625,Chesterfield County,-77.611221,37.46860746
51041100933,51075400101,1,Goochland County,-77.68299554,37.60434673,Chesterfield County,-77.61684396,37.42100436
51041100933,51075400200,1,Goochland County,-77.79542232,37.67430492,Chesterfield County,-77.61684396,37.42100436
51041100933,51075400400,1,Goochland County,-77.94915119,37.72443114,Chesterfield County,-77.61684396,37.42100436
51041100934,51075400102,1,Goochland County,-77.68626193,37.67237945,Chesterfield County,-77.59630337,37.42636183
51041100934,51075400200,1,Goochland County,-77.79542232,37.67430492,Chesterfield County,-77.59630337,37.42636183
51041100934,51075400300,1,Goochland County,-77.86213625,37.65586441,Chesterfield County,-77.59630337,37.42636183
51041100934,51075400400,1,Goochland County,-77.94915119,37.72443114,Chesterfield County,-77.59630337,37.42636183
51041100934,51075400500,5,Goochland County,-78.0537926,37.7822625,Chesterfield County,-77.59630337,37.42636183
51041100935,51075400101,2,Goochland County,-77.68299554,37.60434673,Chesterfield County,-77.6593808,37.53790701
51041100935,51075400102,2,Goochland County,-77.68626193,37.67237945,Chesterfield County,-77.6593808,37.53790701
51041100935,51075400200,2,Goochland County,-77.79542232,37.67430492,Chesterfield County,-77.6593808,37.53790701
51041100935,51075400400,1,Goochland County,-77.94915119,37.72443114,Chesterfield County,-77.6593808,37.53790701
51041100935,51075400500,4,Goochland County,-78.0537926,37.7822625,Chesterfield County,-77.6593808,37.53790701
51041100936,51075400101,1,Goochland County,-77.68299554,37.60434673,Chesterfield County,-77.64224285,37.52068898
51041100936,51075400400,1,Goochland County,-77.94915119,37.72443114,Chesterfield County,-77.64224285,37.52068898
51041100937,51075400101,11,Goochland County,-77.68299554,37.60434673,Chesterfield County,-77.65752559,37.45437077
51041100937,51075400102,1,Goochland County,-77.68626193,37.67237945,Chesterfield County,-77.65752559,37.45437077
51041100937,51075400200,5,Goochland County,-77.79542232,37.67430492,Chesterfield County,-77.65752559,37.45437077
51041100937,51075400300,2,Goochland County,-77.86213625,37.65586441,Chesterfield County,-77.65752559,37.45437077
51041100937,51075400400,6,Goochland County,-77.94915119,37.72443114,Chesterfield County,-77.65752559,37.45437077
51041100937,51075400500,7,Goochland County,-78.0537926,37.7822625,Chesterfield County,-77.65752559,37.45437077
51041100938,51075400200,1,Goochland County,-77.79542232,37.67430492,Chesterfield County,-77.71174779,37.47590889
51041100938,51075400500,1,Goochland County,-78.0537926,37.7822625,Chesterfield County,-77.71174779,37.47590889
51041101003,51075400101,1,Goochland County,-77.68299554,37.60434673,Chesterfield County,-77.78210495,37.41900592
51041101003,51075400102,1,Goochland County,-77.68626193,37.67237945,Chesterfield County,-77.78210495,37.41900592
51041101003,51075400200,2,Goochland County,-77.79542232,37.67430492,Chesterfield County,-77.78210495,37.41900592
51041101003,51075400500,2,Goochland County,-78.0537926,37.7822625,Chesterfield County,-77.78210495,37.41900592
51041101007,51075400101,5,Goochland County,-77.68299554,37.60434673,Chesterfield County,-77.671126,37.41933094
51041101007,51075400102,3,Goochland County,-77.68626193,37.67237945,Chesterfield County,-77.671126,37.41933094
51041101007,51075400200,6,Goochland County,-77.79542232,37.67430492,Chesterfield County,-77.671126,37.41933094
51041101007,51075400400,6,Goochland County,-77.94915119,37.72443114,Chesterfield County,-77.671126,37.41933094
51041101007,51075400500,4,Goochland County,-78.0537926,37.7822625,Chesterfield County,-77.671126,37.41933094
51041101008,51075400101,2,Goochland County,-77.68299554,37.60434673,Chesterfield County,-77.70061951,37.41195412
51041101008,51075400400,2,Goochland County,-77.94915119,37.72443114,Chesterfield County,-77.70061951,37.41195412
51041101009,51075400102,1,Goochland County,-77.68626193,37.67237945,Chesterfield County,-77.6982259,37.38527966
51041101009,51075400200,2,Goochland County,-77.79542232,37.67430492,Chesterfield County,-77.6982259,37.38527966
51041101009,51075400400,2,Goochland County,-77.94915119,37.72443114,Chesterfield County,-77.6982259,37.38527966
51041101009,51075400500,3,Goochland County,-78.0537926,37.7822625,Chesterfield County,-77.6982259,37.38527966
51041101011,51075400102,1,Goochland County,-77.68626193,37.67237945,Chesterfield County,-77.65534393,37.3946593
51041101011,51075400400,1,Goochland County,-77.94915119,37.72443114,Chesterfield County,-77.65534393,37.3946593
51041101012,51075400101,4,Goochland County,-77.68299554,37.60434673,Chesterfield County,-77.6384137,37.4080954
51041101012,51075400102,1,Goochland County,-77.68626193,37.67237945,Chesterfield County,-77.6384137,37.4080954
51041101012,51075400200,1,Goochland County,-77.79542232,37.67430492,Chesterfield County,-77.6384137,37.4080954
51041101012,51075400300,1,Goochland County,-77.86213625,37.65586441,Chesterfield County,-77.6384137,37.4080954
51041101012,51075400400,3,Goochland County,-77.94915119,37.72443114,Chesterfield County,-77.6384137,37.4080954
51041101012,51075400500,2,Goochland County,-78.0537926,37.7822625,Chesterfield County,-77.6384137,37.4080954
51041101013,51075400500,1,Goochland County,-78.0537926,37.7822625,Chesterfield County,-77.61817889,37.39472668
51041101014,51075400500,3,Goochland County,-78.0537926,37.7822625,Chesterfield County,-77.63663495,37.36480696
51041101015,51075400400,1,Goochland County,-77.94915119,37.72443114,Chesterfield County,-77.66452095,37.37887289
51041101015,51075400500,2,Goochland County,-78.0537926,37.7822625,Chesterfield County,-77.66452095,37.37887289
51075400101,51075400101,160,Goochland County,-77.68299554,37.60434673,Goochland County,-77.68299554,37.60434673
51075400101,51075400102,50,Goochland County,-77.68626193,37.67237945,Goochland County,-77.68299554,37.60434673
51075400101,51075400200,72,Goochland County,-77.79542232,37.67430492,Goochland County,-77.68299554,37.60434673
51075400101,51075400300,2,Goochland County,-77.86213625,37.65586441,Goochland County,-77.68299554,37.60434673
51075400101,51075400400,99,Goochland County,-77.94915119,37.72443114,Goochland County,-77.68299554,37.60434673
51075400101,51075400500,49,Goochland County,-78.0537926,37.7822625,Goochland County,-77.68299554,37.60434673
51075400102,51075400101,40,Goochland County,-77.68299554,37.60434673,Goochland County,-77.68626193,37.67237945
51075400102,51075400102,119,Goochland County,-77.68626193,37.67237945,Goochland County,-77.68626193,37.67237945
51075400102,51075400200,83,Goochland County,-77.79542232,37.67430492,Goochland County,-77.68626193,37.67237945
51075400102,51075400300,2,Goochland County,-77.86213625,37.65586441,Goochland County,-77.68626193,37.67237945
51075400102,51075400400,83,Goochland County,-77.94915119,37.72443114,Goochland County,-77.68626193,37.67237945
51075400102,51075400500,61,Goochland County,-78.0537926,37.7822625,Goochland County,-77.68626193,37.67237945
51075400200,51075400101,8,Goochland County,-77.68299554,37.60434673,Goochland County,-77.79542232,37.67430492
51075400200,51075400102,17,Goochland County,-77.68626193,37.67237945,Goochland County,-77.79542232,37.67430492
51075400200,51075400200,139,Goochland County,-77.79542232,37.67430492,Goochland County,-77.79542232,37.67430492
51075400200,51075400300,3,Goochland County,-77.86213625,37.65586441,Goochland County,-77.79542232,37.67430492
51075400200,51075400400,47,Goochland County,-77.94915119,37.72443114,Goochland County,-77.79542232,37.67430492
51075400200,51075400500,42,Goochland County,-78.0537926,37.7822625,Goochland County,-77.79542232,37.67430492
51075400300,51075400102,1,Goochland County,-77.68626193,37.67237945,Goochland County,-77.86213625,37.65586441
51075400300,51075400200,10,Goochland County,-77.79542232,37.67430492,Goochland County,-77.86213625,37.65586441
51075400300,51075400300,2,Goochland County,-77.86213625,37.65586441,Goochland County,-77.86213625,37.65586441
51075400300,51075400400,26,Goochland County,-77.94915119,37.72443114,Goochland County,-77.86213625,37.65586441
51075400300,51075400500,5,Goochland County,-78.0537926,37.7822625,Goochland County,-77.86213625,37.65586441
51075400400,51075400101,25,Goochland County,-77.68299554,37.60434673,Goochland County,-77.94915119,37.72443114
51075400400,51075400102,31,Goochland County,-77.68626193,37.67237945,Goochland County,-77.94915119,37.72443114
51075400400,51075400200,103,Goochland County,-77.79542232,37.67430492,Goochland County,-77.94915119,37.72443114
51075400400,51075400300,9,Goochland County,-77.86213625,37.65586441,Goochland County,-77.94915119,37.72443114
51075400400,51075400400,317,Goochland County,-77.94915119,37.72443114,Goochland County,-77.94915119,37.72443114
51075400400,51075400500,173,Goochland County,-78.0537926,37.7822625,Goochland County,-77.94915119,37.72443114
51075400500,51075400200,1,Goochland County,-77.79542232,37.67430492,Goochland County,-78.0537926,37.7822625
51075400500,51075400400,14,Goochland County,-77.94915119,37.72443114,Goochland County,-78.0537926,37.7822625
51075400500,51075400500,44,Goochland County,-78.0537926,37.7822625,Goochland County,-78.0537926,37.7822625
51085320100,51075400101,1,Goochland County,-77.68299554,37.60434673,Hanover County,-77.58500006,37.88594378
51085320100,51075400102,5,Goochland County,-77.68626193,37.67237945,Hanover County,-77.58500006,37.88594378
51085320100,51075400200,7,Goochland County,-77.79542232,37.67430492,Hanover County,-77.58500006,37.88594378
51085320100,51075400400,3,Goochland County,-77.94915119,37.72443114,Hanover County,-77.58500006,37.88594378
51085320100,51075400500,5,Goochland County,-78.0537926,37.7822625,Hanover County,-77.58500006,37.88594378
51085320200,51075400101,7,Goochland County,-77.68299554,37.60434673,Hanover County,-77.68504133,37.80777585
51085320200,51075400102,5,Goochland County,-77.68626193,37.67237945,Hanover County,-77.68504133,37.80777585
51085320200,51075400200,3,Goochland County,-77.79542232,37.67430492,Hanover County,-77.68504133,37.80777585
51085320200,51075400300,1,Goochland County,-77.86213625,37.65586441,Hanover County,-77.68504133,37.80777585
51085320200,51075400400,4,Goochland County,-77.94915119,37.72443114,Hanover County,-77.68504133,37.80777585
51085320200,51075400500,6,Goochland County,-78.0537926,37.7822625,Hanover County,-77.68504133,37.80777585
51085320300,51075400102,8,Goochland County,-77.68626193,37.67237945,Hanover County,-77.6706394,37.73181814
51085320300,51075400200,1,Goochland County,-77.79542232,37.67430492,Hanover County,-77.6706394,37.73181814
51085320300,51075400400,5,Goochland County,-77.94915119,37.72443114,Hanover County,-77.6706394,37.73181814
51085320300,51075400500,7,Goochland County,-78.0537926,37.7822625,Hanover County,-77.6706394,37.73181814
51085320400,51075400101,8,Goochland County,-77.68299554,37.60434673,Hanover County,-77.53119038,37.72350989
51085320400,51075400102,14,Goochland County,-77.68626193,37.67237945,Hanover County,-77.53119038,37.72350989
51085320400,51075400200,17,Goochland County,-77.79542232,37.67430492,Hanover County,-77.53119038,37.72350989
51085320400,51075400300,1,Goochland County,-77.86213625,37.65586441,Hanover County,-77.53119038,37.72350989
51085320400,51075400400,18,Goochland County,-77.94915119,37.72443114,Hanover County,-77.53119038,37.72350989
51085320400,51075400500,17,Goochland County,-78.0537926,37.7822625,Hanover County,-77.53119038,37.72350989
51085320500,51075400101,1,Goochland County,-77.68299554,37.60434673,Hanover County,-77.52199663,37.77211832
51085320500,51075400102,3,Goochland County,-77.68626193,37.67237945,Hanover County,-77.52199663,37.77211832
51085320500,51075400200,5,Goochland County,-77.79542232,37.67430492,Hanover County,-77.52199663,37.77211832
51085320500,51075400400,1,Goochland County,-77.94915119,37.72443114,Hanover County,-77.52199663,37.77211832
51085320601,51075400101,13,Goochland County,-77.68299554,37.60434673,Hanover County,-77.47144709,37.77593334
51085320601,51075400102,9,Goochland County,-77.68626193,37.67237945,Hanover County,-77.47144709,37.77593334
51085320601,51075400200,13,Goochland County,-77.79542232,37.67430492,Hanover County,-77.47144709,37.77593334
51085320601,51075400400,13,Goochland County,-77.94915119,37.72443114,Hanover County,-77.47144709,37.77593334
51085320601,51075400500,7,Goochland County,-78.0537926,37.7822625,Hanover County,-77.47144709,37.77593334
51085320602,51075400101,12,Goochland County,-77.68299554,37.60434673,Hanover County,-77.47318377,37.74416695
51085320602,51075400102,9,Goochland County,-77.68626193,37.67237945,Hanover County,-77.47318377,37.74416695
51085320602,51075400200,7,Goochland County,-77.79542232,37.67430492,Hanover County,-77.47318377,37.74416695
51085320602,51075400300,1,Goochland County,-77.86213625,37.65586441,Hanover County,-77.47318377,37.74416695
51085320602,51075400400,13,Goochland County,-77.94915119,37.72443114,Hanover County,-77.47318377,37.74416695
51085320602,51075400500,28,Goochland County,-78.0537926,37.7822625,Hanover County,-77.47318377,37.74416695
51085320701,51075400102,1,Goochland County,-77.68626193,37.67237945,Hanover County,-77.40541715,37.75339045
51085320702,51075400101,1,Goochland County,-77.68299554,37.60434673,Hanover County,-77.33973544,37.72429497
51085320702,51075400102,3,Goochland County,-77.68626193,37.67237945,Hanover County,-77.33973544,37.72429497
51085320702,51075400200,8,Goochland County,-77.79542232,37.67430492,Hanover County,-77.33973544,37.72429497
51085320702,51075400300,1,Goochland County,-77.86213625,37.65586441,Hanover County,-77.33973544,37.72429497
51085320702,51075400400,7,Goochland County,-77.94915119,37.72443114,Hanover County,-77.33973544,37.72429497
51085320702,51075400500,11,Goochland County,-78.0537926,37.7822625,Hanover County,-77.33973544,37.72429497
51085320801,51075400101,15,Goochland County,-77.68299554,37.60434673,Hanover County,-77.43517464,37.72101115
51085320801,51075400102,16,Goochland County,-77.68626193,37.67237945,Hanover County,-77.43517464,37.72101115
51085320801,51075400200,31,Goochland County,-77.79542232,37.67430492,Hanover County,-77.43517464,37.72101115
51085320801,51075400300,1,Goochland County,-77.86213625,37.65586441,Hanover County,-77.43517464,37.72101115
51085320801,51075400400,35,Goochland County,-77.94915119,37.72443114,Hanover County,-77.43517464,37.72101115
51085320801,51075400500,25,Goochland County,-78.0537926,37.7822625,Hanover County,-77.43517464,37.72101115
51085320803,51075400101,3,Goochland County,-77.68299554,37.60434673,Hanover County,-77.40178469,37.67555472
51085320803,51075400200,5,Goochland County,-77.79542232,37.67430492,Hanover County,-77.40178469,37.67555472
51085320803,51075400300,1,Goochland County,-77.86213625,37.65586441,Hanover County,-77.40178469,37.67555472
51085320803,51075400400,1,Goochland County,-77.94915119,37.72443114,Hanover County,-77.40178469,37.67555472
51085320803,51075400500,2,Goochland County,-78.0537926,37.7822625,Hanover County,-77.40178469,37.67555472
51085320804,51075400101,3,Goochland County,-77.68299554,37.60434673,Hanover County,-77.42040307,37.68215954
51085320804,51075400102,1,Goochland County,-77.68626193,37.67237945,Hanover County,-77.42040307,37.68215954
51085320804,51075400200,3,Goochland County,-77.79542232,37.67430492,Hanover County,-77.42040307,37.68215954
51085320804,51075400400,1,Goochland County,-77.94915119,37.72443114,Hanover County,-77.42040307,37.68215954
51085320804,51075400500,1,Goochland County,-78.0537926,37.7822625,Hanover County,-77.42040307,37.68215954
51085320805,51075400102,1,Goochland County,-77.68626193,37.67237945,Hanover County,-77.42512268,37.6646678
51085320805,51075400400,2,Goochland County,-77.94915119,37.72443114,Hanover County,-77.42512268,37.6646678
51085320805,51075400500,2,Goochland County,-78.0537926,37.7822625,Hanover County,-77.42512268,37.6646678
51085320901,51075400101,2,Goochland County,-77.68299554,37.60434673,Hanover County,-77.35950464,37.65874207
51085320901,51075400102,6,Goochland County,-77.68626193,37.67237945,Hanover County,-77.35950464,37.65874207
51085320901,51075400200,1,Goochland County,-77.79542232,37.67430492,Hanover County,-77.35950464,37.65874207
51085320902,51075400101,14,Goochland County,-77.68299554,37.60434673,Hanover County,-77.38681578,37.63660736
51085320902,51075400102,15,Goochland County,-77.68626193,37.67237945,Hanover County,-77.38681578,37.63660736
51085320902,51075400200,21,Goochland County,-77.79542232,37.67430492,Hanover County,-77.38681578,37.63660736
51085320902,51075400300,3,Goochland County,-77.86213625,37.65586441,Hanover County,-77.38681578,37.63660736
51085320902,51075400400,42,Goochland County,-77.94915119,37.72443114,Hanover County,-77.38681578,37.63660736
51085320902,51075400500,14,Goochland County,-78.0537926,37.7822625,Hanover County,-77.38681578,37.63660736
51085321001,51075400101,1,Goochland County,-77.68299554,37.60434673,Hanover County,-77.35319382,37.62262564
51085321001,51075400102,3,Goochland County,-77.68626193,37.67237945,Hanover County,-77.35319382,37.62262564
51085321001,51075400200,3,Goochland County,-77.79542232,37.67430492,Hanover County,-77.35319382,37.62262564
51085321003,51075400102,2,Goochland County,-77.68626193,37.67237945,Hanover County,-77.3176218,37.62396679
51085321003,51075400400,1,Goochland County,-77.94915119,37.72443114,Hanover County,-77.3176218,37.62396679
51085321003,51075400500,2,Goochland County,-78.0537926,37.7822625,Hanover County,-77.3176218,37.62396679
51085321100,51075400101,6,Goochland County,-77.68299554,37.60434673,Hanover County,-77.38262891,37.61242252
51085321100,51075400102,2,Goochland County,-77.68626193,37.67237945,Hanover County,-77.38262891,37.61242252
51085321100,51075400200,8,Goochland County,-77.79542232,37.67430492,Hanover County,-77.38262891,37.61242252
51085321100,51075400400,13,Goochland County,-77.94915119,37.72443114,Hanover County,-77.38262891,37.61242252
51085321100,51075400500,3,Goochland County,-78.0537926,37.7822625,Hanover County,-77.38262891,37.61242252
51085321201,51075400102,4,Goochland County,-77.68626193,37.67237945,Hanover County,-77.32329616,37.5880924
51085321201,51075400200,2,Goochland County,-77.79542232,37.67430492,Hanover County,-77.32329616,37.5880924
51085321201,51075400400,7,Goochland County,-77.94915119,37.72443114,Hanover County,-77.32329616,37.5880924
51085321201,51075400500,5,Goochland County,-78.0537926,37.7822625,Hanover County,-77.32329616,37.5880924
51085321202,51075400400,1,Goochland County,-77.94915119,37.72443114,Hanover County,-77.34349514,37.58490558
51085321202,51075400500,1,Goochland County,-78.0537926,37.7822625,Hanover County,-77.34349514,37.58490558
51085321300,51075400101,2,Goochland County,-77.68299554,37.60434673,Hanover County,-77.29680248,37.59112522
51085321300,51075400102,4,Goochland County,-77.68626193,37.67237945,Hanover County,-77.29680248,37.59112522
51085321300,51075400200,4,Goochland County,-77.79542232,37.67430492,Hanover County,-77.29680248,37.59112522
51085321300,51075400300,1,Goochland County,-77.86213625,37.65586441,Hanover County,-77.29680248,37.59112522
51085321300,51075400400,5,Goochland County,-77.94915119,37.72443114,Hanover County,-77.29680248,37.59112522
51085321300,51075400500,3,Goochland County,-78.0537926,37.7822625,Hanover County,-77.29680248,37.59112522
51087200106,51075400101,3,Goochland County,-77.68299554,37.60434673,Henrico County,-77.57897181,37.60083859
51087200106,51075400102,5,Goochland County,-77.68626193,37.67237945,Henrico County,-77.57897181,37.60083859
51087200106,51075400200,5,Goochland County,-77.79542232,37.67430492,Henrico County,-77.57897181,37.60083859
51087200106,51075400400,6,Goochland County,-77.94915119,37.72443114,Henrico County,-77.57897181,37.60083859
51087200106,51075400500,1,Goochland County,-78.0537926,37.7822625,Henrico County,-77.57897181,37.60083859
51087200108,51075400101,12,Goochland County,-77.68299554,37.60434673,Henrico County,-77.59336363,37.56692279
51087200108,51075400102,3,Goochland County,-77.68626193,37.67237945,Henrico County,-77.59336363,37.56692279
51087200108,51075400200,6,Goochland County,-77.79542232,37.67430492,Henrico County,-77.59336363,37.56692279
51087200108,51075400400,7,Goochland County,-77.94915119,37.72443114,Henrico County,-77.59336363,37.56692279
51087200108,51075400500,1,Goochland County,-78.0537926,37.7822625,Henrico County,-77.59336363,37.56692279
51087200109,51075400101,3,Goochland County,-77.68299554,37.60434673,Henrico County,-77.56677282,37.57877141
51087200109,51075400102,4,Goochland County,-77.68626193,37.67237945,Henrico County,-77.56677282,37.57877141
51087200109,51075400200,2,Goochland County,-77.79542232,37.67430492,Henrico County,-77.56677282,37.57877141
51087200109,51075400500,1,Goochland County,-78.0537926,37.7822625,Henrico County,-77.56677282,37.57877141
51087200122,51075400101,4,Goochland County,-77.68299554,37.60434673,Henrico County,-77.62337175,37.6271046
51087200122,51075400102,3,Goochland County,-77.68626193,37.67237945,Henrico County,-77.62337175,37.6271046
51087200122,51075400200,3,Goochland County,-77.79542232,37.67430492,Henrico County,-77.62337175,37.6271046
51087200122,51075400400,2,Goochland County,-77.94915119,37.72443114,Henrico County,-77.62337175,37.6271046
51087200122,51075400500,3,Goochland County,-78.0537926,37.7822625,Henrico County,-77.62337175,37.6271046
51087200123,51075400102,1,Goochland County,-77.68626193,37.67237945,Henrico County,-77.64343651,37.61691867
51087200123,51075400200,2,Goochland County,-77.79542232,37.67430492,Henrico County,-77.64343651,37.61691867
51087200123,51075400400,1,Goochland County,-77.94915119,37.72443114,Henrico County,-77.64343651,37.61691867
51087200123,51075400500,1,Goochland County,-78.0537926,37.7822625,Henrico County,-77.64343651,37.61691867
51087200124,51075400101,14,Goochland County,-77.68299554,37.60434673,Henrico County,-77.62223472,37.61613825
51087200124,51075400102,2,Goochland County,-77.68626193,37.67237945,Henrico County,-77.62223472,37.61613825
51087200124,51075400200,1,Goochland County,-77.79542232,37.67430492,Henrico County,-77.62223472,37.61613825
51087200124,51075400400,6,Goochland County,-77.94915119,37.72443114,Henrico County,-77.62223472,37.61613825
51087200124,51075400500,2,Goochland County,-78.0537926,37.7822625,Henrico County,-77.62223472,37.61613825
51087200126,51075400101,3,Goochland County,-77.68299554,37.60434673,Henrico County,-77.55101382,37.63318897
51087200126,51075400102,7,Goochland County,-77.68626193,37.67237945,Henrico County,-77.55101382,37.63318897
51087200126,51075400200,8,Goochland County,-77.79542232,37.67430492,Henrico County,-77.55101382,37.63318897
51087200126,51075400400,8,Goochland County,-77.94915119,37.72443114,Henrico County,-77.55101382,37.63318897
51087200126,51075400500,6,Goochland County,-78.0537926,37.7822625,Henrico County,-77.55101382,37.63318897
51087200127,51075400101,4,Goochland County,-77.68299554,37.60434673,Henrico County,-77.59024487,37.63015772
51087200127,51075400102,6,Goochland County,-77.68626193,37.67237945,Henrico County,-77.59024487,37.63015772
51087200127,51075400200,4,Goochland County,-77.79542232,37.67430492,Henrico County,-77.59024487,37.63015772
51087200127,51075400400,4,Goochland County,-77.94915119,37.72443114,Henrico County,-77.59024487,37.63015772
51087200127,51075400500,5,Goochland County,-78.0537926,37.7822625,Henrico County,-77.59024487,37.63015772
51087200131,51075400101,21,Goochland County,-77.68299554,37.60434673,Henrico County,-77.54464367,37.60605475
51087200131,51075400102,29,Goochland County,-77.68626193,37.67237945,Henrico County,-77.54464367,37.60605475
51087200131,51075400200,39,Goochland County,-77.79542232,37.67430492,Henrico County,-77.54464367,37.60605475
51087200131,51075400400,23,Goochland County,-77.94915119,37.72443114,Henrico County,-77.54464367,37.60605475
51087200131,51075400500,18,Goochland County,-78.0537926,37.7822625,Henrico County,-77.54464367,37.60605475
51087200132,51075400101,2,Goochland County,-77.68299554,37.60434673,Henrico County,-77.55332965,37.61321047
51087200132,51075400102,4,Goochland County,-77.68626193,37.67237945,Henrico County,-77.55332965,37.61321047
51087200132,51075400200,2,Goochland County,-77.79542232,37.67430492,Henrico County,-77.55332965,37.61321047
51087200132,51075400400,3,Goochland County,-77.94915119,37.72443114,Henrico County,-77.55332965,37.61321047
51087200133,51075400101,1,Goochland County,-77.68299554,37.60434673,Henrico County,-77.61147789,37.5922495
51087200133,51075400102,2,Goochland County,-77.68626193,37.67237945,Henrico County,-77.61147789,37.5922495
51087200133,51075400200,2,Goochland County,-77.79542232,37.67430492,Henrico County,-77.61147789,37.5922495
51087200133,51075400400,4,Goochland County,-77.94915119,37.72443114,Henrico County,-77.61147789,37.5922495
51087200133,51075400500,1,Goochland County,-78.0537926,37.7822625,Henrico County,-77.61147789,37.5922495
51087200134,51075400101,18,Goochland County,-77.68299554,37.60434673,Henrico County,-77.58656913,37.58704275
51087200134,51075400102,3,Goochland County,-77.68626193,37.67237945,Henrico County,-77.58656913,37.58704275
51087200134,51075400200,10,Goochland County,-77.79542232,37.67430492,Henrico County,-77.58656913,37.58704275
51087200134,51075400400,5,Goochland County,-77.94915119,37.72443114,Henrico County,-77.58656913,37.58704275
51087200134,51075400500,4,Goochland County,-78.0537926,37.7822625,Henrico County,-77.58656913,37.58704275
51087200135,51075400101,2,Goochland County,-77.68299554,37.60434673,Henrico County,-77.60514833,37.60266812
51087200135,51075400102,2,Goochland County,-77.68626193,37.67237945,Henrico County,-77.60514833,37.60266812
51087200135,51075400500,3,Goochland County,-78.0537926,37.7822625,Henrico County,-77.60514833,37.60266812
51087200136,51075400101,5,Goochland County,-77.68299554,37.60434673,Henrico County,-77.62708198,37.60516301
51087200136,51075400102,5,Goochland County,-77.68626193,37.67237945,Henrico County,-77.62708198,37.60516301
51087200136,51075400200,4,Goochland County,-77.79542232,37.67430492,Henrico County,-77.62708198,37.60516301
51087200136,51075400400,2,Goochland County,-77.94915119,37.72443114,Henrico County,-77.62708198,37.60516301
51087200136,51075400500,8,Goochland County,-78.0537926,37.7822625,Henrico County,-77.62708198,37.60516301
51087200137,51075400101,1,Goochland County,-77.68299554,37.60434673,Henrico County,-77.58334569,37.61247448
51087200138,51075400101,6,Goochland County,-77.68299554,37.60434673,Henrico County,-77.59701807,37.61568705
51087200138,51075400102,1,Goochland County,-77.68626193,37.67237945,Henrico County,-77.59701807,37.61568705
51087200138,51075400200,5,Goochland County,-77.79542232,37.67430492,Henrico County,-77.59701807,37.61568705
51087200138,51075400400,7,Goochland County,-77.94915119,37.72443114,Henrico County,-77.59701807,37.61568705
51087200138,51075400500,2,Goochland County,-78.0537926,37.7822625,Henrico County,-77.59701807,37.61568705
51087200139,51075400200,3,Goochland County,-77.79542232,37.67430492,Henrico County,-77.6434502,37.6348655
51087200139,51075400400,1,Goochland County,-77.94915119,37.72443114,Henrico County,-77.6434502,37.6348655
51087200140,51075400101,22,Goochland County,-77.68299554,37.60434673,Henrico County,-77.63679408,37.65532899
51087200140,51075400102,14,Goochland County,-77.68626193,37.67237945,Henrico County,-77.63679408,37.65532899
51087200140,51075400200,25,Goochland County,-77.79542232,37.67430492,Henrico County,-77.63679408,37.65532899
51087200140,51075400400,22,Goochland County,-77.94915119,37.72443114,Henrico County,-77.63679408,37.65532899
51087200140,51075400500,21,Goochland County,-78.0537926,37.7822625,Henrico County,-77.63679408,37.65532899
51087200141,51075400101,12,Goochland County,-77.68299554,37.60434673,Henrico County,-77.62796055,37.65015182
51087200141,51075400102,10,Goochland County,-77.68626193,37.67237945,Henrico County,-77.62796055,37.65015182
51087200141,51075400200,6,Goochland County,-77.79542232,37.67430492,Henrico County,-77.62796055,37.65015182
51087200141,51075400400,15,Goochland County,-77.94915119,37.72443114,Henrico County,-77.62796055,37.65015182
51087200141,51075400500,4,Goochland County,-78.0537926,37.7822625,Henrico County,-77.62796055,37.65015182
51087200142,51075400101,1,Goochland County,-77.68299554,37.60434673,Henrico County,-77.62292089,37.63989342
51087200142,51075400102,2,Goochland County,-77.68626193,37.67237945,Henrico County,-77.62292089,37.63989342
51087200142,51075400200,5,Goochland County,-77.79542232,37.67430492,Henrico County,-77.62292089,37.63989342
51087200142,51075400400,5,Goochland County,-77.94915119,37.72443114,Henrico County,-77.62292089,37.63989342
51087200142,51075400500,1,Goochland County,-78.0537926,37.7822625,Henrico County,-77.62292089,37.63989342
51087200144,51075400101,10,Goochland County,-77.68299554,37.60434673,Henrico County,-77.60250445,37.64853829
51087200144,51075400102,16,Goochland County,-77.68626193,37.67237945,Henrico County,-77.60250445,37.64853829
51087200144,51075400200,10,Goochland County,-77.79542232,37.67430492,Henrico County,-77.60250445,37.64853829
51087200144,51075400300,1,Goochland County,-77.86213625,37.65586441,Henrico County,-77.60250445,37.64853829
51087200144,51075400400,13,Goochland County,-77.94915119,37.72443114,Henrico County,-77.60250445,37.64853829
51087200144,51075400500,9,Goochland County,-78.0537926,37.7822625,Henrico County,-77.60250445,37.64853829
51087200145,51075400102,3,Goochland County,-77.68626193,37.67237945,Henrico County,-77.62091788,37.69726831
51087200146,51075400102,1,Goochland County,-77.68626193,37.67237945,Henrico County,-77.6045801,37.69833912
51087200146,51075400200,3,Goochland County,-77.79542232,37.67430492,Henrico County,-77.6045801,37.69833912
51087200147,51075400101,2,Goochland County,-77.68299554,37.60434673,Henrico County,-77.62263732,37.67762241
51087200147,51075400102,4,Goochland County,-77.68626193,37.67237945,Henrico County,-77.62263732,37.67762241
51087200147,51075400200,3,Goochland County,-77.79542232,37.67430492,Henrico County,-77.62263732,37.67762241
51087200147,51075400300,2,Goochland County,-77.86213625,37.65586441,Henrico County,-77.62263732,37.67762241
51087200147,51075400400,1,Goochland County,-77.94915119,37.72443114,Henrico County,-77.62263732,37.67762241
51087200148,51075400101,9,Goochland County,-77.68299554,37.60434673,Henrico County,-77.57818533,37.68231409
51087200148,51075400102,3,Goochland County,-77.68626193,37.67237945,Henrico County,-77.57818533,37.68231409
51087200148,51075400200,17,Goochland County,-77.79542232,37.67430492,Henrico County,-77.57818533,37.68231409
51087200148,51075400400,17,Goochland County,-77.94915119,37.72443114,Henrico County,-77.57818533,37.68231409
51087200148,51075400500,6,Goochland County,-78.0537926,37.7822625,Henrico County,-77.57818533,37.68231409
51087200149,51075400101,3,Goochland County,-77.68299554,37.60434673,Henrico County,-77.60039992,37.66826832
51087200149,51075400102,13,Goochland County,-77.68626193,37.67237945,Henrico County,-77.60039992,37.66826832
51087200149,51075400200,21,Goochland County,-77.79542232,37.67430492,Henrico County,-77.60039992,37.66826832
51087200149,51075400400,8,Goochland County,-77.94915119,37.72443114,Henrico County,-77.60039992,37.66826832
51087200149,51075400500,4,Goochland County,-78.0537926,37.7822625,Henrico County,-77.60039992,37.66826832
51087200150,51075400101,85,Goochland County,-77.68299554,37.60434673,Henrico County,-77.5758222,37.66460693
51087200150,51075400102,110,Goochland County,-77.68626193,37.67237945,Henrico County,-77.5758222,37.66460693
51087200150,51075400200,71,Goochland County,-77.79542232,37.67430492,Henrico County,-77.5758222,37.66460693
51087200150,51075400300,1,Goochland County,-77.86213625,37.65586441,Henrico County,-77.5758222,37.66460693
51087200150,51075400400,93,Goochland County,-77.94915119,37.72443114,Henrico County,-77.5758222,37.66460693
51087200150,51075400500,42,Goochland County,-78.0537926,37.7822625,Henrico County,-77.5758222,37.66460693
51087200151,51075400101,50,Goochland County,-77.68299554,37.60434673,Henrico County,-77.57184309,37.64822505
51087200151,51075400102,73,Goochland County,-77.68626193,37.67237945,Henrico County,-77.57184309,37.64822505
51087200151,51075400200,68,Goochland County,-77.79542232,37.67430492,Henrico County,-77.57184309,37.64822505
51087200151,51075400300,2,Goochland County,-77.86213625,37.65586441,Henrico County,-77.57184309,37.64822505
51087200151,51075400400,65,Goochland County,-77.94915119,37.72443114,Henrico County,-77.57184309,37.64822505
51087200151,51075400500,35,Goochland County,-78.0537926,37.7822625,Henrico County,-77.57184309,37.64822505
51087200152,51075400101,1,Goochland County,-77.68299554,37.60434673,Henrico County,-77.56512365,37.62289285
51087200152,51075400200,4,Goochland County,-77.79542232,37.67430492,Henrico County,-77.56512365,37.62289285
51087200152,51075400400,3,Goochland County,-77.94915119,37.72443114,Henrico County,-77.56512365,37.62289285
51087200153,51075400101,8,Goochland County,-77.68299554,37.60434673,Henrico County,-77.57100175,37.6124798
51087200153,51075400102,9,Goochland County,-77.68626193,37.67237945,Henrico County,-77.57100175,37.6124798
51087200153,51075400200,4,Goochland County,-77.79542232,37.67430492,Henrico County,-77.57100175,37.6124798
51087200153,51075400400,9,Goochland County,-77.94915119,37.72443114,Henrico County,-77.57100175,37.6124798
51087200153,51075400500,5,Goochland County,-78.0537926,37.7822625,Henrico County,-77.57100175,37.6124798
51087200201,51075400101,8,Goochland County,-77.68299554,37.60434673,Henrico County,-77.55710982,37.5942083
51087200201,51075400102,2,Goochland County,-77.68626193,37.67237945,Henrico County,-77.55710982,37.5942083
51087200201,51075400200,6,Goochland County,-77.79542232,37.67430492,Henrico County,-77.55710982,37.5942083
51087200201,51075400400,1,Goochland County,-77.94915119,37.72443114,Henrico County,-77.55710982,37.5942083
51087200202,51075400101,4,Goochland County,-77.68299554,37.60434673,Henrico County,-77.5436194,37.58699555
51087200202,51075400102,2,Goochland County,-77.68626193,37.67237945,Henrico County,-77.5436194,37.58699555
51087200202,51075400200,2,Goochland County,-77.79542232,37.67430492,Henrico County,-77.5436194,37.58699555
51087200202,51075400400,2,Goochland County,-77.94915119,37.72443114,Henrico County,-77.5436194,37.58699555
51087200202,51075400500,2,Goochland County,-78.0537926,37.7822625,Henrico County,-77.5436194,37.58699555
51087200301,51075400101,17,Goochland County,-77.68299554,37.60434673,Henrico County,-77.50257913,37.58246563
51087200301,51075400102,9,Goochland County,-77.68626193,37.67237945,Henrico County,-77.50257913,37.58246563
51087200301,51075400200,16,Goochland County,-77.79542232,37.67430492,Henrico County,-77.50257913,37.58246563
51087200301,51075400400,16,Goochland County,-77.94915119,37.72443114,Henrico County,-77.50257913,37.58246563
51087200301,51075400500,7,Goochland County,-78.0537926,37.7822625,Henrico County,-77.50257913,37.58246563
51087200302,51075400101,30,Goochland County,-77.68299554,37.60434673,Henrico County,-77.5175129,37.58983732
51087200302,51075400102,33,Goochland County,-77.68626193,37.67237945,Henrico County,-77.5175129,37.58983732
51087200302,51075400200,34,Goochland County,-77.79542232,37.67430492,Henrico County,-77.5175129,37.58983732
51087200302,51075400300,2,Goochland County,-77.86213625,37.65586441,Henrico County,-77.5175129,37.58983732
51087200302,51075400400,42,Goochland County,-77.94915119,37.72443114,Henrico County,-77.5175129,37.58983732
51087200302,51075400500,22,Goochland County,-78.0537926,37.7822625,Henrico County,-77.5175129,37.58983732
51087200303,51075400101,45,Goochland County,-77.68299554,37.60434673,Henrico County,-77.52659472,37.60165473
51087200303,51075400102,23,Goochland County,-77.68626193,37.67237945,Henrico County,-77.52659472,37.60165473
51087200303,51075400200,38,Goochland County,-77.79542232,37.67430492,Henrico County,-77.52659472,37.60165473
51087200303,51075400400,39,Goochland County,-77.94915119,37.72443114,Henrico County,-77.52659472,37.60165473
51087200303,51075400500,17,Goochland County,-78.0537926,37.7822625,Henrico County,-77.52659472,37.60165473
51087200305,51075400101,28,Goochland County,-77.68299554,37.60434673,Henrico County,-77.53402557,37.61864238
51087200305,51075400102,22,Goochland County,-77.68626193,37.67237945,Henrico County,-77.53402557,37.61864238
51087200305,51075400200,7,Goochland County,-77.79542232,37.67430492,Henrico County,-77.53402557,37.61864238
51087200305,51075400400,14,Goochland County,-77.94915119,37.72443114,Henrico County,-77.53402557,37.61864238
51087200305,51075400500,4,Goochland County,-78.0537926,37.7822625,Henrico County,-77.53402557,37.61864238
51087200404,51075400101,12,Goochland County,-77.68299554,37.60434673,Henrico County,-77.50273764,37.60703991
51087200404,51075400102,2,Goochland County,-77.68626193,37.67237945,Henrico County,-77.50273764,37.60703991
51087200404,51075400200,13,Goochland County,-77.79542232,37.67430492,Henrico County,-77.50273764,37.60703991
51087200404,51075400300,1,Goochland County,-77.86213625,37.65586441,Henrico County,-77.50273764,37.60703991
51087200404,51075400400,11,Goochland County,-77.94915119,37.72443114,Henrico County,-77.50273764,37.60703991
51087200404,51075400500,3,Goochland County,-78.0537926,37.7822625,Henrico County,-77.50273764,37.60703991
51087200407,51075400101,3,Goochland County,-77.68299554,37.60434673,Henrico County,-77.54576825,37.64290272
51087200407,51075400102,11,Goochland County,-77.68626193,37.67237945,Henrico County,-77.54576825,37.64290272
51087200407,51075400200,8,Goochland County,-77.79542232,37.67430492,Henrico County,-77.54576825,37.64290272
51087200407,51075400300,1,Goochland County,-77.86213625,37.65586441,Henrico County,-77.54576825,37.64290272
51087200407,51075400400,7,Goochland County,-77.94915119,37.72443114,Henrico County,-77.54576825,37.64290272
51087200407,51075400500,8,Goochland County,-78.0537926,37.7822625,Henrico County,-77.54576825,37.64290272
51087200409,51075400101,21,Goochland County,-77.68299554,37.60434673,Henrico County,-77.51825817,37.62639342
51087200409,51075400102,15,Goochland County,-77.68626193,37.67237945,Henrico County,-77.51825817,37.62639342
51087200409,51075400200,13,Goochland County,-77.79542232,37.67430492,Henrico County,-77.51825817,37.62639342
51087200409,51075400400,28,Goochland County,-77.94915119,37.72443114,Henrico County,-77.51825817,37.62639342
51087200409,51075400500,18,Goochland County,-78.0537926,37.7822625,Henrico County,-77.51825817,37.62639342
51087200411,51075400102,3,Goochland County,-77.68626193,37.67237945,Henrico County,-77.52773459,37.63924298
51087200411,51075400200,1,Goochland County,-77.79542232,37.67430492,Henrico County,-77.52773459,37.63924298
51087200411,51075400400,2,Goochland County,-77.94915119,37.72443114,Henrico County,-77.52773459,37.63924298
51087200411,51075400500,2,Goochland County,-78.0537926,37.7822625,Henrico County,-77.52773459,37.63924298
51087200412,51075400101,2,Goochland County,-77.68299554,37.60434673,Henrico County,-77.51814096,37.63357193
51087200412,51075400102,1,Goochland County,-77.68626193,37.67237945,Henrico County,-77.51814096,37.63357193
51087200412,51075400400,2,Goochland County,-77.94915119,37.72443114,Henrico County,-77.51814096,37.63357193
51087200413,51075400101,1,Goochland County,-77.68299554,37.60434673,Henrico County,-77.53430458,37.6575813
51087200413,51075400102,2,Goochland County,-77.68626193,37.67237945,Henrico County,-77.53430458,37.6575813
51087200413,51075400200,1,Goochland County,-77.79542232,37.67430492,Henrico County,-77.53430458,37.6575813
51087200413,51075400400,4,Goochland County,-77.94915119,37.72443114,Henrico County,-77.53430458,37.6575813
51087200413,51075400500,3,Goochland County,-78.0537926,37.7822625,Henrico County,-77.53430458,37.6575813
51087200414,51075400200,2,Goochland County,-77.79542232,37.67430492,Henrico County,-77.55239917,37.66159884
51087200415,51075400102,1,Goochland County,-77.68626193,37.67237945,Henrico County,-77.51746876,37.68940593
51087200415,51075400200,3,Goochland County,-77.79542232,37.67430492,Henrico County,-77.51746876,37.68940593
51087200415,51075400400,4,Goochland County,-77.94915119,37.72443114,Henrico County,-77.51746876,37.68940593
51087200416,51075400102,3,Goochland County,-77.68626193,37.67237945,Henrico County,-77.51857493,37.66649495
51087200416,51075400200,2,Goochland County,-77.79542232,37.67430492,Henrico County,-77.51857493,37.66649495
51087200416,51075400400,1,Goochland County,-77.94915119,37.72443114,Henrico County,-77.51857493,37.66649495
51087200417,51075400101,4,Goochland County,-77.68299554,37.60434673,Henrico County,-77.50921201,37.61422594
51087200417,51075400200,4,Goochland County,-77.79542232,37.67430492,Henrico County,-77.50921201,37.61422594
51087200417,51075400400,2,Goochland County,-77.94915119,37.72443114,Henrico County,-77.50921201,37.61422594
51087200417,51075400500,6,Goochland County,-78.0537926,37.7822625,Henrico County,-77.50921201,37.61422594
51087200418,51075400101,1,Goochland County,-77.68299554,37.60434673,Henrico County,-77.51315144,37.61902476
51087200418,51075400102,2,Goochland County,-77.68626193,37.67237945,Henrico County,-77.51315144,37.61902476
51087200418,51075400200,2,Goochland County,-77.79542232,37.67430492,Henrico County,-77.51315144,37.61902476
51087200418,51075400400,3,Goochland County,-77.94915119,37.72443114,Henrico County,-77.51315144,37.61902476
51087200418,51075400500,3,Goochland County,-78.0537926,37.7822625,Henrico County,-77.51315144,37.61902476
51087200501,51075400101,14,Goochland County,-77.68299554,37.60434673,Henrico County,-77.50228344,37.59564632
51087200501,51075400102,26,Goochland County,-77.68626193,37.67237945,Henrico County,-77.50228344,37.59564632
51087200501,51075400200,25,Goochland County,-77.79542232,37.67430492,Henrico County,-77.50228344,37.59564632
51087200501,51075400400,37,Goochland County,-77.94915119,37.72443114,Henrico County,-77.50228344,37.59564632
51087200501,51075400500,23,Goochland County,-78.0537926,37.7822625,Henrico County,-77.50228344,37.59564632
51087200502,51075400101,29,Goochland County,-77.68299554,37.60434673,Henrico County,-77.48519758,37.59358062
51087200502,51075400102,29,Goochland County,-77.68626193,37.67237945,Henrico County,-77.48519758,37.59358062
51087200502,51075400200,34,Goochland County,-77.79542232,37.67430492,Henrico County,-77.48519758,37.59358062
51087200502,51075400300,2,Goochland County,-77.86213625,37.65586441,Henrico County,-77.48519758,37.59358062
51087200502,51075400400,32,Goochland County,-77.94915119,37.72443114,Henrico County,-77.48519758,37.59358062
51087200502,51075400500,25,Goochland County,-78.0537926,37.7822625,Henrico County,-77.48519758,37.59358062
51087200503,51075400101,16,Goochland County,-77.68299554,37.60434673,Henrico County,-77.49654127,37.63008676
51087200503,51075400102,10,Goochland County,-77.68626193,37.67237945,Henrico County,-77.49654127,37.63008676
51087200503,51075400200,15,Goochland County,-77.79542232,37.67430492,Henrico County,-77.49654127,37.63008676
51087200503,51075400400,23,Goochland County,-77.94915119,37.72443114,Henrico County,-77.49654127,37.63008676
51087200503,51075400500,11,Goochland County,-78.0537926,37.7822625,Henrico County,-77.49654127,37.63008676
51087200600,51075400200,1,Goochland County,-77.79542232,37.67430492,Henrico County,-77.47840852,37.61144682
51087200600,51075400300,1,Goochland County,-77.86213625,37.65586441,Henrico County,-77.47840852,37.61144682
51087200600,51075400400,2,Goochland County,-77.94915119,37.72443114,Henrico County,-77.47840852,37.61144682
51087200600,51075400500,2,Goochland County,-78.0537926,37.7822625,Henrico County,-77.47840852,37.61144682
51087200700,51075400101,3,Goochland County,-77.68299554,37.60434673,Henrico County,-77.46366725,37.60727901
51087200700,51075400102,4,Goochland County,-77.68626193,37.67237945,Henrico County,-77.46366725,37.60727901
51087200700,51075400200,13,Goochland County,-77.79542232,37.67430492,Henrico County,-77.46366725,37.60727901
51087200700,51075400500,2,Goochland County,-78.0537926,37.7822625,Henrico County,-77.46366725,37.60727901
51087200801,51075400101,15,Goochland County,-77.68299554,37.60434673,Henrico County,-77.47242397,37.6309301
51087200801,51075400102,19,Goochland County,-77.68626193,37.67237945,Henrico County,-77.47242397,37.6309301
51087200801,51075400200,17,Goochland County,-77.79542232,37.67430492,Henrico County,-77.47242397,37.6309301
51087200801,51075400400,29,Goochland County,-77.94915119,37.72443114,Henrico County,-77.47242397,37.6309301
51087200801,51075400500,10,Goochland County,-78.0537926,37.7822625,Henrico County,-77.47242397,37.6309301
51087200802,51075400400,3,Goochland County,-77.94915119,37.72443114,Henrico County,-77.44920793,37.61916469
51087200802,51075400500,2,Goochland County,-78.0537926,37.7822625,Henrico County,-77.44920793,37.61916469
51087200805,51075400102,5,Goochland County,-77.68626193,37.67237945,Henrico County,-77.42365611,37.59105613
51087200805,51075400200,2,Goochland County,-77.79542232,37.67430492,Henrico County,-77.42365611,37.59105613
51087200805,51075400400,3,Goochland County,-77.94915119,37.72443114,Henrico County,-77.42365611,37.59105613
51087200805,51075400500,1,Goochland County,-78.0537926,37.7822625,Henrico County,-77.42365611,37.59105613
51087200807,51075400200,1,Goochland County,-77.79542232,37.67430492,Henrico County,-77.42789836,37.6086521
51087200807,51075400400,1,Goochland County,-77.94915119,37.72443114,Henrico County,-77.42789836,37.6086521
51087200807,51075400500,2,Goochland County,-78.0537926,37.7822625,Henrico County,-77.42789836,37.6086521
51087200904,51075400101,1,Goochland County,-77.68299554,37.60434673,Henrico County,-77.43370261,37.64087913
51087200904,51075400102,9,Goochland County,-77.68626193,37.67237945,Henrico County,-77.43370261,37.64087913
51087200904,51075400200,6,Goochland County,-77.79542232,37.67430492,Henrico County,-77.43370261,37.64087913
51087200904,51075400300,1,Goochland County,-77.86213625,37.65586441,Henrico County,-77.43370261,37.64087913
51087200904,51075400400,6,Goochland County,-77.94915119,37.72443114,Henrico County,-77.43370261,37.64087913
51087200904,51075400500,11,Goochland County,-78.0537926,37.7822625,Henrico County,-77.43370261,37.64087913
51087200905,51075400101,4,Goochland County,-77.68299554,37.60434673,Henrico County,-77.47985562,37.65196309
51087200905,51075400102,8,Goochland County,-77.68626193,37.67237945,Henrico County,-77.47985562,37.65196309
51087200905,51075400200,2,Goochland County,-77.79542232,37.67430492,Henrico County,-77.47985562,37.65196309
51087200905,51075400400,8,Goochland County,-77.94915119,37.72443114,Henrico County,-77.47985562,37.65196309
51087200905,51075400500,1,Goochland County,-78.0537926,37.7822625,Henrico County,-77.47985562,37.65196309
51087200906,51075400400,2,Goochland County,-77.94915119,37.72443114,Henrico County,-77.49754446,37.66379474
51087200907,51075400101,5,Goochland County,-77.68299554,37.60434673,Henrico County,-77.47297721,37.67600809
51087200907,51075400102,8,Goochland County,-77.68626193,37.67237945,Henrico County,-77.47297721,37.67600809
51087200907,51075400200,5,Goochland County,-77.79542232,37.67430492,Henrico County,-77.47297721,37.67600809
51087200907,51075400300,1,Goochland County,-77.86213625,37.65586441,Henrico County,-77.47297721,37.67600809
51087200907,51075400400,10,Goochland County,-77.94915119,37.72443114,Henrico County,-77.47297721,37.67600809
51087200907,51075400500,8,Goochland County,-78.0537926,37.7822625,Henrico County,-77.47297721,37.67600809
51087200908,51075400101,1,Goochland County,-77.68299554,37.60434673,Henrico County,-77.45942307,37.64756437
51087200908,51075400102,6,Goochland County,-77.68626193,37.67237945,Henrico County,-77.45942307,37.64756437
51087200908,51075400200,12,Goochland County,-77.79542232,37.67430492,Henrico County,-77.45942307,37.64756437
51087200908,51075400300,4,Goochland County,-77.86213625,37.65586441,Henrico County,-77.45942307,37.64756437
51087200908,51075400400,3,Goochland County,-77.94915119,37.72443114,Henrico County,-77.45942307,37.64756437
51087200908,51075400500,3,Goochland County,-78.0537926,37.7822625,Henrico County,-77.45942307,37.64756437
51087201001,51075400400,2,Goochland County,-77.94915119,37.72443114,Henrico County,-77.38063857,37.58368851
51087201001,51075400500,1,Goochland County,-78.0537926,37.7822625,Henrico County,-77.38063857,37.58368851
51087201002,51075400101,7,Goochland County,-77.68299554,37.60434673,Henrico County,-77.40366528,37.57246398
51087201002,51075400102,5,Goochland County,-77.68626193,37.67237945,Henrico County,-77.40366528,37.57246398
51087201002,51075400200,2,Goochland County,-77.79542232,37.67430492,Henrico County,-77.40366528,37.57246398
51087201002,51075400400,4,Goochland County,-77.94915119,37.72443114,Henrico County,-77.40366528,37.57246398
51087201002,51075400500,4,Goochland County,-78.0537926,37.7822625,Henrico County,-77.40366528,37.57246398
51087201003,51075400101,3,Goochland County,-77.68299554,37.60434673,Henrico County,-77.39359536,37.56040555
51087201003,51075400102,2,Goochland County,-77.68626193,37.67237945,Henrico County,-77.39359536,37.56040555
51087201003,51075400300,1,Goochland County,-77.86213625,37.65586441,Henrico County,-77.39359536,37.56040555
51087201003,51075400400,1,Goochland County,-77.94915119,37.72443114,Henrico County,-77.39359536,37.56040555
51087201102,51075400300,1,Goochland County,-77.86213625,37.65586441,Henrico County,-77.38015228,37.52699392
51087201104,51075400101,15,Goochland County,-77.68299554,37.60434673,Henrico County,-77.37815208,37.54418254
51087201104,51075400102,24,Goochland County,-77.68626193,37.67237945,Henrico County,-77.37815208,37.54418254
51087201104,51075400200,25,Goochland County,-77.79542232,37.67430492,Henrico County,-77.37815208,37.54418254
51087201104,51075400400,16,Goochland County,-77.94915119,37.72443114,Henrico County,-77.37815208,37.54418254
51087201104,51075400500,32,Goochland County,-78.0537926,37.7822625,Henrico County,-77.37815208,37.54418254
51087201203,51075400400,1,Goochland County,-77.94915119,37.72443114,Henrico County,-77.3340907,37.56062161
51087201205,51075400101,2,Goochland County,-77.68299554,37.60434673,Henrico County,-77.3313738,37.53882433
51087201205,51075400102,1,Goochland County,-77.68626193,37.67237945,Henrico County,-77.3313738,37.53882433
51087201205,51075400200,1,Goochland County,-77.79542232,37.67430492,Henrico County,-77.3313738,37.53882433
51087201205,51075400400,1,Goochland County,-77.94915119,37.72443114,Henrico County,-77.3313738,37.53882433
51087201404,51075400102,2,Goochland County,-77.68626193,37.67237945,Henrico County,-77.24402336,37.4958059
51087201404,51075400200,3,Goochland County,-77.79542232,37.67430492,Henrico County,-77.24402336,37.4958059
51087201404,51075400400,4,Goochland County,-77.94915119,37.72443114,Henrico County,-77.24402336,37.4958059
51087201404,51075400500,5,Goochland County,-78.0537926,37.7822625,Henrico County,-77.24402336,37.4958059
51087201405,51075400400,1,Goochland County,-77.94915119,37.72443114,Henrico County,-77.35729804,37.53901678
51087201405,51075400500,2,Goochland County,-78.0537926,37.7822625,Henrico County,-77.35729804,37.53901678
51087201406,51075400101,3,Goochland County,-77.68299554,37.60434673,Henrico County,-77.34681993,37.52143731
51087201406,51075400102,6,Goochland County,-77.68626193,37.67237945,Henrico County,-77.34681993,37.52143731
51087201406,51075400200,6,Goochland County,-77.79542232,37.67430492,Henrico County,-77.34681993,37.52143731
51087201406,51075400400,4,Goochland County,-77.94915119,37.72443114,Henrico County,-77.34681993,37.52143731
51087201406,51075400500,10,Goochland County,-78.0537926,37.7822625,Henrico County,-77.34681993,37.52143731
51087201502,51075400102,1,Goochland County,-77.68626193,37.67237945,Henrico County,-77.33376795,37.46556736
51087201502,51075400200,2,Goochland County,-77.79542232,37.67430492,Henrico County,-77.33376795,37.46556736
51087201502,51075400500,1,Goochland County,-78.0537926,37.7822625,Henrico County,-77.33376795,37.46556736
51087201503,51075400102,2,Goochland County,-77.68626193,37.67237945,Henrico County,-77.39550375,37.49795547
51087201504,51075400101,5,Goochland County,-77.68299554,37.60434673,Henrico County,-77.37121097,37.49660947
51087201504,51075400102,10,Goochland County,-77.68626193,37.67237945,Henrico County,-77.37121097,37.49660947
51087201504,51075400200,4,Goochland County,-77.79542232,37.67430492,Henrico County,-77.37121097,37.49660947
51087201504,51075400300,1,Goochland County,-77.86213625,37.65586441,Henrico County,-77.37121097,37.49660947
51087201504,51075400400,10,Goochland County,-77.94915119,37.72443114,Henrico County,-77.37121097,37.49660947
51087201504,51075400500,14,Goochland County,-78.0537926,37.7822625,Henrico County,-77.37121097,37.49660947
51087201602,51075400101,2,Goochland County,-77.68299554,37.60434673,Henrico County,-77.36904638,37.42826207
51087201602,51075400102,2,Goochland County,-77.68626193,37.67237945,Henrico County,-77.36904638,37.42826207
51087201602,51075400200,3,Goochland County,-77.79542232,37.67430492,Henrico County,-77.36904638,37.42826207
51087201602,51075400400,2,Goochland County,-77.94915119,37.72443114,Henrico County,-77.36904638,37.42826207
51087201602,51075400500,3,Goochland County,-78.0537926,37.7822625,Henrico County,-77.36904638,37.42826207
51087201701,51075400102,1,Goochland County,-77.68626193,37.67237945,Henrico County,-77.30662179,37.52247621
51087201701,51075400200,1,Goochland County,-77.79542232,37.67430492,Henrico County,-77.30662179,37.52247621
51087980100,51075400101,2,Goochland County,-77.68299554,37.60434673,Henrico County,-77.32234849,37.50573624
51087980100,51075400400,1,Goochland County,-77.94915119,37.72443114,Henrico County,-77.32234849,37.50573624
51127700100,51075400101,1,Goochland County,-77.68299554,37.60434673,New Kent County,-77.15258488,37.55150403
51127700100,51075400300,1,Goochland County,-77.86213625,37.65586441,New Kent County,-77.15258488,37.55150403
51127700100,51075400400,1,Goochland County,-77.94915119,37.72443114,New Kent County,-77.15258488,37.55150403
51127700100,51075400500,2,Goochland County,-78.0537926,37.7822625,New Kent County,-77.15258488,37.55150403
51127700200,51075400102,1,Goochland County,-77.68626193,37.67237945,New Kent County,-77.0683817,37.51758466
51127700301,51075400400,1,Goochland County,-77.94915119,37.72443114,New Kent County,-76.96241525,37.44593983
51127700301,51075400500,1,Goochland County,-78.0537926,37.7822625,New Kent County,-76.96241525,37.44593983
51127700302,51075400102,1,Goochland County,-77.68626193,37.67237945,New Kent County,-76.8819588,37.50599597
51127700302,51075400400,2,Goochland County,-77.94915119,37.72443114,New Kent County,-76.8819588,37.50599597
51145500101,51075400101,5,Goochland County,-77.68299554,37.60434673,Powhatan County,-77.76191667,37.55767063
51145500101,51075400102,13,Goochland County,-77.68626193,37.67237945,Powhatan County,-77.76191667,37.55767063
51145500101,51075400200,6,Goochland County,-77.79542232,37.67430492,Powhatan County,-77.76191667,37.55767063
51145500101,51075400400,7,Goochland County,-77.94915119,37.72443114,Powhatan County,-77.76191667,37.55767063
51145500101,51075400500,6,Goochland County,-78.0537926,37.7822625,Powhatan County,-77.76191667,37.55767063
51145500102,51075400101,1,Goochland County,-77.68299554,37.60434673,Powhatan County,-77.82617795,37.47522126
51145500102,51075400200,2,Goochland County,-77.79542232,37.67430492,Powhatan County,-77.82617795,37.47522126
51145500102,51075400400,14,Goochland County,-77.94915119,37.72443114,Powhatan County,-77.82617795,37.47522126
51145500102,51075400500,3,Goochland County,-78.0537926,37.7822625,Powhatan County,-77.82617795,37.47522126
51145500201,51075400101,12,Goochland County,-77.68299554,37.60434673,Powhatan County,-77.89555426,37.59482961
51145500201,51075400200,7,Goochland County,-77.79542232,37.67430492,Powhatan County,-77.89555426,37.59482961
51145500201,51075400400,7,Goochland County,-77.94915119,37.72443114,Powhatan County,-77.89555426,37.59482961
51145500201,51075400500,5,Goochland County,-78.0537926,37.7822625,Powhatan County,-77.89555426,37.59482961
51145500202,51075400101,3,Goochland County,-77.68299554,37.60434673,Powhatan County,-77.90999398,37.5125689
51145500202,51075400102,1,Goochland County,-77.68626193,37.67237945,Powhatan County,-77.90999398,37.5125689
51145500202,51075400200,4,Goochland County,-77.79542232,37.67430492,Powhatan County,-77.90999398,37.5125689
51145500202,51075400400,8,Goochland County,-77.94915119,37.72443114,Powhatan County,-77.90999398,37.5125689
51145500202,51075400500,3,Goochland County,-78.0537926,37.7822625,Powhatan County,-77.90999398,37.5125689
51145500300,51075400101,1,Goochland County,-77.68299554,37.60434673,Powhatan County,-77.87952952,37.6446798
51145500300,51075400102,1,Goochland County,-77.68626193,37.67237945,Powhatan County,-77.87952952,37.6446798
51145500300,51075400300,1,Goochland County,-77.86213625,37.65586441,Powhatan County,-77.87952952,37.6446798
51145500300,51075400400,10,Goochland County,-77.94915119,37.72443114,Powhatan County,-77.87952952,37.6446798
51145500300,51075400500,7,Goochland County,-78.0537926,37.7822625,Powhatan County,-77.87952952,37.6446798
51145500400,51075400200,4,Goochland County,-77.79542232,37.67430492,Powhatan County,-78.03659791,37.55038368
51145500400,51075400300,2,Goochland County,-77.86213625,37.65586441,Powhatan County,-78.03659791,37.55038368
51145500400,51075400400,7,Goochland County,-77.94915119,37.72443114,Powhatan County,-78.03659791,37.55038368
51145500400,51075400500,5,Goochland County,-78.0537926,37.7822625,Powhatan County,-78.03659791,37.55038368
51760010201,51075400101,6,Goochland County,-77.68299554,37.60434673,Richmond city,-77.45650288,37.5956666
51760010201,51075400102,1,Goochland County,-77.68626193,37.67237945,Richmond city,-77.45650288,37.5956666
51760010202,51075400101,4,Goochland County,-77.68299554,37.60434673,Richmond city,-77.47046992,37.58825494
51760010202,51075400102,1,Goochland County,-77.68626193,37.67237945,Richmond city,-77.47046992,37.58825494
51760010202,51075400200,3,Goochland County,-77.79542232,37.67430492,Richmond city,-77.47046992,37.58825494
51760010202,51075400400,3,Goochland County,-77.94915119,37.72443114,Richmond city,-77.47046992,37.58825494
51760010202,51075400500,1,Goochland County,-78.0537926,37.7822625,Richmond city,-77.47046992,37.58825494
51760010300,51075400500,1,Goochland County,-78.0537926,37.7822625,Richmond city,-77.44334733,37.59396412
51760010401,51075400102,1,Goochland County,-77.68626193,37.67237945,Richmond city,-77.45359412,37.58808447
51760010401,51075400400,2,Goochland County,-77.94915119,37.72443114,Richmond city,-77.45359412,37.58808447
51760010401,51075400500,1,Goochland County,-78.0537926,37.7822625,Richmond city,-77.45359412,37.58808447
51760010402,51075400102,3,Goochland County,-77.68626193,37.67237945,Richmond city,-77.45209,37.57866911
51760010402,51075400200,2,Goochland County,-77.79542232,37.67430492,Richmond city,-77.45209,37.57866911
51760010402,51075400500,1,Goochland County,-78.0537926,37.7822625,Richmond city,-77.45209,37.57866911
51760010600,51075400102,2,Goochland County,-77.68626193,37.67237945,Richmond city,-77.44178703,37.57199039
51760010600,51075400200,2,Goochland County,-77.79542232,37.67430492,Richmond city,-77.44178703,37.57199039
51760010700,51075400102,1,Goochland County,-77.68626193,37.67237945,Richmond city,-77.42996025,37.57441823
51760010800,51075400102,1,Goochland County,-77.68626193,37.67237945,Richmond city,-77.42070543,37.57527886
51760010900,51075400101,3,Goochland County,-77.68299554,37.60434673,Richmond city,-77.41765284,37.56396963
51760010900,51075400102,2,Goochland County,-77.68626193,37.67237945,Richmond city,-77.41765284,37.56396963
51760010900,51075400200,2,Goochland County,-77.79542232,37.67430492,Richmond city,-77.41765284,37.56396963
51760010900,51075400400,3,Goochland County,-77.94915119,37.72443114,Richmond city,-77.41765284,37.56396963
51760011000,51075400400,2,Goochland County,-77.94915119,37.72443114,Richmond city,-77.42977247,37.56257549
51760011100,51075400102,11,Goochland County,-77.68626193,37.67237945,Richmond city,-77.44428733,37.56218053
51760011100,51075400200,4,Goochland County,-77.79542232,37.67430492,Richmond city,-77.44428733,37.56218053
51760011100,51075400400,3,Goochland County,-77.94915119,37.72443114,Richmond city,-77.44428733,37.56218053
51760011100,51075400500,4,Goochland County,-78.0537926,37.7822625,Richmond city,-77.44428733,37.56218053
51760020100,51075400102,1,Goochland County,-77.68626193,37.67237945,Richmond city,-77.41799847,37.5546446
51760020100,51075400200,1,Goochland County,-77.79542232,37.67430492,Richmond city,-77.41799847,37.5546446
51760020100,51075400500,3,Goochland County,-78.0537926,37.7822625,Richmond city,-77.41799847,37.5546446
51760020300,51075400101,1,Goochland County,-77.68299554,37.60434673,Richmond city,-77.40809179,37.54203317
51760020300,51075400102,2,Goochland County,-77.68626193,37.67237945,Richmond city,-77.40809179,37.54203317
51760020300,51075400200,1,Goochland County,-77.79542232,37.67430492,Richmond city,-77.40809179,37.54203317
51760020300,51075400300,1,Goochland County,-77.86213625,37.65586441,Richmond city,-77.40809179,37.54203317
51760020300,51075400500,1,Goochland County,-78.0537926,37.7822625,Richmond city,-77.40809179,37.54203317
51760020400,51075400101,2,Goochland County,-77.68299554,37.60434673,Richmond city,-77.42088542,37.546529
51760020400,51075400102,1,Goochland County,-77.68626193,37.67237945,Richmond city,-77.42088542,37.546529
51760020400,51075400500,5,Goochland County,-78.0537926,37.7822625,Richmond city,-77.42088542,37.546529
51760020501,51075400101,2,Goochland County,-77.68299554,37.60434673,Richmond city,-77.42432479,37.53226453
51760020501,51075400102,8,Goochland County,-77.68626193,37.67237945,Richmond city,-77.42432479,37.53226453
51760020501,51075400200,4,Goochland County,-77.79542232,37.67430492,Richmond city,-77.42432479,37.53226453
51760020501,51075400400,1,Goochland County,-77.94915119,37.72443114,Richmond city,-77.42432479,37.53226453
51760020502,51075400101,7,Goochland County,-77.68299554,37.60434673,Richmond city,-77.42247154,37.53444058
51760020502,51075400102,2,Goochland County,-77.68626193,37.67237945,Richmond city,-77.42247154,37.53444058
51760020502,51075400200,5,Goochland County,-77.79542232,37.67430492,Richmond city,-77.42247154,37.53444058
51760020600,51075400102,1,Goochland County,-77.68626193,37.67237945,Richmond city,-77.41569157,37.53339478
51760020600,51075400300,1,Goochland County,-77.86213625,37.65586441,Richmond city,-77.41569157,37.53339478
51760020600,51075400400,1,Goochland County,-77.94915119,37.72443114,Richmond city,-77.41569157,37.53339478
51760020700,51075400200,1,Goochland County,-77.79542232,37.67430492,Richmond city,-77.41135049,37.53693365
51760020700,51075400400,1,Goochland County,-77.94915119,37.72443114,Richmond city,-77.41135049,37.53693365
51760020900,51075400101,1,Goochland County,-77.68299554,37.60434673,Richmond city,-77.39797056,37.53285207
51760021100,51075400400,1,Goochland County,-77.94915119,37.72443114,Richmond city,-77.40724566,37.5193734
51760021200,51075400101,2,Goochland County,-77.68299554,37.60434673,Richmond city,-77.40017833,37.51126646
51760021200,51075400200,5,Goochland County,-77.79542232,37.67430492,Richmond city,-77.40017833,37.51126646
51760021200,51075400400,7,Goochland County,-77.94915119,37.72443114,Richmond city,-77.40017833,37.51126646
51760021200,51075400500,1,Goochland County,-78.0537926,37.7822625,Richmond city,-77.40017833,37.51126646
51760030200,51075400101,41,Goochland County,-77.68299554,37.60434673,Richmond city,-77.43607585,37.54572968
51760030200,51075400102,45,Goochland County,-77.68626193,37.67237945,Richmond city,-77.43607585,37.54572968
51760030200,51075400200,38,Goochland County,-77.79542232,37.67430492,Richmond city,-77.43607585,37.54572968
51760030200,51075400400,40,Goochland County,-77.94915119,37.72443114,Richmond city,-77.43607585,37.54572968
51760030200,51075400500,32,Goochland County,-78.0537926,37.7822625,Richmond city,-77.43607585,37.54572968
51760030501,51075400101,19,Goochland County,-77.68299554,37.60434673,Richmond city,-77.44395445,37.54357501
51760030501,51075400102,10,Goochland County,-77.68626193,37.67237945,Richmond city,-77.44395445,37.54357501
51760030501,51075400200,11,Goochland County,-77.79542232,37.67430492,Richmond city,-77.44395445,37.54357501
51760030501,51075400300,1,Goochland County,-77.86213625,37.65586441,Richmond city,-77.44395445,37.54357501
51760030501,51075400400,5,Goochland County,-77.94915119,37.72443114,Richmond city,-77.44395445,37.54357501
51760030501,51075400500,11,Goochland County,-78.0537926,37.7822625,Richmond city,-77.44395445,37.54357501
51760030502,51075400101,75,Goochland County,-77.68299554,37.60434673,Richmond city,-77.43921047,37.5360341
51760030502,51075400102,67,Goochland County,-77.68626193,37.67237945,Richmond city,-77.43921047,37.5360341
51760030502,51075400200,72,Goochland County,-77.79542232,37.67430492,Richmond city,-77.43921047,37.5360341
51760030502,51075400300,1,Goochland County,-77.86213625,37.65586441,Richmond city,-77.43921047,37.5360341
51760030502,51075400400,90,Goochland County,-77.94915119,37.72443114,Richmond city,-77.43921047,37.5360341
51760030502,51075400500,41,Goochland County,-78.0537926,37.7822625,Richmond city,-77.43921047,37.5360341
51760040201,51075400101,1,Goochland County,-77.68299554,37.60434673,Richmond city,-77.4492581,37.55331439
51760040201,51075400102,1,Goochland County,-77.68626193,37.67237945,Richmond city,-77.4492581,37.55331439
51760040201,51075400200,1,Goochland County,-77.79542232,37.67430492,Richmond city,-77.4492581,37.55331439
51760040201,51075400500,1,Goochland County,-78.0537926,37.7822625,Richmond city,-77.4492581,37.55331439
51760040202,51075400101,38,Goochland County,-77.68299554,37.60434673,Richmond city,-77.4639217,37.56693611
51760040202,51075400102,27,Goochland County,-77.68626193,37.67237945,Richmond city,-77.4639217,37.56693611
51760040202,51075400200,30,Goochland County,-77.79542232,37.67430492,Richmond city,-77.4639217,37.56693611
51760040202,51075400400,31,Goochland County,-77.94915119,37.72443114,Richmond city,-77.4639217,37.56693611
51760040202,51075400500,27,Goochland County,-78.0537926,37.7822625,Richmond city,-77.4639217,37.56693611
51760040300,51075400101,30,Goochland County,-77.68299554,37.60434673,Richmond city,-77.45193567,37.54672557
51760040300,51075400102,15,Goochland County,-77.68626193,37.67237945,Richmond city,-77.45193567,37.54672557
51760040300,51075400200,28,Goochland County,-77.79542232,37.67430492,Richmond city,-77.45193567,37.54672557
51760040300,51075400300,1,Goochland County,-77.86213625,37.65586441,Richmond city,-77.45193567,37.54672557
51760040300,51075400400,14,Goochland County,-77.94915119,37.72443114,Richmond city,-77.45193567,37.54672557
51760040300,51075400500,11,Goochland County,-78.0537926,37.7822625,Richmond city,-77.45193567,37.54672557
51760040400,51075400200,1,Goochland County,-77.79542232,37.67430492,Richmond city,-77.45772209,37.55113572
51760040400,51075400400,1,Goochland County,-77.94915119,37.72443114,Richmond city,-77.45772209,37.55113572
51760040500,51075400101,1,Goochland County,-77.68299554,37.60434673,Richmond city,-77.46637051,37.55733571
51760040500,51075400200,3,Goochland County,-77.79542232,37.67430492,Richmond city,-77.46637051,37.55733571
51760040500,51075400400,1,Goochland County,-77.94915119,37.72443114,Richmond city,-77.46637051,37.55733571
51760040500,51075400500,1,Goochland County,-78.0537926,37.7822625,Richmond city,-77.46637051,37.55733571
51760040600,51075400200,1,Goochland County,-77.79542232,37.67430492,Richmond city,-77.47402292,37.56174588
51760040600,51075400400,1,Goochland County,-77.94915119,37.72443114,Richmond city,-77.47402292,37.56174588
51760040700,51075400102,3,Goochland County,-77.68626193,37.67237945,Richmond city,-77.48055806,37.5634636
51760040700,51075400200,2,Goochland County,-77.79542232,37.67430492,Richmond city,-77.48055806,37.5634636
51760040700,51075400400,1,Goochland County,-77.94915119,37.72443114,Richmond city,-77.48055806,37.5634636
51760040800,51075400101,3,Goochland County,-77.68299554,37.60434673,Richmond city,-77.48546707,37.55645468
51760040800,51075400200,8,Goochland County,-77.79542232,37.67430492,Richmond city,-77.48546707,37.55645468
51760040800,51075400300,1,Goochland County,-77.86213625,37.65586441,Richmond city,-77.48546707,37.55645468
51760040800,51075400400,4,Goochland County,-77.94915119,37.72443114,Richmond city,-77.48546707,37.55645468
51760040800,51075400500,4,Goochland County,-78.0537926,37.7822625,Richmond city,-77.48546707,37.55645468
51760040900,51075400101,3,Goochland County,-77.68299554,37.60434673,Richmond city,-77.47818324,37.55499684
51760040900,51075400102,5,Goochland County,-77.68626193,37.67237945,Richmond city,-77.47818324,37.55499684
51760040900,51075400200,6,Goochland County,-77.79542232,37.67430492,Richmond city,-77.47818324,37.55499684
51760040900,51075400400,5,Goochland County,-77.94915119,37.72443114,Richmond city,-77.47818324,37.55499684
51760040900,51075400500,4,Goochland County,-78.0537926,37.7822625,Richmond city,-77.47818324,37.55499684
51760041000,51075400400,1,Goochland County,-77.94915119,37.72443114,Richmond city,-77.46798332,37.55332496
51760041100,51075400101,8,Goochland County,-77.68299554,37.60434673,Richmond city,-77.46668641,37.54860048
51760041100,51075400200,8,Goochland County,-77.79542232,37.67430492,Richmond city,-77.46668641,37.54860048
51760041100,51075400400,5,Goochland County,-77.94915119,37.72443114,Richmond city,-77.46668641,37.54860048
51760041100,51075400500,4,Goochland County,-78.0537926,37.7822625,Richmond city,-77.46668641,37.54860048
51760041300,51075400101,10,Goochland County,-77.68299554,37.60434673,Richmond city,-77.46431434,37.53489079
51760041300,51075400102,8,Goochland County,-77.68626193,37.67237945,Richmond city,-77.46431434,37.53489079
51760041300,51075400200,7,Goochland County,-77.79542232,37.67430492,Richmond city,-77.46431434,37.53489079
51760041300,51075400300,1,Goochland County,-77.86213625,37.65586441,Richmond city,-77.46431434,37.53489079
51760041300,51075400400,9,Goochland County,-77.94915119,37.72443114,Richmond city,-77.46431434,37.53489079
51760041300,51075400500,7,Goochland County,-78.0537926,37.7822625,Richmond city,-77.46431434,37.53489079
51760041400,51075400200,3,Goochland County,-77.79542232,37.67430492,Richmond city,-77.4699502,37.543448
51760041400,51075400400,1,Goochland County,-77.94915119,37.72443114,Richmond city,-77.4699502,37.543448
51760041600,51075400102,4,Goochland County,-77.68626193,37.67237945,Richmond city,-77.48295497,37.54192147
51760050100,51075400101,10,Goochland County,-77.68299554,37.60434673,Richmond city,-77.48460675,37.57022207
51760050100,51075400102,13,Goochland County,-77.68626193,37.67237945,Richmond city,-77.48460675,37.57022207
51760050100,51075400200,14,Goochland County,-77.79542232,37.67430492,Richmond city,-77.48460675,37.57022207
51760050100,51075400400,3,Goochland County,-77.94915119,37.72443114,Richmond city,-77.48460675,37.57022207
51760050100,51075400500,6,Goochland County,-78.0537926,37.7822625,Richmond city,-77.48460675,37.57022207
51760050200,51075400101,14,Goochland County,-77.68299554,37.60434673,Richmond city,-77.49548782,37.57159401
51760050200,51075400102,1,Goochland County,-77.68626193,37.67237945,Richmond city,-77.49548782,37.57159401
51760050200,51075400200,3,Goochland County,-77.79542232,37.67430492,Richmond city,-77.49548782,37.57159401
51760050200,51075400400,9,Goochland County,-77.94915119,37.72443114,Richmond city,-77.49548782,37.57159401
51760050200,51075400500,5,Goochland County,-78.0537926,37.7822625,Richmond city,-77.49548782,37.57159401
51760050300,51075400101,1,Goochland County,-77.68299554,37.60434673,Richmond city,-77.49769409,37.56237785
51760050300,51075400400,2,Goochland County,-77.94915119,37.72443114,Richmond city,-77.49769409,37.56237785
51760050400,51075400101,13,Goochland County,-77.68299554,37.60434673,Richmond city,-77.51015578,37.5731352
51760050400,51075400102,3,Goochland County,-77.68626193,37.67237945,Richmond city,-77.51015578,37.5731352
51760050400,51075400200,6,Goochland County,-77.79542232,37.67430492,Richmond city,-77.51015578,37.5731352
51760050400,51075400400,7,Goochland County,-77.94915119,37.72443114,Richmond city,-77.51015578,37.5731352
51760050400,51075400500,4,Goochland County,-78.0537926,37.7822625,Richmond city,-77.51015578,37.5731352
51760050500,51075400101,29,Goochland County,-77.68299554,37.60434673,Richmond city,-77.52974168,37.57773395
51760050500,51075400102,18,Goochland County,-77.68626193,37.67237945,Richmond city,-77.52974168,37.57773395
51760050500,51075400200,12,Goochland County,-77.79542232,37.67430492,Richmond city,-77.52974168,37.57773395
51760050500,51075400400,7,Goochland County,-77.94915119,37.72443114,Richmond city,-77.52974168,37.57773395
51760050500,51075400500,1,Goochland County,-78.0537926,37.7822625,Richmond city,-77.52974168,37.57773395
51760050600,51075400101,2,Goochland County,-77.68299554,37.60434673,Richmond city,-77.50782644,37.55540179
51760050600,51075400102,1,Goochland County,-77.68626193,37.67237945,Richmond city,-77.50782644,37.55540179
51760050600,51075400200,2,Goochland County,-77.79542232,37.67430492,Richmond city,-77.50782644,37.55540179
51760050600,51075400400,2,Goochland County,-77.94915119,37.72443114,Richmond city,-77.50782644,37.55540179
51760060200,51075400101,6,Goochland County,-77.68299554,37.60434673,Richmond city,-77.44002448,37.5120566
51760060200,51075400102,3,Goochland County,-77.68626193,37.67237945,Richmond city,-77.44002448,37.5120566
51760060200,51075400200,3,Goochland County,-77.79542232,37.67430492,Richmond city,-77.44002448,37.5120566
51760060200,51075400300,1,Goochland County,-77.86213625,37.65586441,Richmond city,-77.44002448,37.5120566
51760060200,51075400400,8,Goochland County,-77.94915119,37.72443114,Richmond city,-77.44002448,37.5120566
51760060400,51075400101,1,Goochland County,-77.68299554,37.60434673,Richmond city,-77.46536277,37.51054076
51760060400,51075400200,1,Goochland County,-77.79542232,37.67430492,Richmond city,-77.46536277,37.51054076
51760060400,51075400400,1,Goochland County,-77.94915119,37.72443114,Richmond city,-77.46536277,37.51054076
51760060400,51075400500,1,Goochland County,-78.0537926,37.7822625,Richmond city,-77.46536277,37.51054076
51760060501,51075400400,1,Goochland County,-77.94915119,37.72443114,Richmond city,-77.46382797,37.5202471
51760060502,51075400500,2,Goochland County,-78.0537926,37.7822625,Richmond city,-77.47975428,37.51966904
51760060700,51075400101,2,Goochland County,-77.68299554,37.60434673,Richmond city,-77.43573925,37.50612358
51760060700,51075400102,1,Goochland County,-77.68626193,37.67237945,Richmond city,-77.43573925,37.50612358
51760060700,51075400200,7,Goochland County,-77.79542232,37.67430492,Richmond city,-77.43573925,37.50612358
51760060700,51075400400,5,Goochland County,-77.94915119,37.72443114,Richmond city,-77.43573925,37.50612358
51760060700,51075400500,2,Goochland County,-78.0537926,37.7822625,Richmond city,-77.43573925,37.50612358
51760060800,51075400101,1,Goochland County,-77.68299554,37.60434673,Richmond city,-77.43153703,37.47726522
51760060800,51075400102,4,Goochland County,-77.68626193,37.67237945,Richmond city,-77.43153703,37.47726522
51760060800,51075400200,17,Goochland County,-77.79542232,37.67430492,Richmond city,-77.43153703,37.47726522
51760060800,51075400400,5,Goochland County,-77.94915119,37.72443114,Richmond city,-77.43153703,37.47726522
51760060800,51075400500,6,Goochland County,-78.0537926,37.7822625,Richmond city,-77.43153703,37.47726522
51760060900,51075400101,2,Goochland County,-77.68299554,37.60434673,Richmond city,-77.43819343,37.46389442
51760060900,51075400102,1,Goochland County,-77.68626193,37.67237945,Richmond city,-77.43819343,37.46389442
51760060900,51075400200,2,Goochland County,-77.79542232,37.67430492,Richmond city,-77.43819343,37.46389442
51760060900,51075400400,5,Goochland County,-77.94915119,37.72443114,Richmond city,-77.43819343,37.46389442
51760060900,51075400500,1,Goochland County,-78.0537926,37.7822625,Richmond city,-77.43819343,37.46389442
51760061001,51075400101,2,Goochland County,-77.68299554,37.60434673,Richmond city,-77.45027612,37.52204096
51760061001,51075400400,1,Goochland County,-77.94915119,37.72443114,Richmond city,-77.45027612,37.52204096
51760061002,51075400101,12,Goochland County,-77.68299554,37.60434673,Richmond city,-77.43947253,37.52581857
51760061002,51075400102,6,Goochland County,-77.68626193,37.67237945,Richmond city,-77.43947253,37.52581857
51760061002,51075400200,7,Goochland County,-77.79542232,37.67430492,Richmond city,-77.43947253,37.52581857
51760061002,51075400300,1,Goochland County,-77.86213625,37.65586441,Richmond city,-77.43947253,37.52581857
51760061002,51075400400,7,Goochland County,-77.94915119,37.72443114,Richmond city,-77.43947253,37.52581857
51760061002,51075400500,6,Goochland County,-78.0537926,37.7822625,Richmond city,-77.43947253,37.52581857
51760070100,51075400101,19,Goochland County,-77.68299554,37.60434673,Richmond city,-77.57475071,37.54653388
51760070100,51075400102,7,Goochland County,-77.68626193,37.67237945,Richmond city,-77.57475071,37.54653388
51760070100,51075400200,8,Goochland County,-77.79542232,37.67430492,Richmond city,-77.57475071,37.54653388
51760070100,51075400400,5,Goochland County,-77.94915119,37.72443114,Richmond city,-77.57475071,37.54653388
51760070100,51075400500,5,Goochland County,-78.0537926,37.7822625,Richmond city,-77.57475071,37.54653388
51760070300,51075400200,1,Goochland County,-77.79542232,37.67430492,Richmond city,-77.54217078,37.54069628
51760070300,51075400400,2,Goochland County,-77.94915119,37.72443114,Richmond city,-77.54217078,37.54069628
51760070300,51075400500,3,Goochland County,-78.0537926,37.7822625,Richmond city,-77.54217078,37.54069628
51760070400,51075400101,2,Goochland County,-77.68299554,37.60434673,Richmond city,-77.52289864,37.54402887
51760070400,51075400102,3,Goochland County,-77.68626193,37.67237945,Richmond city,-77.52289864,37.54402887
51760070400,51075400200,5,Goochland County,-77.79542232,37.67430492,Richmond city,-77.52289864,37.54402887
51760070400,51075400400,4,Goochland County,-77.94915119,37.72443114,Richmond city,-77.52289864,37.54402887
51760070400,51075400500,3,Goochland County,-78.0537926,37.7822625,Richmond city,-77.52289864,37.54402887
51760070601,51075400101,4,Goochland County,-77.68299554,37.60434673,Richmond city,-77.49295088,37.50001787
51760070601,51075400102,4,Goochland County,-77.68626193,37.67237945,Richmond city,-77.49295088,37.50001787
51760070601,51075400200,2,Goochland County,-77.79542232,37.67430492,Richmond city,-77.49295088,37.50001787
51760070601,51075400300,3,Goochland County,-77.86213625,37.65586441,Richmond city,-77.49295088,37.50001787
51760070601,51075400500,2,Goochland County,-78.0537926,37.7822625,Richmond city,-77.49295088,37.50001787
51760070602,51075400101,3,Goochland County,-77.68299554,37.60434673,Richmond city,-77.47678105,37.49795412
51760070602,51075400200,2,Goochland County,-77.79542232,37.67430492,Richmond city,-77.47678105,37.49795412
51760070602,51075400400,4,Goochland County,-77.94915119,37.72443114,Richmond city,-77.47678105,37.49795412
51760070602,51075400500,1,Goochland County,-78.0537926,37.7822625,Richmond city,-77.47678105,37.49795412
51760070700,51075400101,1,Goochland County,-77.68299554,37.60434673,Richmond city,-77.50872833,37.49152382
51760070700,51075400400,1,Goochland County,-77.94915119,37.72443114,Richmond city,-77.50872833,37.49152382
51760070901,51075400101,2,Goochland County,-77.68299554,37.60434673,Richmond city,-77.46121537,37.47474053
51760070901,51075400102,1,Goochland County,-77.68626193,37.67237945,Richmond city,-77.46121537,37.47474053
51760070901,51075400200,1,Goochland County,-77.79542232,37.67430492,Richmond city,-77.46121537,37.47474053
51760070902,51075400101,6,Goochland County,-77.68299554,37.60434673,Richmond city,-77.45964132,37.49121275
51760070902,51075400102,11,Goochland County,-77.68626193,37.67237945,Richmond city,-77.45964132,37.49121275
51760070902,51075400200,5,Goochland County,-77.79542232,37.67430492,Richmond city,-77.45964132,37.49121275
51760070902,51075400400,8,Goochland County,-77.94915119,37.72443114,Richmond city,-77.45964132,37.49121275
51760070902,51075400500,1,Goochland County,-78.0537926,37.7822625,Richmond city,-77.45964132,37.49121275
51760071002,51075400101,2,Goochland County,-77.68299554,37.60434673,Richmond city,-77.50081347,37.51338629
51760071002,51075400102,1,Goochland County,-77.68626193,37.67237945,Richmond city,-77.50081347,37.51338629
51760071003,51075400102,1,Goochland County,-77.68626193,37.67237945,Richmond city,-77.51331267,37.51161927
51760071004,51075400101,4,Goochland County,-77.68299554,37.60434673,Richmond city,-77.52140919,37.50809808
51760071004,51075400102,4,Goochland County,-77.68626193,37.67237945,Richmond city,-77.52140919,37.50809808
51760071004,51075400200,14,Goochland County,-77.79542232,37.67430492,Richmond city,-77.52140919,37.50809808
51760071004,51075400300,3,Goochland County,-77.86213625,37.65586441,Richmond city,-77.52140919,37.50809808
51760071004,51075400400,15,Goochland County,-77.94915119,37.72443114,Richmond city,-77.52140919,37.50809808
51760071004,51075400500,13,Goochland County,-78.0537926,37.7822625,Richmond city,-77.52140919,37.50809808
51760071100,51075400101,1,Goochland County,-77.68299554,37.60434673,Richmond city,-77.51057175,37.52591345
51760071100,51075400102,1,Goochland County,-77.68626193,37.67237945,Richmond city,-77.51057175,37.52591345
