w_tract,h_tract,workers,h_county,HomeX,HomeY,w_county,WorkX,WorkY
51036600100,51085320100,1,Hanover County,-77.58500006,37.88594378,Charles City County,-77.1917213,37.38472133
51036600100,51085320300,2,Hanover County,-77.6706394,37.73181814,Charles City County,-77.1917213,37.38472133
51036600100,51085320701,1,Hanover County,-77.40541715,37.75339045,Charles City County,-77.1917213,37.38472133
51036600100,51085320702,2,Hanover County,-77.33973544,37.72429497,Charles City County,-77.1917213,37.38472133
51036600100,51085320801,2,Hanover County,-77.43517464,37.72101115,Charles City County,-77.1917213,37.38472133
51036600100,51085320803,3,Hanover County,-77.40178469,37.67555472,Charles City County,-77.1917213,37.38472133
51036600100,51085320804,1,Hanover County,-77.42040307,37.68215954,Charles City County,-77.1917213,37.38472133
51036600100,51085320901,8,Hanover County,-77.35950464,37.65874207,Charles City County,-77.1917213,37.38472133
51036600100,51085320902,1,Hanover County,-77.38681578,37.63660736,Charles City County,-77.1917213,37.38472133
51036600100,51085321001,1,Hanover County,-77.35319382,37.62262564,Charles City County,-77.1917213,37.38472133
51036600100,51085321003,2,Hanover County,-77.3176218,37.62396679,Charles City County,-77.1917213,37.38472133
51036600100,51085321004,4,Hanover County,-77.3166095,37.6515441,Charles City County,-77.1917213,37.38472133
51036600100,51085321100,7,Hanover County,-77.38262891,37.61242252,Charles City County,-77.1917213,37.38472133
51036600100,51085321201,3,Hanover County,-77.32329616,37.5880924,Charles City County,-77.1917213,37.38472133
51036600100,51085321202,6,Hanover County,-77.34349514,37.58490558,Charles City County,-77.1917213,37.38472133
51036600100,51085321300,2,Hanover County,-77.29680248,37.59112522,Charles City County,-77.1917213,37.38472133
51036600100,51085321401,1,Hanover County,-77.25895891,37.67861465,Charles City County,-77.1917213,37.38472133
51036600100,51085321402,6,Hanover County,-77.25179057,37.60113008,Charles City County,-77.1917213,37.38472133
51036600100,51085321403,4,Hanover County,-77.17923965,37.62402478,Charles City County,-77.1917213,37.38472133
51036600200,51085320300,1,Hanover County,-77.6706394,37.73181814,Charles City County,-77.1088509,37.38383884
51036600200,51085320500,1,Hanover County,-77.52199663,37.77211832,Charles City County,-77.1088509,37.38383884
51036600200,51085321003,3,Hanover County,-77.3176218,37.62396679,Charles City County,-77.1088509,37.38383884
51036600200,51085321004,1,Hanover County,-77.3166095,37.6515441,Charles City County,-77.1088509,37.38383884
51036600300,51085320702,1,Hanover County,-77.33973544,37.72429497,Charles City County,-76.97673227,37.33100999
51036600300,51085320801,3,Hanover County,-77.43517464,37.72101115,Charles City County,-76.97673227,37.33100999
51036600300,51085321100,2,Hanover County,-77.38262891,37.61242252,Charles City County,-76.97673227,37.33100999
51036600300,51085321201,1,Hanover County,-77.32329616,37.5880924,Charles City County,-76.97673227,37.33100999
51041100106,51085320400,1,Hanover County,-77.53119038,37.72350989,Chesterfield County,-77.54703564,37.51851129
51041100106,51085321001,1,Hanover County,-77.35319382,37.62262564,Chesterfield County,-77.54703564,37.51851129
51041100106,51085321201,2,Hanover County,-77.32329616,37.5880924,Chesterfield County,-77.54703564,37.51851129
51041100107,51085320100,15,Hanover County,-77.58500006,37.88594378,Chesterfield County,-77.53518917,37.50805197
51041100107,51085320200,12,Hanover County,-77.68504133,37.80777585,Chesterfield County,-77.53518917,37.50805197
51041100107,51085320300,11,Hanover County,-77.6706394,37.73181814,Chesterfield County,-77.53518917,37.50805197
51041100107,51085320400,20,Hanover County,-77.53119038,37.72350989,Chesterfield County,-77.53518917,37.50805197
51041100107,51085320500,12,Hanover County,-77.52199663,37.77211832,Chesterfield County,-77.53518917,37.50805197
51041100107,51085320601,5,Hanover County,-77.47144709,37.77593334,Chesterfield County,-77.53518917,37.50805197
51041100107,51085320602,9,Hanover County,-77.47318377,37.74416695,Chesterfield County,-77.53518917,37.50805197
51041100107,51085320701,10,Hanover County,-77.40541715,37.75339045,Chesterfield County,-77.53518917,37.50805197
51041100107,51085320702,6,Hanover County,-77.33973544,37.72429497,Chesterfield County,-77.53518917,37.50805197
51041100107,51085320801,4,Hanover County,-77.43517464,37.72101115,Chesterfield County,-77.53518917,37.50805197
51041100107,51085320803,31,Hanover County,-77.40178469,37.67555472,Chesterfield County,-77.53518917,37.50805197
51041100107,51085320804,15,Hanover County,-77.42040307,37.68215954,Chesterfield County,-77.53518917,37.50805197
51041100107,51085320805,8,Hanover County,-77.42512268,37.6646678,Chesterfield County,-77.53518917,37.50805197
51041100107,51085320901,19,Hanover County,-77.35950464,37.65874207,Chesterfield County,-77.53518917,37.50805197
51041100107,51085320902,9,Hanover County,-77.38681578,37.63660736,Chesterfield County,-77.53518917,37.50805197
51041100107,51085321001,12,Hanover County,-77.35319382,37.62262564,Chesterfield County,-77.53518917,37.50805197
51041100107,51085321003,9,Hanover County,-77.3176218,37.62396679,Chesterfield County,-77.53518917,37.50805197
51041100107,51085321004,11,Hanover County,-77.3166095,37.6515441,Chesterfield County,-77.53518917,37.50805197
51041100107,51085321100,8,Hanover County,-77.38262891,37.61242252,Chesterfield County,-77.53518917,37.50805197
51041100107,51085321201,11,Hanover County,-77.32329616,37.5880924,Chesterfield County,-77.53518917,37.50805197
51041100107,51085321202,5,Hanover County,-77.34349514,37.58490558,Chesterfield County,-77.53518917,37.50805197
51041100107,51085321300,28,Hanover County,-77.29680248,37.59112522,Chesterfield County,-77.53518917,37.50805197
51041100107,51085321401,12,Hanover County,-77.25895891,37.67861465,Chesterfield County,-77.53518917,37.50805197
51041100107,51085321402,14,Hanover County,-77.25179057,37.60113008,Chesterfield County,-77.53518917,37.50805197
51041100107,51085321403,14,Hanover County,-77.17923965,37.62402478,Chesterfield County,-77.53518917,37.50805197
51041100206,51085320601,1,Hanover County,-77.47144709,37.77593334,Chesterfield County,-77.5334907,37.45477273
51041100206,51085320602,4,Hanover County,-77.47318377,37.74416695,Chesterfield County,-77.5334907,37.45477273
51041100206,51085320702,2,Hanover County,-77.33973544,37.72429497,Chesterfield County,-77.5334907,37.45477273
51041100206,51085320804,2,Hanover County,-77.42040307,37.68215954,Chesterfield County,-77.5334907,37.45477273
51041100206,51085320805,1,Hanover County,-77.42512268,37.6646678,Chesterfield County,-77.5334907,37.45477273
51041100206,51085320901,1,Hanover County,-77.35950464,37.65874207,Chesterfield County,-77.5334907,37.45477273
51041100206,51085320902,1,Hanover County,-77.38681578,37.63660736,Chesterfield County,-77.5334907,37.45477273
51041100206,51085321001,1,Hanover County,-77.35319382,37.62262564,Chesterfield County,-77.5334907,37.45477273
51041100206,51085321003,1,Hanover County,-77.3176218,37.62396679,Chesterfield County,-77.5334907,37.45477273
51041100206,51085321201,1,Hanover County,-77.32329616,37.5880924,Chesterfield County,-77.5334907,37.45477273
51041100206,51085321300,1,Hanover County,-77.29680248,37.59112522,Chesterfield County,-77.5334907,37.45477273
51041100206,51085321401,2,Hanover County,-77.25895891,37.67861465,Chesterfield County,-77.5334907,37.45477273
51041100206,51085321402,2,Hanover County,-77.25179057,37.60113008,Chesterfield County,-77.5334907,37.45477273
51041100208,51085320602,1,Hanover County,-77.47318377,37.74416695,Chesterfield County,-77.5681237,37.45977159
51041100208,51085320701,1,Hanover County,-77.40541715,37.75339045,Chesterfield County,-77.5681237,37.45977159
51041100208,51085320803,1,Hanover County,-77.40178469,37.67555472,Chesterfield County,-77.5681237,37.45977159
51041100208,51085320805,2,Hanover County,-77.42512268,37.6646678,Chesterfield County,-77.5681237,37.45977159
51041100208,51085321201,1,Hanover County,-77.32329616,37.5880924,Chesterfield County,-77.5681237,37.45977159
51041100208,51085321202,1,Hanover County,-77.34349514,37.58490558,Chesterfield County,-77.5681237,37.45977159
51041100208,51085321403,1,Hanover County,-77.17923965,37.62402478,Chesterfield County,-77.5681237,37.45977159
51041100209,51085320100,1,Hanover County,-77.58500006,37.88594378,Chesterfield County,-77.54383141,37.47720254
51041100209,51085320200,3,Hanover County,-77.68504133,37.80777585,Chesterfield County,-77.54383141,37.47720254
51041100209,51085320300,1,Hanover County,-77.6706394,37.73181814,Chesterfield County,-77.54383141,37.47720254
51041100209,51085320400,1,Hanover County,-77.53119038,37.72350989,Chesterfield County,-77.54383141,37.47720254
51041100209,51085320500,2,Hanover County,-77.52199663,37.77211832,Chesterfield County,-77.54383141,37.47720254
51041100209,51085320601,2,Hanover County,-77.47144709,37.77593334,Chesterfield County,-77.54383141,37.47720254
51041100209,51085320602,3,Hanover County,-77.47318377,37.74416695,Chesterfield County,-77.54383141,37.47720254
51041100209,51085320701,3,Hanover County,-77.40541715,37.75339045,Chesterfield County,-77.54383141,37.47720254
51041100209,51085320801,3,Hanover County,-77.43517464,37.72101115,Chesterfield County,-77.54383141,37.47720254
51041100209,51085320803,1,Hanover County,-77.40178469,37.67555472,Chesterfield County,-77.54383141,37.47720254
51041100209,51085320804,5,Hanover County,-77.42040307,37.68215954,Chesterfield County,-77.54383141,37.47720254
51041100209,51085320805,3,Hanover County,-77.42512268,37.6646678,Chesterfield County,-77.54383141,37.47720254
51041100209,51085320901,3,Hanover County,-77.35950464,37.65874207,Chesterfield County,-77.54383141,37.47720254
51041100209,51085320902,1,Hanover County,-77.38681578,37.63660736,Chesterfield County,-77.54383141,37.47720254
51041100209,51085321001,3,Hanover County,-77.35319382,37.62262564,Chesterfield County,-77.54383141,37.47720254
51041100209,51085321003,2,Hanover County,-77.3176218,37.62396679,Chesterfield County,-77.54383141,37.47720254
51041100209,51085321004,5,Hanover County,-77.3166095,37.6515441,Chesterfield County,-77.54383141,37.47720254
51041100209,51085321100,3,Hanover County,-77.38262891,37.61242252,Chesterfield County,-77.54383141,37.47720254
51041100209,51085321201,6,Hanover County,-77.32329616,37.5880924,Chesterfield County,-77.54383141,37.47720254
51041100209,51085321202,8,Hanover County,-77.34349514,37.58490558,Chesterfield County,-77.54383141,37.47720254
51041100209,51085321300,1,Hanover County,-77.29680248,37.59112522,Chesterfield County,-77.54383141,37.47720254
51041100209,51085321402,2,Hanover County,-77.25179057,37.60113008,Chesterfield County,-77.54383141,37.47720254
51041100209,51085321403,1,Hanover County,-77.17923965,37.62402478,Chesterfield County,-77.54383141,37.47720254
51041100210,51085320100,3,Hanover County,-77.58500006,37.88594378,Chesterfield County,-77.52627645,37.48826539
51041100210,51085320400,5,Hanover County,-77.53119038,37.72350989,Chesterfield County,-77.52627645,37.48826539
51041100210,51085320602,2,Hanover County,-77.47318377,37.74416695,Chesterfield County,-77.52627645,37.48826539
51041100210,51085320702,2,Hanover County,-77.33973544,37.72429497,Chesterfield County,-77.52627645,37.48826539
51041100210,51085320803,5,Hanover County,-77.40178469,37.67555472,Chesterfield County,-77.52627645,37.48826539
51041100210,51085320804,2,Hanover County,-77.42040307,37.68215954,Chesterfield County,-77.52627645,37.48826539
51041100210,51085320901,6,Hanover County,-77.35950464,37.65874207,Chesterfield County,-77.52627645,37.48826539
51041100210,51085321001,2,Hanover County,-77.35319382,37.62262564,Chesterfield County,-77.52627645,37.48826539
51041100210,51085321004,1,Hanover County,-77.3166095,37.6515441,Chesterfield County,-77.52627645,37.48826539
51041100210,51085321100,8,Hanover County,-77.38262891,37.61242252,Chesterfield County,-77.52627645,37.48826539
51041100210,51085321201,2,Hanover County,-77.32329616,37.5880924,Chesterfield County,-77.52627645,37.48826539
51041100210,51085321202,5,Hanover County,-77.34349514,37.58490558,Chesterfield County,-77.52627645,37.48826539
51041100210,51085321300,2,Hanover County,-77.29680248,37.59112522,Chesterfield County,-77.52627645,37.48826539
51041100210,51085321401,1,Hanover County,-77.25895891,37.67861465,Chesterfield County,-77.52627645,37.48826539
51041100211,51085320500,1,Hanover County,-77.52199663,37.77211832,Chesterfield County,-77.51523352,37.46884745
51041100211,51085320902,3,Hanover County,-77.38681578,37.63660736,Chesterfield County,-77.51523352,37.46884745
51041100211,51085321001,4,Hanover County,-77.35319382,37.62262564,Chesterfield County,-77.51523352,37.46884745
51041100211,51085321004,2,Hanover County,-77.3166095,37.6515441,Chesterfield County,-77.51523352,37.46884745
51041100211,51085321201,2,Hanover County,-77.32329616,37.5880924,Chesterfield County,-77.51523352,37.46884745
51041100211,51085321300,2,Hanover County,-77.29680248,37.59112522,Chesterfield County,-77.51523352,37.46884745
51041100211,51085321403,2,Hanover County,-77.17923965,37.62402478,Chesterfield County,-77.51523352,37.46884745
51041100212,51085320805,1,Hanover County,-77.42512268,37.6646678,Chesterfield County,-77.50450006,37.45746628
51041100300,51085320100,9,Hanover County,-77.58500006,37.88594378,Chesterfield County,-77.44072057,37.45041861
51041100300,51085320200,2,Hanover County,-77.68504133,37.80777585,Chesterfield County,-77.44072057,37.45041861
51041100300,51085320300,4,Hanover County,-77.6706394,37.73181814,Chesterfield County,-77.44072057,37.45041861
51041100300,51085320400,2,Hanover County,-77.53119038,37.72350989,Chesterfield County,-77.44072057,37.45041861
51041100300,51085320601,1,Hanover County,-77.47144709,37.77593334,Chesterfield County,-77.44072057,37.45041861
51041100300,51085320602,1,Hanover County,-77.47318377,37.74416695,Chesterfield County,-77.44072057,37.45041861
51041100300,51085320701,2,Hanover County,-77.40541715,37.75339045,Chesterfield County,-77.44072057,37.45041861
51041100300,51085320801,2,Hanover County,-77.43517464,37.72101115,Chesterfield County,-77.44072057,37.45041861
51041100300,51085320803,8,Hanover County,-77.40178469,37.67555472,Chesterfield County,-77.44072057,37.45041861
51041100300,51085320804,10,Hanover County,-77.42040307,37.68215954,Chesterfield County,-77.44072057,37.45041861
51041100300,51085320805,4,Hanover County,-77.42512268,37.6646678,Chesterfield County,-77.44072057,37.45041861
51041100300,51085320902,6,Hanover County,-77.38681578,37.63660736,Chesterfield County,-77.44072057,37.45041861
51041100300,51085321001,4,Hanover County,-77.35319382,37.62262564,Chesterfield County,-77.44072057,37.45041861
51041100300,51085321003,2,Hanover County,-77.3176218,37.62396679,Chesterfield County,-77.44072057,37.45041861
51041100300,51085321004,3,Hanover County,-77.3166095,37.6515441,Chesterfield County,-77.44072057,37.45041861
51041100300,51085321100,4,Hanover County,-77.38262891,37.61242252,Chesterfield County,-77.44072057,37.45041861
51041100300,51085321201,13,Hanover County,-77.32329616,37.5880924,Chesterfield County,-77.44072057,37.45041861
51041100300,51085321202,3,Hanover County,-77.34349514,37.58490558,Chesterfield County,-77.44072057,37.45041861
51041100300,51085321300,13,Hanover County,-77.29680248,37.59112522,Chesterfield County,-77.44072057,37.45041861
51041100300,51085321401,1,Hanover County,-77.25895891,37.67861465,Chesterfield County,-77.44072057,37.45041861
51041100300,51085321402,13,Hanover County,-77.25179057,37.60113008,Chesterfield County,-77.44072057,37.45041861
51041100300,51085321403,8,Hanover County,-77.17923965,37.62402478,Chesterfield County,-77.44072057,37.45041861
51041100403,51085320100,26,Hanover County,-77.58500006,37.88594378,Chesterfield County,-77.34009923,37.36551726
51041100403,51085320200,26,Hanover County,-77.68504133,37.80777585,Chesterfield County,-77.34009923,37.36551726
51041100403,51085320300,15,Hanover County,-77.6706394,37.73181814,Chesterfield County,-77.34009923,37.36551726
51041100403,51085320400,24,Hanover County,-77.53119038,37.72350989,Chesterfield County,-77.34009923,37.36551726
51041100403,51085320500,8,Hanover County,-77.52199663,37.77211832,Chesterfield County,-77.34009923,37.36551726
51041100403,51085320601,16,Hanover County,-77.47144709,37.77593334,Chesterfield County,-77.34009923,37.36551726
51041100403,51085320602,13,Hanover County,-77.47318377,37.74416695,Chesterfield County,-77.34009923,37.36551726
51041100403,51085320701,19,Hanover County,-77.40541715,37.75339045,Chesterfield County,-77.34009923,37.36551726
51041100403,51085320702,5,Hanover County,-77.33973544,37.72429497,Chesterfield County,-77.34009923,37.36551726
51041100403,51085320801,24,Hanover County,-77.43517464,37.72101115,Chesterfield County,-77.34009923,37.36551726
51041100403,51085320803,25,Hanover County,-77.40178469,37.67555472,Chesterfield County,-77.34009923,37.36551726
51041100403,51085320804,19,Hanover County,-77.42040307,37.68215954,Chesterfield County,-77.34009923,37.36551726
51041100403,51085320805,17,Hanover County,-77.42512268,37.6646678,Chesterfield County,-77.34009923,37.36551726
51041100403,51085320901,34,Hanover County,-77.35950464,37.65874207,Chesterfield County,-77.34009923,37.36551726
51041100403,51085320902,11,Hanover County,-77.38681578,37.63660736,Chesterfield County,-77.34009923,37.36551726
51041100403,51085321001,19,Hanover County,-77.35319382,37.62262564,Chesterfield County,-77.34009923,37.36551726
51041100403,51085321003,12,Hanover County,-77.3176218,37.62396679,Chesterfield County,-77.34009923,37.36551726
51041100403,51085321004,21,Hanover County,-77.3166095,37.6515441,Chesterfield County,-77.34009923,37.36551726
51041100403,51085321100,15,Hanover County,-77.38262891,37.61242252,Chesterfield County,-77.34009923,37.36551726
51041100403,51085321201,29,Hanover County,-77.32329616,37.5880924,Chesterfield County,-77.34009923,37.36551726
51041100403,51085321202,22,Hanover County,-77.34349514,37.58490558,Chesterfield County,-77.34009923,37.36551726
51041100403,51085321300,46,Hanover County,-77.29680248,37.59112522,Chesterfield County,-77.34009923,37.36551726
51041100403,51085321401,7,Hanover County,-77.25895891,37.67861465,Chesterfield County,-77.34009923,37.36551726
51041100403,51085321402,27,Hanover County,-77.25179057,37.60113008,Chesterfield County,-77.34009923,37.36551726
51041100403,51085321403,20,Hanover County,-77.17923965,37.62402478,Chesterfield County,-77.34009923,37.36551726
51041100404,51085320100,3,Hanover County,-77.58500006,37.88594378,Chesterfield County,-77.43318582,37.423395
51041100404,51085320300,2,Hanover County,-77.6706394,37.73181814,Chesterfield County,-77.43318582,37.423395
51041100404,51085320500,1,Hanover County,-77.52199663,37.77211832,Chesterfield County,-77.43318582,37.423395
51041100404,51085320601,1,Hanover County,-77.47144709,37.77593334,Chesterfield County,-77.43318582,37.423395
51041100404,51085320602,1,Hanover County,-77.47318377,37.74416695,Chesterfield County,-77.43318582,37.423395
51041100404,51085320702,1,Hanover County,-77.33973544,37.72429497,Chesterfield County,-77.43318582,37.423395
51041100404,51085320902,1,Hanover County,-77.38681578,37.63660736,Chesterfield County,-77.43318582,37.423395
51041100404,51085321004,1,Hanover County,-77.3166095,37.6515441,Chesterfield County,-77.43318582,37.423395
51041100404,51085321201,1,Hanover County,-77.32329616,37.5880924,Chesterfield County,-77.43318582,37.423395
51041100404,51085321202,1,Hanover County,-77.34349514,37.58490558,Chesterfield County,-77.43318582,37.423395
51041100404,51085321300,1,Hanover County,-77.29680248,37.59112522,Chesterfield County,-77.43318582,37.423395
51041100405,51085320801,2,Hanover County,-77.43517464,37.72101115,Chesterfield County,-77.44675301,37.43851199
51041100405,51085321300,1,Hanover County,-77.29680248,37.59112522,Chesterfield County,-77.44675301,37.43851199
51041100405,51085321402,1,Hanover County,-77.25179057,37.60113008,Chesterfield County,-77.44675301,37.43851199
51041100406,51085320100,1,Hanover County,-77.58500006,37.88594378,Chesterfield County,-77.44553256,37.41976492
51041100406,51085320200,1,Hanover County,-77.68504133,37.80777585,Chesterfield County,-77.44553256,37.41976492
51041100406,51085320400,1,Hanover County,-77.53119038,37.72350989,Chesterfield County,-77.44553256,37.41976492
51041100406,51085320601,1,Hanover County,-77.47144709,37.77593334,Chesterfield County,-77.44553256,37.41976492
51041100406,51085320803,3,Hanover County,-77.40178469,37.67555472,Chesterfield County,-77.44553256,37.41976492
51041100406,51085320901,1,Hanover County,-77.35950464,37.65874207,Chesterfield County,-77.44553256,37.41976492
51041100406,51085320902,2,Hanover County,-77.38681578,37.63660736,Chesterfield County,-77.44553256,37.41976492
51041100406,51085321201,1,Hanover County,-77.32329616,37.5880924,Chesterfield County,-77.44553256,37.41976492
51041100406,51085321202,2,Hanover County,-77.34349514,37.58490558,Chesterfield County,-77.44553256,37.41976492
51041100407,51085320100,1,Hanover County,-77.58500006,37.88594378,Chesterfield County,-77.43519495,37.39367918
51041100407,51085320200,3,Hanover County,-77.68504133,37.80777585,Chesterfield County,-77.43519495,37.39367918
51041100407,51085320601,3,Hanover County,-77.47144709,37.77593334,Chesterfield County,-77.43519495,37.39367918
51041100407,51085320602,1,Hanover County,-77.47318377,37.74416695,Chesterfield County,-77.43519495,37.39367918
51041100407,51085320702,1,Hanover County,-77.33973544,37.72429497,Chesterfield County,-77.43519495,37.39367918
51041100407,51085320902,1,Hanover County,-77.38681578,37.63660736,Chesterfield County,-77.43519495,37.39367918
51041100407,51085321003,1,Hanover County,-77.3176218,37.62396679,Chesterfield County,-77.43519495,37.39367918
51041100407,51085321004,2,Hanover County,-77.3166095,37.6515441,Chesterfield County,-77.43519495,37.39367918
51041100407,51085321201,1,Hanover County,-77.32329616,37.5880924,Chesterfield County,-77.43519495,37.39367918
51041100407,51085321202,1,Hanover County,-77.34349514,37.58490558,Chesterfield County,-77.43519495,37.39367918
51041100407,51085321300,3,Hanover County,-77.29680248,37.59112522,Chesterfield County,-77.43519495,37.39367918
51041100409,51085320100,7,Hanover County,-77.58500006,37.88594378,Chesterfield County,-77.42961382,37.3696818
51041100409,51085320200,2,Hanover County,-77.68504133,37.80777585,Chesterfield County,-77.42961382,37.3696818
51041100409,51085320400,3,Hanover County,-77.53119038,37.72350989,Chesterfield County,-77.42961382,37.3696818
51041100409,51085320601,3,Hanover County,-77.47144709,37.77593334,Chesterfield County,-77.42961382,37.3696818
51041100409,51085320602,2,Hanover County,-77.47318377,37.74416695,Chesterfield County,-77.42961382,37.3696818
51041100409,51085320701,1,Hanover County,-77.40541715,37.75339045,Chesterfield County,-77.42961382,37.3696818
51041100409,51085320702,2,Hanover County,-77.33973544,37.72429497,Chesterfield County,-77.42961382,37.3696818
51041100409,51085320803,4,Hanover County,-77.40178469,37.67555472,Chesterfield County,-77.42961382,37.3696818
51041100409,51085320804,2,Hanover County,-77.42040307,37.68215954,Chesterfield County,-77.42961382,37.3696818
51041100409,51085320805,3,Hanover County,-77.42512268,37.6646678,Chesterfield County,-77.42961382,37.3696818
51041100409,51085320901,1,Hanover County,-77.35950464,37.65874207,Chesterfield County,-77.42961382,37.3696818
51041100409,51085320902,1,Hanover County,-77.38681578,37.63660736,Chesterfield County,-77.42961382,37.3696818
51041100409,51085321001,3,Hanover County,-77.35319382,37.62262564,Chesterfield County,-77.42961382,37.3696818
51041100409,51085321003,2,Hanover County,-77.3176218,37.62396679,Chesterfield County,-77.42961382,37.3696818
51041100409,51085321004,1,Hanover County,-77.3166095,37.6515441,Chesterfield County,-77.42961382,37.3696818
51041100409,51085321100,1,Hanover County,-77.38262891,37.61242252,Chesterfield County,-77.42961382,37.3696818
51041100409,51085321201,4,Hanover County,-77.32329616,37.5880924,Chesterfield County,-77.42961382,37.3696818
51041100409,51085321202,4,Hanover County,-77.34349514,37.58490558,Chesterfield County,-77.42961382,37.3696818
51041100409,51085321300,3,Hanover County,-77.29680248,37.59112522,Chesterfield County,-77.42961382,37.3696818
51041100409,51085321401,2,Hanover County,-77.25895891,37.67861465,Chesterfield County,-77.42961382,37.3696818
51041100409,51085321402,3,Hanover County,-77.25179057,37.60113008,Chesterfield County,-77.42961382,37.3696818
51041100409,51085321403,2,Hanover County,-77.17923965,37.62402478,Chesterfield County,-77.42961382,37.3696818
51041100410,51085320100,1,Hanover County,-77.58500006,37.88594378,Chesterfield County,-77.45365971,37.35954334
51041100410,51085320300,1,Hanover County,-77.6706394,37.73181814,Chesterfield County,-77.45365971,37.35954334
51041100410,51085320602,2,Hanover County,-77.47318377,37.74416695,Chesterfield County,-77.45365971,37.35954334
51041100410,51085320801,2,Hanover County,-77.43517464,37.72101115,Chesterfield County,-77.45365971,37.35954334
51041100410,51085321100,1,Hanover County,-77.38262891,37.61242252,Chesterfield County,-77.45365971,37.35954334
51041100410,51085321300,1,Hanover County,-77.29680248,37.59112522,Chesterfield County,-77.45365971,37.35954334
51041100505,51085320100,3,Hanover County,-77.58500006,37.88594378,Chesterfield County,-77.43662449,37.34661541
51041100505,51085320200,6,Hanover County,-77.68504133,37.80777585,Chesterfield County,-77.43662449,37.34661541
51041100505,51085320300,4,Hanover County,-77.6706394,37.73181814,Chesterfield County,-77.43662449,37.34661541
51041100505,51085320400,6,Hanover County,-77.53119038,37.72350989,Chesterfield County,-77.43662449,37.34661541
51041100505,51085320500,1,Hanover County,-77.52199663,37.77211832,Chesterfield County,-77.43662449,37.34661541
51041100505,51085320601,6,Hanover County,-77.47144709,37.77593334,Chesterfield County,-77.43662449,37.34661541
51041100505,51085320602,2,Hanover County,-77.47318377,37.74416695,Chesterfield County,-77.43662449,37.34661541
51041100505,51085320701,2,Hanover County,-77.40541715,37.75339045,Chesterfield County,-77.43662449,37.34661541
51041100505,51085320702,6,Hanover County,-77.33973544,37.72429497,Chesterfield County,-77.43662449,37.34661541
51041100505,51085320801,4,Hanover County,-77.43517464,37.72101115,Chesterfield County,-77.43662449,37.34661541
51041100505,51085320803,4,Hanover County,-77.40178469,37.67555472,Chesterfield County,-77.43662449,37.34661541
51041100505,51085320804,1,Hanover County,-77.42040307,37.68215954,Chesterfield County,-77.43662449,37.34661541
51041100505,51085320901,2,Hanover County,-77.35950464,37.65874207,Chesterfield County,-77.43662449,37.34661541
51041100505,51085320902,4,Hanover County,-77.38681578,37.63660736,Chesterfield County,-77.43662449,37.34661541
51041100505,51085321001,6,Hanover County,-77.35319382,37.62262564,Chesterfield County,-77.43662449,37.34661541
51041100505,51085321003,4,Hanover County,-77.3176218,37.62396679,Chesterfield County,-77.43662449,37.34661541
51041100505,51085321100,8,Hanover County,-77.38262891,37.61242252,Chesterfield County,-77.43662449,37.34661541
51041100505,51085321201,13,Hanover County,-77.32329616,37.5880924,Chesterfield County,-77.43662449,37.34661541
51041100505,51085321202,7,Hanover County,-77.34349514,37.58490558,Chesterfield County,-77.43662449,37.34661541
51041100505,51085321300,7,Hanover County,-77.29680248,37.59112522,Chesterfield County,-77.43662449,37.34661541
51041100505,51085321401,2,Hanover County,-77.25895891,37.67861465,Chesterfield County,-77.43662449,37.34661541
51041100505,51085321402,4,Hanover County,-77.25179057,37.60113008,Chesterfield County,-77.43662449,37.34661541
51041100505,51085321403,5,Hanover County,-77.17923965,37.62402478,Chesterfield County,-77.43662449,37.34661541
51041100506,51085320100,2,Hanover County,-77.58500006,37.88594378,Chesterfield County,-77.41415866,37.32218428
51041100506,51085320200,1,Hanover County,-77.68504133,37.80777585,Chesterfield County,-77.41415866,37.32218428
51041100506,51085320300,1,Hanover County,-77.6706394,37.73181814,Chesterfield County,-77.41415866,37.32218428
51041100506,51085320400,1,Hanover County,-77.53119038,37.72350989,Chesterfield County,-77.41415866,37.32218428
51041100506,51085320500,1,Hanover County,-77.52199663,37.77211832,Chesterfield County,-77.41415866,37.32218428
51041100506,51085320601,1,Hanover County,-77.47144709,37.77593334,Chesterfield County,-77.41415866,37.32218428
51041100506,51085320702,4,Hanover County,-77.33973544,37.72429497,Chesterfield County,-77.41415866,37.32218428
51041100506,51085320801,2,Hanover County,-77.43517464,37.72101115,Chesterfield County,-77.41415866,37.32218428
51041100506,51085320803,6,Hanover County,-77.40178469,37.67555472,Chesterfield County,-77.41415866,37.32218428
51041100506,51085320804,4,Hanover County,-77.42040307,37.68215954,Chesterfield County,-77.41415866,37.32218428
51041100506,51085320805,2,Hanover County,-77.42512268,37.6646678,Chesterfield County,-77.41415866,37.32218428
51041100506,51085320901,7,Hanover County,-77.35950464,37.65874207,Chesterfield County,-77.41415866,37.32218428
51041100506,51085320902,3,Hanover County,-77.38681578,37.63660736,Chesterfield County,-77.41415866,37.32218428
51041100506,51085321003,2,Hanover County,-77.3176218,37.62396679,Chesterfield County,-77.41415866,37.32218428
51041100506,51085321100,2,Hanover County,-77.38262891,37.61242252,Chesterfield County,-77.41415866,37.32218428
51041100506,51085321201,3,Hanover County,-77.32329616,37.5880924,Chesterfield County,-77.41415866,37.32218428
51041100506,51085321202,1,Hanover County,-77.34349514,37.58490558,Chesterfield County,-77.41415866,37.32218428
51041100506,51085321300,4,Hanover County,-77.29680248,37.59112522,Chesterfield County,-77.41415866,37.32218428
51041100506,51085321401,2,Hanover County,-77.25895891,37.67861465,Chesterfield County,-77.41415866,37.32218428
51041100506,51085321402,8,Hanover County,-77.25179057,37.60113008,Chesterfield County,-77.41415866,37.32218428
51041100506,51085321403,3,Hanover County,-77.17923965,37.62402478,Chesterfield County,-77.41415866,37.32218428
51041100507,51085320902,1,Hanover County,-77.38681578,37.63660736,Chesterfield County,-77.43856897,37.3079419
51041100507,51085321202,1,Hanover County,-77.34349514,37.58490558,Chesterfield County,-77.43856897,37.3079419
51041100508,51085320300,1,Hanover County,-77.6706394,37.73181814,Chesterfield County,-77.41493663,37.3012045
51041100508,51085320400,1,Hanover County,-77.53119038,37.72350989,Chesterfield County,-77.41493663,37.3012045
51041100508,51085320500,1,Hanover County,-77.52199663,37.77211832,Chesterfield County,-77.41493663,37.3012045
51041100508,51085320601,2,Hanover County,-77.47144709,37.77593334,Chesterfield County,-77.41493663,37.3012045
51041100508,51085320702,1,Hanover County,-77.33973544,37.72429497,Chesterfield County,-77.41493663,37.3012045
51041100508,51085320801,1,Hanover County,-77.43517464,37.72101115,Chesterfield County,-77.41493663,37.3012045
51041100508,51085321001,1,Hanover County,-77.35319382,37.62262564,Chesterfield County,-77.41493663,37.3012045
51041100508,51085321004,2,Hanover County,-77.3166095,37.6515441,Chesterfield County,-77.41493663,37.3012045
51041100508,51085321403,1,Hanover County,-77.17923965,37.62402478,Chesterfield County,-77.41493663,37.3012045
51041100509,51085320100,5,Hanover County,-77.58500006,37.88594378,Chesterfield County,-77.37201415,37.31882739
51041100509,51085320200,9,Hanover County,-77.68504133,37.80777585,Chesterfield County,-77.37201415,37.31882739
51041100509,51085320300,4,Hanover County,-77.6706394,37.73181814,Chesterfield County,-77.37201415,37.31882739
51041100509,51085320400,9,Hanover County,-77.53119038,37.72350989,Chesterfield County,-77.37201415,37.31882739
51041100509,51085320500,3,Hanover County,-77.52199663,37.77211832,Chesterfield County,-77.37201415,37.31882739
51041100509,51085320602,3,Hanover County,-77.47318377,37.74416695,Chesterfield County,-77.37201415,37.31882739
51041100509,51085320701,3,Hanover County,-77.40541715,37.75339045,Chesterfield County,-77.37201415,37.31882739
51041100509,51085320702,1,Hanover County,-77.33973544,37.72429497,Chesterfield County,-77.37201415,37.31882739
51041100509,51085320801,3,Hanover County,-77.43517464,37.72101115,Chesterfield County,-77.37201415,37.31882739
51041100509,51085320803,15,Hanover County,-77.40178469,37.67555472,Chesterfield County,-77.37201415,37.31882739
51041100509,51085320804,8,Hanover County,-77.42040307,37.68215954,Chesterfield County,-77.37201415,37.31882739
51041100509,51085320805,4,Hanover County,-77.42512268,37.6646678,Chesterfield County,-77.37201415,37.31882739
51041100509,51085320901,4,Hanover County,-77.35950464,37.65874207,Chesterfield County,-77.37201415,37.31882739
51041100509,51085320902,4,Hanover County,-77.38681578,37.63660736,Chesterfield County,-77.37201415,37.31882739
51041100509,51085321001,16,Hanover County,-77.35319382,37.62262564,Chesterfield County,-77.37201415,37.31882739
51041100509,51085321003,12,Hanover County,-77.3176218,37.62396679,Chesterfield County,-77.37201415,37.31882739
51041100509,51085321004,4,Hanover County,-77.3166095,37.6515441,Chesterfield County,-77.37201415,37.31882739
51041100509,51085321100,18,Hanover County,-77.38262891,37.61242252,Chesterfield County,-77.37201415,37.31882739
51041100509,51085321201,17,Hanover County,-77.32329616,37.5880924,Chesterfield County,-77.37201415,37.31882739
51041100509,51085321202,8,Hanover County,-77.34349514,37.58490558,Chesterfield County,-77.37201415,37.31882739
51041100509,51085321300,18,Hanover County,-77.29680248,37.59112522,Chesterfield County,-77.37201415,37.31882739
51041100509,51085321401,11,Hanover County,-77.25895891,37.67861465,Chesterfield County,-77.37201415,37.31882739
51041100509,51085321402,2,Hanover County,-77.25179057,37.60113008,Chesterfield County,-77.37201415,37.31882739
51041100509,51085321403,2,Hanover County,-77.17923965,37.62402478,Chesterfield County,-77.37201415,37.31882739
51041100510,51085320100,3,Hanover County,-77.58500006,37.88594378,Chesterfield County,-77.32318296,37.32181582
51041100510,51085320300,2,Hanover County,-77.6706394,37.73181814,Chesterfield County,-77.32318296,37.32181582
51041100510,51085320400,1,Hanover County,-77.53119038,37.72350989,Chesterfield County,-77.32318296,37.32181582
51041100510,51085320701,1,Hanover County,-77.40541715,37.75339045,Chesterfield County,-77.32318296,37.32181582
51041100510,51085320801,1,Hanover County,-77.43517464,37.72101115,Chesterfield County,-77.32318296,37.32181582
51041100510,51085320803,1,Hanover County,-77.40178469,37.67555472,Chesterfield County,-77.32318296,37.32181582
51041100510,51085320804,2,Hanover County,-77.42040307,37.68215954,Chesterfield County,-77.32318296,37.32181582
51041100510,51085320901,1,Hanover County,-77.35950464,37.65874207,Chesterfield County,-77.32318296,37.32181582
51041100510,51085321100,3,Hanover County,-77.38262891,37.61242252,Chesterfield County,-77.32318296,37.32181582
51041100510,51085321300,1,Hanover County,-77.29680248,37.59112522,Chesterfield County,-77.32318296,37.32181582
51041100510,51085321402,2,Hanover County,-77.25179057,37.60113008,Chesterfield County,-77.32318296,37.32181582
51041100510,51085321403,1,Hanover County,-77.17923965,37.62402478,Chesterfield County,-77.32318296,37.32181582
51041100600,51085320602,3,Hanover County,-77.47318377,37.74416695,Chesterfield County,-77.42319043,37.24154169
51041100600,51085320803,2,Hanover County,-77.40178469,37.67555472,Chesterfield County,-77.42319043,37.24154169
51041100600,51085320901,2,Hanover County,-77.35950464,37.65874207,Chesterfield County,-77.42319043,37.24154169
51041100600,51085321001,1,Hanover County,-77.35319382,37.62262564,Chesterfield County,-77.42319043,37.24154169
51041100600,51085321100,4,Hanover County,-77.38262891,37.61242252,Chesterfield County,-77.42319043,37.24154169
51041100600,51085321201,1,Hanover County,-77.32329616,37.5880924,Chesterfield County,-77.42319043,37.24154169
51041100600,51085321300,2,Hanover County,-77.29680248,37.59112522,Chesterfield County,-77.42319043,37.24154169
51041100701,51085320100,2,Hanover County,-77.58500006,37.88594378,Chesterfield County,-77.44977765,37.23958262
51041100701,51085320801,1,Hanover County,-77.43517464,37.72101115,Chesterfield County,-77.44977765,37.23958262
51041100701,51085321004,2,Hanover County,-77.3166095,37.6515441,Chesterfield County,-77.44977765,37.23958262
51041100701,51085321202,1,Hanover County,-77.34349514,37.58490558,Chesterfield County,-77.44977765,37.23958262
51041100702,51085320602,2,Hanover County,-77.47318377,37.74416695,Chesterfield County,-77.46611795,37.2606962
51041100702,51085321202,1,Hanover County,-77.34349514,37.58490558,Chesterfield County,-77.46611795,37.2606962
51041100704,51085320701,1,Hanover County,-77.40541715,37.75339045,Chesterfield County,-77.57949425,37.26699697
51041100704,51085320804,1,Hanover County,-77.42040307,37.68215954,Chesterfield County,-77.57949425,37.26699697
51041100704,51085321004,1,Hanover County,-77.3166095,37.6515441,Chesterfield County,-77.57949425,37.26699697
51041100704,51085321300,1,Hanover County,-77.29680248,37.59112522,Chesterfield County,-77.57949425,37.26699697
51041100705,51085320601,2,Hanover County,-77.47144709,37.77593334,Chesterfield County,-77.54650989,37.30209467
51041100705,51085321100,2,Hanover County,-77.38262891,37.61242252,Chesterfield County,-77.54650989,37.30209467
51041100705,51085321402,1,Hanover County,-77.25179057,37.60113008,Chesterfield County,-77.54650989,37.30209467
51041100705,51085321403,1,Hanover County,-77.17923965,37.62402478,Chesterfield County,-77.54650989,37.30209467
51041100804,51085320100,2,Hanover County,-77.58500006,37.88594378,Chesterfield County,-77.46922264,37.45119552
51041100804,51085320400,1,Hanover County,-77.53119038,37.72350989,Chesterfield County,-77.46922264,37.45119552
51041100804,51085320701,1,Hanover County,-77.40541715,37.75339045,Chesterfield County,-77.46922264,37.45119552
51041100804,51085321001,5,Hanover County,-77.35319382,37.62262564,Chesterfield County,-77.46922264,37.45119552
51041100804,51085321003,4,Hanover County,-77.3176218,37.62396679,Chesterfield County,-77.46922264,37.45119552
51041100804,51085321004,4,Hanover County,-77.3166095,37.6515441,Chesterfield County,-77.46922264,37.45119552
51041100804,51085321100,1,Hanover County,-77.38262891,37.61242252,Chesterfield County,-77.46922264,37.45119552
51041100804,51085321201,1,Hanover County,-77.32329616,37.5880924,Chesterfield County,-77.46922264,37.45119552
51041100804,51085321202,2,Hanover County,-77.34349514,37.58490558,Chesterfield County,-77.46922264,37.45119552
51041100804,51085321401,1,Hanover County,-77.25895891,37.67861465,Chesterfield County,-77.46922264,37.45119552
51041100805,51085320400,2,Hanover County,-77.53119038,37.72350989,Chesterfield County,-77.4843688,37.43053405
51041100805,51085320702,3,Hanover County,-77.33973544,37.72429497,Chesterfield County,-77.4843688,37.43053405
51041100805,51085320801,2,Hanover County,-77.43517464,37.72101115,Chesterfield County,-77.4843688,37.43053405
51041100805,51085320804,3,Hanover County,-77.42040307,37.68215954,Chesterfield County,-77.4843688,37.43053405
51041100805,51085320901,5,Hanover County,-77.35950464,37.65874207,Chesterfield County,-77.4843688,37.43053405
51041100805,51085321004,2,Hanover County,-77.3166095,37.6515441,Chesterfield County,-77.4843688,37.43053405
51041100805,51085321100,2,Hanover County,-77.38262891,37.61242252,Chesterfield County,-77.4843688,37.43053405
51041100805,51085321201,1,Hanover County,-77.32329616,37.5880924,Chesterfield County,-77.4843688,37.43053405
51041100805,51085321202,6,Hanover County,-77.34349514,37.58490558,Chesterfield County,-77.4843688,37.43053405
51041100805,51085321300,1,Hanover County,-77.29680248,37.59112522,Chesterfield County,-77.4843688,37.43053405
51041100805,51085321401,4,Hanover County,-77.25895891,37.67861465,Chesterfield County,-77.4843688,37.43053405
51041100805,51085321402,1,Hanover County,-77.25179057,37.60113008,Chesterfield County,-77.4843688,37.43053405
51041100806,51085320300,1,Hanover County,-77.6706394,37.73181814,Chesterfield County,-77.46446226,37.43376974
51041100806,51085320500,1,Hanover County,-77.52199663,37.77211832,Chesterfield County,-77.46446226,37.43376974
51041100806,51085320602,7,Hanover County,-77.47318377,37.74416695,Chesterfield County,-77.46446226,37.43376974
51041100806,51085320902,1,Hanover County,-77.38681578,37.63660736,Chesterfield County,-77.46446226,37.43376974
51041100806,51085321001,2,Hanover County,-77.35319382,37.62262564,Chesterfield County,-77.46446226,37.43376974
51041100806,51085321003,2,Hanover County,-77.3176218,37.62396679,Chesterfield County,-77.46446226,37.43376974
51041100806,51085321201,6,Hanover County,-77.32329616,37.5880924,Chesterfield County,-77.46446226,37.43376974
51041100806,51085321202,3,Hanover County,-77.34349514,37.58490558,Chesterfield County,-77.46446226,37.43376974
51041100806,51085321300,2,Hanover County,-77.29680248,37.59112522,Chesterfield County,-77.46446226,37.43376974
51041100806,51085321401,2,Hanover County,-77.25895891,37.67861465,Chesterfield County,-77.46446226,37.43376974
51041100806,51085321402,1,Hanover County,-77.25179057,37.60113008,Chesterfield County,-77.46446226,37.43376974
51041100807,51085320702,1,Hanover County,-77.33973544,37.72429497,Chesterfield County,-77.4625503,37.42003361
51041100807,51085320801,1,Hanover County,-77.43517464,37.72101115,Chesterfield County,-77.4625503,37.42003361
51041100807,51085320804,1,Hanover County,-77.42040307,37.68215954,Chesterfield County,-77.4625503,37.42003361
51041100807,51085320902,1,Hanover County,-77.38681578,37.63660736,Chesterfield County,-77.4625503,37.42003361
51041100807,51085321201,1,Hanover County,-77.32329616,37.5880924,Chesterfield County,-77.4625503,37.42003361
51041100812,51085320200,3,Hanover County,-77.68504133,37.80777585,Chesterfield County,-77.57030314,37.42885868
51041100812,51085320300,1,Hanover County,-77.6706394,37.73181814,Chesterfield County,-77.57030314,37.42885868
51041100812,51085320400,1,Hanover County,-77.53119038,37.72350989,Chesterfield County,-77.57030314,37.42885868
51041100812,51085320601,1,Hanover County,-77.47144709,37.77593334,Chesterfield County,-77.57030314,37.42885868
51041100812,51085320602,1,Hanover County,-77.47318377,37.74416695,Chesterfield County,-77.57030314,37.42885868
51041100812,51085320701,1,Hanover County,-77.40541715,37.75339045,Chesterfield County,-77.57030314,37.42885868
51041100812,51085320803,1,Hanover County,-77.40178469,37.67555472,Chesterfield County,-77.57030314,37.42885868
51041100812,51085320804,2,Hanover County,-77.42040307,37.68215954,Chesterfield County,-77.57030314,37.42885868
51041100812,51085320805,5,Hanover County,-77.42512268,37.6646678,Chesterfield County,-77.57030314,37.42885868
51041100812,51085320901,1,Hanover County,-77.35950464,37.65874207,Chesterfield County,-77.57030314,37.42885868
51041100812,51085321001,2,Hanover County,-77.35319382,37.62262564,Chesterfield County,-77.57030314,37.42885868
51041100812,51085321100,1,Hanover County,-77.38262891,37.61242252,Chesterfield County,-77.57030314,37.42885868
51041100812,51085321201,2,Hanover County,-77.32329616,37.5880924,Chesterfield County,-77.57030314,37.42885868
51041100812,51085321202,1,Hanover County,-77.34349514,37.58490558,Chesterfield County,-77.57030314,37.42885868
51041100812,51085321300,1,Hanover County,-77.29680248,37.59112522,Chesterfield County,-77.57030314,37.42885868
51041100812,51085321402,1,Hanover County,-77.25179057,37.60113008,Chesterfield County,-77.57030314,37.42885868
51041100814,51085320200,3,Hanover County,-77.68504133,37.80777585,Chesterfield County,-77.49516004,37.40390745
51041100814,51085320602,2,Hanover County,-77.47318377,37.74416695,Chesterfield County,-77.49516004,37.40390745
51041100814,51085321004,1,Hanover County,-77.3166095,37.6515441,Chesterfield County,-77.49516004,37.40390745
51041100814,51085321202,1,Hanover County,-77.34349514,37.58490558,Chesterfield County,-77.49516004,37.40390745
51041100814,51085321401,1,Hanover County,-77.25895891,37.67861465,Chesterfield County,-77.49516004,37.40390745
51041100814,51085321402,1,Hanover County,-77.25179057,37.60113008,Chesterfield County,-77.49516004,37.40390745
51041100815,51085321201,1,Hanover County,-77.32329616,37.5880924,Chesterfield County,-77.46936866,37.4035199
51041100815,51085321202,1,Hanover County,-77.34349514,37.58490558,Chesterfield County,-77.46936866,37.4035199
51041100815,51085321402,1,Hanover County,-77.25179057,37.60113008,Chesterfield County,-77.46936866,37.4035199
51041100817,51085320100,13,Hanover County,-77.58500006,37.88594378,Chesterfield County,-77.49978556,37.38463151
51041100817,51085320200,10,Hanover County,-77.68504133,37.80777585,Chesterfield County,-77.49978556,37.38463151
51041100817,51085320300,16,Hanover County,-77.6706394,37.73181814,Chesterfield County,-77.49978556,37.38463151
51041100817,51085320400,12,Hanover County,-77.53119038,37.72350989,Chesterfield County,-77.49978556,37.38463151
51041100817,51085320500,6,Hanover County,-77.52199663,37.77211832,Chesterfield County,-77.49978556,37.38463151
51041100817,51085320601,1,Hanover County,-77.47144709,37.77593334,Chesterfield County,-77.49978556,37.38463151
51041100817,51085320602,2,Hanover County,-77.47318377,37.74416695,Chesterfield County,-77.49978556,37.38463151
51041100817,51085320701,7,Hanover County,-77.40541715,37.75339045,Chesterfield County,-77.49978556,37.38463151
51041100817,51085320702,8,Hanover County,-77.33973544,37.72429497,Chesterfield County,-77.49978556,37.38463151
51041100817,51085320801,5,Hanover County,-77.43517464,37.72101115,Chesterfield County,-77.49978556,37.38463151
51041100817,51085320803,13,Hanover County,-77.40178469,37.67555472,Chesterfield County,-77.49978556,37.38463151
51041100817,51085320804,18,Hanover County,-77.42040307,37.68215954,Chesterfield County,-77.49978556,37.38463151
51041100817,51085320805,5,Hanover County,-77.42512268,37.6646678,Chesterfield County,-77.49978556,37.38463151
51041100817,51085320901,14,Hanover County,-77.35950464,37.65874207,Chesterfield County,-77.49978556,37.38463151
51041100817,51085320902,6,Hanover County,-77.38681578,37.63660736,Chesterfield County,-77.49978556,37.38463151
51041100817,51085321001,9,Hanover County,-77.35319382,37.62262564,Chesterfield County,-77.49978556,37.38463151
51041100817,51085321003,12,Hanover County,-77.3176218,37.62396679,Chesterfield County,-77.49978556,37.38463151
51041100817,51085321004,12,Hanover County,-77.3166095,37.6515441,Chesterfield County,-77.49978556,37.38463151
51041100817,51085321100,16,Hanover County,-77.38262891,37.61242252,Chesterfield County,-77.49978556,37.38463151
51041100817,51085321201,7,Hanover County,-77.32329616,37.5880924,Chesterfield County,-77.49978556,37.38463151
51041100817,51085321202,8,Hanover County,-77.34349514,37.58490558,Chesterfield County,-77.49978556,37.38463151
51041100817,51085321300,19,Hanover County,-77.29680248,37.59112522,Chesterfield County,-77.49978556,37.38463151
51041100817,51085321401,1,Hanover County,-77.25895891,37.67861465,Chesterfield County,-77.49978556,37.38463151
51041100817,51085321402,10,Hanover County,-77.25179057,37.60113008,Chesterfield County,-77.49978556,37.38463151
51041100817,51085321403,6,Hanover County,-77.17923965,37.62402478,Chesterfield County,-77.49978556,37.38463151
51041100818,51085320100,1,Hanover County,-77.58500006,37.88594378,Chesterfield County,-77.54229628,37.42866875
51041100818,51085320400,4,Hanover County,-77.53119038,37.72350989,Chesterfield County,-77.54229628,37.42866875
51041100818,51085320602,1,Hanover County,-77.47318377,37.74416695,Chesterfield County,-77.54229628,37.42866875
51041100818,51085320701,3,Hanover County,-77.40541715,37.75339045,Chesterfield County,-77.54229628,37.42866875
51041100818,51085320803,1,Hanover County,-77.40178469,37.67555472,Chesterfield County,-77.54229628,37.42866875
51041100818,51085321003,1,Hanover County,-77.3176218,37.62396679,Chesterfield County,-77.54229628,37.42866875
51041100818,51085321004,1,Hanover County,-77.3166095,37.6515441,Chesterfield County,-77.54229628,37.42866875
51041100818,51085321100,3,Hanover County,-77.38262891,37.61242252,Chesterfield County,-77.54229628,37.42866875
51041100818,51085321201,1,Hanover County,-77.32329616,37.5880924,Chesterfield County,-77.54229628,37.42866875
51041100818,51085321202,1,Hanover County,-77.34349514,37.58490558,Chesterfield County,-77.54229628,37.42866875
51041100818,51085321403,1,Hanover County,-77.17923965,37.62402478,Chesterfield County,-77.54229628,37.42866875
51041100819,51085320200,1,Hanover County,-77.68504133,37.80777585,Chesterfield County,-77.50968155,37.43754339
51041100819,51085320400,2,Hanover County,-77.53119038,37.72350989,Chesterfield County,-77.50968155,37.43754339
51041100819,51085320602,1,Hanover County,-77.47318377,37.74416695,Chesterfield County,-77.50968155,37.43754339
51041100819,51085320804,1,Hanover County,-77.42040307,37.68215954,Chesterfield County,-77.50968155,37.43754339
51041100819,51085320901,1,Hanover County,-77.35950464,37.65874207,Chesterfield County,-77.50968155,37.43754339
51041100819,51085320902,1,Hanover County,-77.38681578,37.63660736,Chesterfield County,-77.50968155,37.43754339
51041100819,51085321001,4,Hanover County,-77.35319382,37.62262564,Chesterfield County,-77.50968155,37.43754339
51041100819,51085321300,1,Hanover County,-77.29680248,37.59112522,Chesterfield County,-77.50968155,37.43754339
51041100819,51085321403,1,Hanover County,-77.17923965,37.62402478,Chesterfield County,-77.50968155,37.43754339
51041100820,51085320100,5,Hanover County,-77.58500006,37.88594378,Chesterfield County,-77.52097119,37.41250194
51041100820,51085320200,5,Hanover County,-77.68504133,37.80777585,Chesterfield County,-77.52097119,37.41250194
51041100820,51085320300,2,Hanover County,-77.6706394,37.73181814,Chesterfield County,-77.52097119,37.41250194
51041100820,51085320400,10,Hanover County,-77.53119038,37.72350989,Chesterfield County,-77.52097119,37.41250194
51041100820,51085320500,1,Hanover County,-77.52199663,37.77211832,Chesterfield County,-77.52097119,37.41250194
51041100820,51085320601,4,Hanover County,-77.47144709,37.77593334,Chesterfield County,-77.52097119,37.41250194
51041100820,51085320602,2,Hanover County,-77.47318377,37.74416695,Chesterfield County,-77.52097119,37.41250194
51041100820,51085320702,1,Hanover County,-77.33973544,37.72429497,Chesterfield County,-77.52097119,37.41250194
51041100820,51085320801,1,Hanover County,-77.43517464,37.72101115,Chesterfield County,-77.52097119,37.41250194
51041100820,51085320803,7,Hanover County,-77.40178469,37.67555472,Chesterfield County,-77.52097119,37.41250194
51041100820,51085320804,3,Hanover County,-77.42040307,37.68215954,Chesterfield County,-77.52097119,37.41250194
51041100820,51085320805,1,Hanover County,-77.42512268,37.6646678,Chesterfield County,-77.52097119,37.41250194
51041100820,51085320901,6,Hanover County,-77.35950464,37.65874207,Chesterfield County,-77.52097119,37.41250194
51041100820,51085320902,8,Hanover County,-77.38681578,37.63660736,Chesterfield County,-77.52097119,37.41250194
51041100820,51085321003,4,Hanover County,-77.3176218,37.62396679,Chesterfield County,-77.52097119,37.41250194
51041100820,51085321004,5,Hanover County,-77.3166095,37.6515441,Chesterfield County,-77.52097119,37.41250194
51041100820,51085321100,9,Hanover County,-77.38262891,37.61242252,Chesterfield County,-77.52097119,37.41250194
51041100820,51085321201,1,Hanover County,-77.32329616,37.5880924,Chesterfield County,-77.52097119,37.41250194
51041100820,51085321202,6,Hanover County,-77.34349514,37.58490558,Chesterfield County,-77.52097119,37.41250194
51041100820,51085321300,9,Hanover County,-77.29680248,37.59112522,Chesterfield County,-77.52097119,37.41250194
51041100820,51085321401,1,Hanover County,-77.25895891,37.67861465,Chesterfield County,-77.52097119,37.41250194
51041100820,51085321402,11,Hanover County,-77.25179057,37.60113008,Chesterfield County,-77.52097119,37.41250194
51041100820,51085321403,3,Hanover County,-77.17923965,37.62402478,Chesterfield County,-77.52097119,37.41250194
51041100821,51085320100,4,Hanover County,-77.58500006,37.88594378,Chesterfield County,-77.56965311,37.36559954
51041100821,51085320300,1,Hanover County,-77.6706394,37.73181814,Chesterfield County,-77.56965311,37.36559954
51041100821,51085320400,4,Hanover County,-77.53119038,37.72350989,Chesterfield County,-77.56965311,37.36559954
51041100821,51085320500,1,Hanover County,-77.52199663,37.77211832,Chesterfield County,-77.56965311,37.36559954
51041100821,51085320601,1,Hanover County,-77.47144709,37.77593334,Chesterfield County,-77.56965311,37.36559954
51041100821,51085320701,2,Hanover County,-77.40541715,37.75339045,Chesterfield County,-77.56965311,37.36559954
51041100821,51085320702,3,Hanover County,-77.33973544,37.72429497,Chesterfield County,-77.56965311,37.36559954
51041100821,51085320803,5,Hanover County,-77.40178469,37.67555472,Chesterfield County,-77.56965311,37.36559954
51041100821,51085320804,5,Hanover County,-77.42040307,37.68215954,Chesterfield County,-77.56965311,37.36559954
51041100821,51085320805,6,Hanover County,-77.42512268,37.6646678,Chesterfield County,-77.56965311,37.36559954
51041100821,51085320902,2,Hanover County,-77.38681578,37.63660736,Chesterfield County,-77.56965311,37.36559954
51041100821,51085321001,1,Hanover County,-77.35319382,37.62262564,Chesterfield County,-77.56965311,37.36559954
51041100821,51085321003,2,Hanover County,-77.3176218,37.62396679,Chesterfield County,-77.56965311,37.36559954
51041100821,51085321100,1,Hanover County,-77.38262891,37.61242252,Chesterfield County,-77.56965311,37.36559954
51041100821,51085321201,5,Hanover County,-77.32329616,37.5880924,Chesterfield County,-77.56965311,37.36559954
51041100821,51085321202,4,Hanover County,-77.34349514,37.58490558,Chesterfield County,-77.56965311,37.36559954
51041100821,51085321300,1,Hanover County,-77.29680248,37.59112522,Chesterfield County,-77.56965311,37.36559954
51041100822,51085320100,6,Hanover County,-77.58500006,37.88594378,Chesterfield County,-77.49261723,37.33063493
51041100822,51085320200,1,Hanover County,-77.68504133,37.80777585,Chesterfield County,-77.49261723,37.33063493
51041100822,51085320300,5,Hanover County,-77.6706394,37.73181814,Chesterfield County,-77.49261723,37.33063493
51041100822,51085320400,3,Hanover County,-77.53119038,37.72350989,Chesterfield County,-77.49261723,37.33063493
51041100822,51085320601,2,Hanover County,-77.47144709,37.77593334,Chesterfield County,-77.49261723,37.33063493
51041100822,51085320602,4,Hanover County,-77.47318377,37.74416695,Chesterfield County,-77.49261723,37.33063493
51041100822,51085320701,2,Hanover County,-77.40541715,37.75339045,Chesterfield County,-77.49261723,37.33063493
51041100822,51085320702,1,Hanover County,-77.33973544,37.72429497,Chesterfield County,-77.49261723,37.33063493
51041100822,51085320801,2,Hanover County,-77.43517464,37.72101115,Chesterfield County,-77.49261723,37.33063493
51041100822,51085320803,3,Hanover County,-77.40178469,37.67555472,Chesterfield County,-77.49261723,37.33063493
51041100822,51085320804,3,Hanover County,-77.42040307,37.68215954,Chesterfield County,-77.49261723,37.33063493
51041100822,51085320805,3,Hanover County,-77.42512268,37.6646678,Chesterfield County,-77.49261723,37.33063493
51041100822,51085320901,2,Hanover County,-77.35950464,37.65874207,Chesterfield County,-77.49261723,37.33063493
51041100822,51085321001,1,Hanover County,-77.35319382,37.62262564,Chesterfield County,-77.49261723,37.33063493
51041100822,51085321003,4,Hanover County,-77.3176218,37.62396679,Chesterfield County,-77.49261723,37.33063493
51041100822,51085321004,2,Hanover County,-77.3166095,37.6515441,Chesterfield County,-77.49261723,37.33063493
51041100822,51085321100,4,Hanover County,-77.38262891,37.61242252,Chesterfield County,-77.49261723,37.33063493
51041100822,51085321201,1,Hanover County,-77.32329616,37.5880924,Chesterfield County,-77.49261723,37.33063493
51041100822,51085321202,4,Hanover County,-77.34349514,37.58490558,Chesterfield County,-77.49261723,37.33063493
51041100822,51085321300,8,Hanover County,-77.29680248,37.59112522,Chesterfield County,-77.49261723,37.33063493
51041100822,51085321401,3,Hanover County,-77.25895891,37.67861465,Chesterfield County,-77.49261723,37.33063493
51041100822,51085321402,10,Hanover County,-77.25179057,37.60113008,Chesterfield County,-77.49261723,37.33063493
51041100822,51085321403,4,Hanover County,-77.17923965,37.62402478,Chesterfield County,-77.49261723,37.33063493
51041100823,51085320100,2,Hanover County,-77.58500006,37.88594378,Chesterfield County,-77.47619773,37.36556589
51041100823,51085320200,2,Hanover County,-77.68504133,37.80777585,Chesterfield County,-77.47619773,37.36556589
51041100823,51085320300,2,Hanover County,-77.6706394,37.73181814,Chesterfield County,-77.47619773,37.36556589
51041100823,51085320400,1,Hanover County,-77.53119038,37.72350989,Chesterfield County,-77.47619773,37.36556589
51041100823,51085320601,2,Hanover County,-77.47144709,37.77593334,Chesterfield County,-77.47619773,37.36556589
51041100823,51085320702,2,Hanover County,-77.33973544,37.72429497,Chesterfield County,-77.47619773,37.36556589
51041100823,51085320801,3,Hanover County,-77.43517464,37.72101115,Chesterfield County,-77.47619773,37.36556589
51041100823,51085320803,1,Hanover County,-77.40178469,37.67555472,Chesterfield County,-77.47619773,37.36556589
51041100823,51085320804,1,Hanover County,-77.42040307,37.68215954,Chesterfield County,-77.47619773,37.36556589
51041100823,51085320805,5,Hanover County,-77.42512268,37.6646678,Chesterfield County,-77.47619773,37.36556589
51041100823,51085320901,4,Hanover County,-77.35950464,37.65874207,Chesterfield County,-77.47619773,37.36556589
51041100823,51085320902,2,Hanover County,-77.38681578,37.63660736,Chesterfield County,-77.47619773,37.36556589
51041100823,51085321003,2,Hanover County,-77.3176218,37.62396679,Chesterfield County,-77.47619773,37.36556589
51041100823,51085321004,1,Hanover County,-77.3166095,37.6515441,Chesterfield County,-77.47619773,37.36556589
51041100823,51085321100,1,Hanover County,-77.38262891,37.61242252,Chesterfield County,-77.47619773,37.36556589
51041100823,51085321202,5,Hanover County,-77.34349514,37.58490558,Chesterfield County,-77.47619773,37.36556589
51041100823,51085321300,3,Hanover County,-77.29680248,37.59112522,Chesterfield County,-77.47619773,37.36556589
51041100823,51085321401,3,Hanover County,-77.25895891,37.67861465,Chesterfield County,-77.47619773,37.36556589
51041100823,51085321402,2,Hanover County,-77.25179057,37.60113008,Chesterfield County,-77.47619773,37.36556589
51041100823,51085321403,2,Hanover County,-77.17923965,37.62402478,Chesterfield County,-77.47619773,37.36556589
51041100902,51085320200,2,Hanover County,-77.68504133,37.80777585,Chesterfield County,-77.56921858,37.53045113
51041100902,51085320300,1,Hanover County,-77.6706394,37.73181814,Chesterfield County,-77.56921858,37.53045113
51041100902,51085320400,3,Hanover County,-77.53119038,37.72350989,Chesterfield County,-77.56921858,37.53045113
51041100902,51085320601,2,Hanover County,-77.47144709,37.77593334,Chesterfield County,-77.56921858,37.53045113
51041100902,51085320602,1,Hanover County,-77.47318377,37.74416695,Chesterfield County,-77.56921858,37.53045113
51041100902,51085320701,2,Hanover County,-77.40541715,37.75339045,Chesterfield County,-77.56921858,37.53045113
51041100902,51085320702,3,Hanover County,-77.33973544,37.72429497,Chesterfield County,-77.56921858,37.53045113
51041100902,51085320801,3,Hanover County,-77.43517464,37.72101115,Chesterfield County,-77.56921858,37.53045113
51041100902,51085320804,1,Hanover County,-77.42040307,37.68215954,Chesterfield County,-77.56921858,37.53045113
51041100902,51085320805,2,Hanover County,-77.42512268,37.6646678,Chesterfield County,-77.56921858,37.53045113
51041100902,51085320901,6,Hanover County,-77.35950464,37.65874207,Chesterfield County,-77.56921858,37.53045113
51041100902,51085320902,3,Hanover County,-77.38681578,37.63660736,Chesterfield County,-77.56921858,37.53045113
51041100902,51085321003,3,Hanover County,-77.3176218,37.62396679,Chesterfield County,-77.56921858,37.53045113
51041100902,51085321004,2,Hanover County,-77.3166095,37.6515441,Chesterfield County,-77.56921858,37.53045113
51041100902,51085321100,4,Hanover County,-77.38262891,37.61242252,Chesterfield County,-77.56921858,37.53045113
51041100902,51085321201,3,Hanover County,-77.32329616,37.5880924,Chesterfield County,-77.56921858,37.53045113
51041100902,51085321202,2,Hanover County,-77.34349514,37.58490558,Chesterfield County,-77.56921858,37.53045113
51041100902,51085321300,3,Hanover County,-77.29680248,37.59112522,Chesterfield County,-77.56921858,37.53045113
51041100902,51085321402,1,Hanover County,-77.25179057,37.60113008,Chesterfield County,-77.56921858,37.53045113
51041100902,51085321403,1,Hanover County,-77.17923965,37.62402478,Chesterfield County,-77.56921858,37.53045113
51041100907,51085320100,2,Hanover County,-77.58500006,37.88594378,Chesterfield County,-77.56475993,37.50674144
51041100907,51085320200,1,Hanover County,-77.68504133,37.80777585,Chesterfield County,-77.56475993,37.50674144
51041100907,51085320300,4,Hanover County,-77.6706394,37.73181814,Chesterfield County,-77.56475993,37.50674144
51041100907,51085320400,4,Hanover County,-77.53119038,37.72350989,Chesterfield County,-77.56475993,37.50674144
51041100907,51085320500,4,Hanover County,-77.52199663,37.77211832,Chesterfield County,-77.56475993,37.50674144
51041100907,51085320601,2,Hanover County,-77.47144709,37.77593334,Chesterfield County,-77.56475993,37.50674144
51041100907,51085320701,1,Hanover County,-77.40541715,37.75339045,Chesterfield County,-77.56475993,37.50674144
51041100907,51085320801,2,Hanover County,-77.43517464,37.72101115,Chesterfield County,-77.56475993,37.50674144
51041100907,51085320803,5,Hanover County,-77.40178469,37.67555472,Chesterfield County,-77.56475993,37.50674144
51041100907,51085320804,7,Hanover County,-77.42040307,37.68215954,Chesterfield County,-77.56475993,37.50674144
51041100907,51085320805,3,Hanover County,-77.42512268,37.6646678,Chesterfield County,-77.56475993,37.50674144
51041100907,51085320901,4,Hanover County,-77.35950464,37.65874207,Chesterfield County,-77.56475993,37.50674144
51041100907,51085320902,2,Hanover County,-77.38681578,37.63660736,Chesterfield County,-77.56475993,37.50674144
51041100907,51085321004,1,Hanover County,-77.3166095,37.6515441,Chesterfield County,-77.56475993,37.50674144
51041100907,51085321100,1,Hanover County,-77.38262891,37.61242252,Chesterfield County,-77.56475993,37.50674144
51041100907,51085321201,4,Hanover County,-77.32329616,37.5880924,Chesterfield County,-77.56475993,37.50674144
51041100907,51085321202,1,Hanover County,-77.34349514,37.58490558,Chesterfield County,-77.56475993,37.50674144
51041100907,51085321300,2,Hanover County,-77.29680248,37.59112522,Chesterfield County,-77.56475993,37.50674144
51041100907,51085321401,2,Hanover County,-77.25895891,37.67861465,Chesterfield County,-77.56475993,37.50674144
51041100907,51085321402,1,Hanover County,-77.25179057,37.60113008,Chesterfield County,-77.56475993,37.50674144
51041100907,51085321403,1,Hanover County,-77.17923965,37.62402478,Chesterfield County,-77.56475993,37.50674144
51041100910,51085320100,4,Hanover County,-77.58500006,37.88594378,Chesterfield County,-77.58335284,37.47501371
51041100910,51085320200,4,Hanover County,-77.68504133,37.80777585,Chesterfield County,-77.58335284,37.47501371
51041100910,51085320300,3,Hanover County,-77.6706394,37.73181814,Chesterfield County,-77.58335284,37.47501371
51041100910,51085320400,1,Hanover County,-77.53119038,37.72350989,Chesterfield County,-77.58335284,37.47501371
51041100910,51085320602,2,Hanover County,-77.47318377,37.74416695,Chesterfield County,-77.58335284,37.47501371
51041100910,51085320801,1,Hanover County,-77.43517464,37.72101115,Chesterfield County,-77.58335284,37.47501371
51041100910,51085320803,2,Hanover County,-77.40178469,37.67555472,Chesterfield County,-77.58335284,37.47501371
51041100910,51085320805,1,Hanover County,-77.42512268,37.6646678,Chesterfield County,-77.58335284,37.47501371
51041100910,51085320901,1,Hanover County,-77.35950464,37.65874207,Chesterfield County,-77.58335284,37.47501371
51041100910,51085321001,1,Hanover County,-77.35319382,37.62262564,Chesterfield County,-77.58335284,37.47501371
51041100910,51085321403,1,Hanover County,-77.17923965,37.62402478,Chesterfield County,-77.58335284,37.47501371
51041100912,51085320300,1,Hanover County,-77.6706394,37.73181814,Chesterfield County,-77.65287453,37.43553501
51041100912,51085320400,4,Hanover County,-77.53119038,37.72350989,Chesterfield County,-77.65287453,37.43553501
51041100912,51085320602,1,Hanover County,-77.47318377,37.74416695,Chesterfield County,-77.65287453,37.43553501
51041100912,51085320701,7,Hanover County,-77.40541715,37.75339045,Chesterfield County,-77.65287453,37.43553501
51041100912,51085320702,2,Hanover County,-77.33973544,37.72429497,Chesterfield County,-77.65287453,37.43553501
51041100912,51085320801,1,Hanover County,-77.43517464,37.72101115,Chesterfield County,-77.65287453,37.43553501
51041100912,51085320803,1,Hanover County,-77.40178469,37.67555472,Chesterfield County,-77.65287453,37.43553501
51041100912,51085320804,3,Hanover County,-77.42040307,37.68215954,Chesterfield County,-77.65287453,37.43553501
51041100912,51085320805,1,Hanover County,-77.42512268,37.6646678,Chesterfield County,-77.65287453,37.43553501
51041100912,51085320901,1,Hanover County,-77.35950464,37.65874207,Chesterfield County,-77.65287453,37.43553501
51041100912,51085320902,1,Hanover County,-77.38681578,37.63660736,Chesterfield County,-77.65287453,37.43553501
51041100912,51085321001,2,Hanover County,-77.35319382,37.62262564,Chesterfield County,-77.65287453,37.43553501
51041100912,51085321003,2,Hanover County,-77.3176218,37.62396679,Chesterfield County,-77.65287453,37.43553501
51041100912,51085321004,3,Hanover County,-77.3166095,37.6515441,Chesterfield County,-77.65287453,37.43553501
51041100912,51085321100,2,Hanover County,-77.38262891,37.61242252,Chesterfield County,-77.65287453,37.43553501
51041100912,51085321201,2,Hanover County,-77.32329616,37.5880924,Chesterfield County,-77.65287453,37.43553501
51041100912,51085321202,1,Hanover County,-77.34349514,37.58490558,Chesterfield County,-77.65287453,37.43553501
51041100912,51085321300,3,Hanover County,-77.29680248,37.59112522,Chesterfield County,-77.65287453,37.43553501
51041100912,51085321401,1,Hanover County,-77.25895891,37.67861465,Chesterfield County,-77.65287453,37.43553501
51041100912,51085321402,1,Hanover County,-77.25179057,37.60113008,Chesterfield County,-77.65287453,37.43553501
51041100912,51085321403,1,Hanover County,-77.17923965,37.62402478,Chesterfield County,-77.65287453,37.43553501
51041100915,51085320100,6,Hanover County,-77.58500006,37.88594378,Chesterfield County,-77.63418207,37.50948349
51041100915,51085320200,8,Hanover County,-77.68504133,37.80777585,Chesterfield County,-77.63418207,37.50948349
51041100915,51085320300,4,Hanover County,-77.6706394,37.73181814,Chesterfield County,-77.63418207,37.50948349
51041100915,51085320400,8,Hanover County,-77.53119038,37.72350989,Chesterfield County,-77.63418207,37.50948349
51041100915,51085320601,6,Hanover County,-77.47144709,37.77593334,Chesterfield County,-77.63418207,37.50948349
51041100915,51085320602,7,Hanover County,-77.47318377,37.74416695,Chesterfield County,-77.63418207,37.50948349
51041100915,51085320701,3,Hanover County,-77.40541715,37.75339045,Chesterfield County,-77.63418207,37.50948349
51041100915,51085320702,3,Hanover County,-77.33973544,37.72429497,Chesterfield County,-77.63418207,37.50948349
51041100915,51085320801,1,Hanover County,-77.43517464,37.72101115,Chesterfield County,-77.63418207,37.50948349
51041100915,51085320803,8,Hanover County,-77.40178469,37.67555472,Chesterfield County,-77.63418207,37.50948349
51041100915,51085320804,11,Hanover County,-77.42040307,37.68215954,Chesterfield County,-77.63418207,37.50948349
51041100915,51085320805,2,Hanover County,-77.42512268,37.6646678,Chesterfield County,-77.63418207,37.50948349
51041100915,51085320901,12,Hanover County,-77.35950464,37.65874207,Chesterfield County,-77.63418207,37.50948349
51041100915,51085320902,4,Hanover County,-77.38681578,37.63660736,Chesterfield County,-77.63418207,37.50948349
51041100915,51085321001,8,Hanover County,-77.35319382,37.62262564,Chesterfield County,-77.63418207,37.50948349
51041100915,51085321003,6,Hanover County,-77.3176218,37.62396679,Chesterfield County,-77.63418207,37.50948349
51041100915,51085321004,7,Hanover County,-77.3166095,37.6515441,Chesterfield County,-77.63418207,37.50948349
51041100915,51085321100,7,Hanover County,-77.38262891,37.61242252,Chesterfield County,-77.63418207,37.50948349
51041100915,51085321201,13,Hanover County,-77.32329616,37.5880924,Chesterfield County,-77.63418207,37.50948349
51041100915,51085321202,8,Hanover County,-77.34349514,37.58490558,Chesterfield County,-77.63418207,37.50948349
51041100915,51085321300,4,Hanover County,-77.29680248,37.59112522,Chesterfield County,-77.63418207,37.50948349
51041100915,51085321401,3,Hanover County,-77.25895891,37.67861465,Chesterfield County,-77.63418207,37.50948349
51041100915,51085321402,6,Hanover County,-77.25179057,37.60113008,Chesterfield County,-77.63418207,37.50948349
51041100915,51085321403,2,Hanover County,-77.17923965,37.62402478,Chesterfield County,-77.63418207,37.50948349
51041100919,51085320100,9,Hanover County,-77.58500006,37.88594378,Chesterfield County,-77.61338001,37.44792263
51041100919,51085320200,10,Hanover County,-77.68504133,37.80777585,Chesterfield County,-77.61338001,37.44792263
51041100919,51085320300,4,Hanover County,-77.6706394,37.73181814,Chesterfield County,-77.61338001,37.44792263
51041100919,51085320400,4,Hanover County,-77.53119038,37.72350989,Chesterfield County,-77.61338001,37.44792263
51041100919,51085320500,11,Hanover County,-77.52199663,37.77211832,Chesterfield County,-77.61338001,37.44792263
51041100919,51085320601,6,Hanover County,-77.47144709,37.77593334,Chesterfield County,-77.61338001,37.44792263
51041100919,51085320602,1,Hanover County,-77.47318377,37.74416695,Chesterfield County,-77.61338001,37.44792263
51041100919,51085320701,1,Hanover County,-77.40541715,37.75339045,Chesterfield County,-77.61338001,37.44792263
51041100919,51085320702,2,Hanover County,-77.33973544,37.72429497,Chesterfield County,-77.61338001,37.44792263
51041100919,51085320801,3,Hanover County,-77.43517464,37.72101115,Chesterfield County,-77.61338001,37.44792263
51041100919,51085320803,2,Hanover County,-77.40178469,37.67555472,Chesterfield County,-77.61338001,37.44792263
51041100919,51085320804,4,Hanover County,-77.42040307,37.68215954,Chesterfield County,-77.61338001,37.44792263
51041100919,51085320805,1,Hanover County,-77.42512268,37.6646678,Chesterfield County,-77.61338001,37.44792263
51041100919,51085320901,8,Hanover County,-77.35950464,37.65874207,Chesterfield County,-77.61338001,37.44792263
51041100919,51085320902,3,Hanover County,-77.38681578,37.63660736,Chesterfield County,-77.61338001,37.44792263
51041100919,51085321001,7,Hanover County,-77.35319382,37.62262564,Chesterfield County,-77.61338001,37.44792263
51041100919,51085321003,7,Hanover County,-77.3176218,37.62396679,Chesterfield County,-77.61338001,37.44792263
51041100919,51085321004,10,Hanover County,-77.3166095,37.6515441,Chesterfield County,-77.61338001,37.44792263
51041100919,51085321100,11,Hanover County,-77.38262891,37.61242252,Chesterfield County,-77.61338001,37.44792263
51041100919,51085321201,5,Hanover County,-77.32329616,37.5880924,Chesterfield County,-77.61338001,37.44792263
51041100919,51085321202,13,Hanover County,-77.34349514,37.58490558,Chesterfield County,-77.61338001,37.44792263
51041100919,51085321300,10,Hanover County,-77.29680248,37.59112522,Chesterfield County,-77.61338001,37.44792263
51041100919,51085321401,3,Hanover County,-77.25895891,37.67861465,Chesterfield County,-77.61338001,37.44792263
51041100919,51085321402,7,Hanover County,-77.25179057,37.60113008,Chesterfield County,-77.61338001,37.44792263
51041100919,51085321403,2,Hanover County,-77.17923965,37.62402478,Chesterfield County,-77.61338001,37.44792263
51041100920,51085320100,16,Hanover County,-77.58500006,37.88594378,Chesterfield County,-77.60239076,37.5124001
51041100920,51085320200,15,Hanover County,-77.68504133,37.80777585,Chesterfield County,-77.60239076,37.5124001
51041100920,51085320300,9,Hanover County,-77.6706394,37.73181814,Chesterfield County,-77.60239076,37.5124001
51041100920,51085320400,15,Hanover County,-77.53119038,37.72350989,Chesterfield County,-77.60239076,37.5124001
51041100920,51085320500,5,Hanover County,-77.52199663,37.77211832,Chesterfield County,-77.60239076,37.5124001
51041100920,51085320601,6,Hanover County,-77.47144709,37.77593334,Chesterfield County,-77.60239076,37.5124001
51041100920,51085320602,12,Hanover County,-77.47318377,37.74416695,Chesterfield County,-77.60239076,37.5124001
51041100920,51085320701,11,Hanover County,-77.40541715,37.75339045,Chesterfield County,-77.60239076,37.5124001
51041100920,51085320702,12,Hanover County,-77.33973544,37.72429497,Chesterfield County,-77.60239076,37.5124001
51041100920,51085320801,11,Hanover County,-77.43517464,37.72101115,Chesterfield County,-77.60239076,37.5124001
51041100920,51085320803,22,Hanover County,-77.40178469,37.67555472,Chesterfield County,-77.60239076,37.5124001
51041100920,51085320804,14,Hanover County,-77.42040307,37.68215954,Chesterfield County,-77.60239076,37.5124001
51041100920,51085320805,10,Hanover County,-77.42512268,37.6646678,Chesterfield County,-77.60239076,37.5124001
51041100920,51085320901,12,Hanover County,-77.35950464,37.65874207,Chesterfield County,-77.60239076,37.5124001
51041100920,51085320902,7,Hanover County,-77.38681578,37.63660736,Chesterfield County,-77.60239076,37.5124001
51041100920,51085321001,3,Hanover County,-77.35319382,37.62262564,Chesterfield County,-77.60239076,37.5124001
51041100920,51085321003,9,Hanover County,-77.3176218,37.62396679,Chesterfield County,-77.60239076,37.5124001
51041100920,51085321004,11,Hanover County,-77.3166095,37.6515441,Chesterfield County,-77.60239076,37.5124001
51041100920,51085321100,14,Hanover County,-77.38262891,37.61242252,Chesterfield County,-77.60239076,37.5124001
51041100920,51085321201,13,Hanover County,-77.32329616,37.5880924,Chesterfield County,-77.60239076,37.5124001
51041100920,51085321202,10,Hanover County,-77.34349514,37.58490558,Chesterfield County,-77.60239076,37.5124001
51041100920,51085321300,21,Hanover County,-77.29680248,37.59112522,Chesterfield County,-77.60239076,37.5124001
51041100920,51085321401,3,Hanover County,-77.25895891,37.67861465,Chesterfield County,-77.60239076,37.5124001
51041100920,51085321402,13,Hanover County,-77.25179057,37.60113008,Chesterfield County,-77.60239076,37.5124001
51041100920,51085321403,10,Hanover County,-77.17923965,37.62402478,Chesterfield County,-77.60239076,37.5124001
51041100921,51085320400,1,Hanover County,-77.53119038,37.72350989,Chesterfield County,-77.58687364,37.51932041
51041100921,51085320702,1,Hanover County,-77.33973544,37.72429497,Chesterfield County,-77.58687364,37.51932041
51041100921,51085320804,2,Hanover County,-77.42040307,37.68215954,Chesterfield County,-77.58687364,37.51932041
51041100921,51085321003,1,Hanover County,-77.3176218,37.62396679,Chesterfield County,-77.58687364,37.51932041
51041100921,51085321300,1,Hanover County,-77.29680248,37.59112522,Chesterfield County,-77.58687364,37.51932041
51041100922,51085320100,13,Hanover County,-77.58500006,37.88594378,Chesterfield County,-77.58524418,37.4964871
51041100922,51085320200,14,Hanover County,-77.68504133,37.80777585,Chesterfield County,-77.58524418,37.4964871
51041100922,51085320300,17,Hanover County,-77.6706394,37.73181814,Chesterfield County,-77.58524418,37.4964871
51041100922,51085320400,21,Hanover County,-77.53119038,37.72350989,Chesterfield County,-77.58524418,37.4964871
51041100922,51085320500,11,Hanover County,-77.52199663,37.77211832,Chesterfield County,-77.58524418,37.4964871
51041100922,51085320601,8,Hanover County,-77.47144709,37.77593334,Chesterfield County,-77.58524418,37.4964871
51041100922,51085320602,7,Hanover County,-77.47318377,37.74416695,Chesterfield County,-77.58524418,37.4964871
51041100922,51085320701,11,Hanover County,-77.40541715,37.75339045,Chesterfield County,-77.58524418,37.4964871
51041100922,51085320702,8,Hanover County,-77.33973544,37.72429497,Chesterfield County,-77.58524418,37.4964871
51041100922,51085320801,11,Hanover County,-77.43517464,37.72101115,Chesterfield County,-77.58524418,37.4964871
51041100922,51085320803,23,Hanover County,-77.40178469,37.67555472,Chesterfield County,-77.58524418,37.4964871
51041100922,51085320804,21,Hanover County,-77.42040307,37.68215954,Chesterfield County,-77.58524418,37.4964871
51041100922,51085320805,11,Hanover County,-77.42512268,37.6646678,Chesterfield County,-77.58524418,37.4964871
51041100922,51085320901,23,Hanover County,-77.35950464,37.65874207,Chesterfield County,-77.58524418,37.4964871
51041100922,51085320902,9,Hanover County,-77.38681578,37.63660736,Chesterfield County,-77.58524418,37.4964871
51041100922,51085321001,5,Hanover County,-77.35319382,37.62262564,Chesterfield County,-77.58524418,37.4964871
51041100922,51085321003,8,Hanover County,-77.3176218,37.62396679,Chesterfield County,-77.58524418,37.4964871
51041100922,51085321004,20,Hanover County,-77.3166095,37.6515441,Chesterfield County,-77.58524418,37.4964871
51041100922,51085321100,18,Hanover County,-77.38262891,37.61242252,Chesterfield County,-77.58524418,37.4964871
51041100922,51085321201,19,Hanover County,-77.32329616,37.5880924,Chesterfield County,-77.58524418,37.4964871
51041100922,51085321202,10,Hanover County,-77.34349514,37.58490558,Chesterfield County,-77.58524418,37.4964871
51041100922,51085321300,28,Hanover County,-77.29680248,37.59112522,Chesterfield County,-77.58524418,37.4964871
51041100922,51085321401,7,Hanover County,-77.25895891,37.67861465,Chesterfield County,-77.58524418,37.4964871
51041100922,51085321402,13,Hanover County,-77.25179057,37.60113008,Chesterfield County,-77.58524418,37.4964871
51041100922,51085321403,11,Hanover County,-77.17923965,37.62402478,Chesterfield County,-77.58524418,37.4964871
51041100923,51085320100,1,Hanover County,-77.58500006,37.88594378,Chesterfield County,-77.55905676,37.48625306
51041100923,51085320200,2,Hanover County,-77.68504133,37.80777585,Chesterfield County,-77.55905676,37.48625306
51041100923,51085320300,2,Hanover County,-77.6706394,37.73181814,Chesterfield County,-77.55905676,37.48625306
51041100923,51085320400,1,Hanover County,-77.53119038,37.72350989,Chesterfield County,-77.55905676,37.48625306
51041100923,51085320500,2,Hanover County,-77.52199663,37.77211832,Chesterfield County,-77.55905676,37.48625306
51041100923,51085320601,3,Hanover County,-77.47144709,37.77593334,Chesterfield County,-77.55905676,37.48625306
51041100923,51085320602,2,Hanover County,-77.47318377,37.74416695,Chesterfield County,-77.55905676,37.48625306
51041100923,51085320701,3,Hanover County,-77.40541715,37.75339045,Chesterfield County,-77.55905676,37.48625306
51041100923,51085320702,1,Hanover County,-77.33973544,37.72429497,Chesterfield County,-77.55905676,37.48625306
51041100923,51085320801,3,Hanover County,-77.43517464,37.72101115,Chesterfield County,-77.55905676,37.48625306
51041100923,51085320803,2,Hanover County,-77.40178469,37.67555472,Chesterfield County,-77.55905676,37.48625306
51041100923,51085320804,4,Hanover County,-77.42040307,37.68215954,Chesterfield County,-77.55905676,37.48625306
51041100923,51085320805,4,Hanover County,-77.42512268,37.6646678,Chesterfield County,-77.55905676,37.48625306
51041100923,51085320901,4,Hanover County,-77.35950464,37.65874207,Chesterfield County,-77.55905676,37.48625306
51041100923,51085320902,1,Hanover County,-77.38681578,37.63660736,Chesterfield County,-77.55905676,37.48625306
51041100923,51085321001,1,Hanover County,-77.35319382,37.62262564,Chesterfield County,-77.55905676,37.48625306
51041100923,51085321003,4,Hanover County,-77.3176218,37.62396679,Chesterfield County,-77.55905676,37.48625306
51041100923,51085321100,2,Hanover County,-77.38262891,37.61242252,Chesterfield County,-77.55905676,37.48625306
51041100923,51085321201,2,Hanover County,-77.32329616,37.5880924,Chesterfield County,-77.55905676,37.48625306
51041100923,51085321202,1,Hanover County,-77.34349514,37.58490558,Chesterfield County,-77.55905676,37.48625306
51041100923,51085321300,2,Hanover County,-77.29680248,37.59112522,Chesterfield County,-77.55905676,37.48625306
51041100923,51085321403,2,Hanover County,-77.17923965,37.62402478,Chesterfield County,-77.55905676,37.48625306
51041100924,51085320100,6,Hanover County,-77.58500006,37.88594378,Chesterfield County,-77.69061582,37.52010733
51041100924,51085320200,13,Hanover County,-77.68504133,37.80777585,Chesterfield County,-77.69061582,37.52010733
51041100924,51085320300,7,Hanover County,-77.6706394,37.73181814,Chesterfield County,-77.69061582,37.52010733
51041100924,51085320400,7,Hanover County,-77.53119038,37.72350989,Chesterfield County,-77.69061582,37.52010733
51041100924,51085320500,3,Hanover County,-77.52199663,37.77211832,Chesterfield County,-77.69061582,37.52010733
51041100924,51085320601,1,Hanover County,-77.47144709,37.77593334,Chesterfield County,-77.69061582,37.52010733
51041100924,51085320602,6,Hanover County,-77.47318377,37.74416695,Chesterfield County,-77.69061582,37.52010733
51041100924,51085320701,3,Hanover County,-77.40541715,37.75339045,Chesterfield County,-77.69061582,37.52010733
51041100924,51085320702,8,Hanover County,-77.33973544,37.72429497,Chesterfield County,-77.69061582,37.52010733
51041100924,51085320801,6,Hanover County,-77.43517464,37.72101115,Chesterfield County,-77.69061582,37.52010733
51041100924,51085320803,8,Hanover County,-77.40178469,37.67555472,Chesterfield County,-77.69061582,37.52010733
51041100924,51085320804,3,Hanover County,-77.42040307,37.68215954,Chesterfield County,-77.69061582,37.52010733
51041100924,51085320805,8,Hanover County,-77.42512268,37.6646678,Chesterfield County,-77.69061582,37.52010733
51041100924,51085320901,6,Hanover County,-77.35950464,37.65874207,Chesterfield County,-77.69061582,37.52010733
51041100924,51085320902,5,Hanover County,-77.38681578,37.63660736,Chesterfield County,-77.69061582,37.52010733
51041100924,51085321001,3,Hanover County,-77.35319382,37.62262564,Chesterfield County,-77.69061582,37.52010733
51041100924,51085321003,1,Hanover County,-77.3176218,37.62396679,Chesterfield County,-77.69061582,37.52010733
51041100924,51085321004,3,Hanover County,-77.3166095,37.6515441,Chesterfield County,-77.69061582,37.52010733
51041100924,51085321100,2,Hanover County,-77.38262891,37.61242252,Chesterfield County,-77.69061582,37.52010733
51041100924,51085321201,4,Hanover County,-77.32329616,37.5880924,Chesterfield County,-77.69061582,37.52010733
51041100924,51085321202,11,Hanover County,-77.34349514,37.58490558,Chesterfield County,-77.69061582,37.52010733
51041100924,51085321300,9,Hanover County,-77.29680248,37.59112522,Chesterfield County,-77.69061582,37.52010733
51041100924,51085321401,1,Hanover County,-77.25895891,37.67861465,Chesterfield County,-77.69061582,37.52010733
51041100924,51085321402,9,Hanover County,-77.25179057,37.60113008,Chesterfield County,-77.69061582,37.52010733
51041100924,51085321403,13,Hanover County,-77.17923965,37.62402478,Chesterfield County,-77.69061582,37.52010733
51041100926,51085320100,2,Hanover County,-77.58500006,37.88594378,Chesterfield County,-77.62368907,37.54395099
51041100926,51085320200,5,Hanover County,-77.68504133,37.80777585,Chesterfield County,-77.62368907,37.54395099
51041100926,51085320300,4,Hanover County,-77.6706394,37.73181814,Chesterfield County,-77.62368907,37.54395099
51041100926,51085320400,1,Hanover County,-77.53119038,37.72350989,Chesterfield County,-77.62368907,37.54395099
51041100926,51085320601,2,Hanover County,-77.47144709,37.77593334,Chesterfield County,-77.62368907,37.54395099
51041100926,51085320602,1,Hanover County,-77.47318377,37.74416695,Chesterfield County,-77.62368907,37.54395099
51041100926,51085320701,2,Hanover County,-77.40541715,37.75339045,Chesterfield County,-77.62368907,37.54395099
51041100926,51085320801,4,Hanover County,-77.43517464,37.72101115,Chesterfield County,-77.62368907,37.54395099
51041100926,51085320803,5,Hanover County,-77.40178469,37.67555472,Chesterfield County,-77.62368907,37.54395099
51041100926,51085320804,3,Hanover County,-77.42040307,37.68215954,Chesterfield County,-77.62368907,37.54395099
51041100926,51085320805,2,Hanover County,-77.42512268,37.6646678,Chesterfield County,-77.62368907,37.54395099
51041100926,51085320901,2,Hanover County,-77.35950464,37.65874207,Chesterfield County,-77.62368907,37.54395099
51041100926,51085320902,5,Hanover County,-77.38681578,37.63660736,Chesterfield County,-77.62368907,37.54395099
51041100926,51085321003,2,Hanover County,-77.3176218,37.62396679,Chesterfield County,-77.62368907,37.54395099
51041100926,51085321004,5,Hanover County,-77.3166095,37.6515441,Chesterfield County,-77.62368907,37.54395099
51041100926,51085321201,4,Hanover County,-77.32329616,37.5880924,Chesterfield County,-77.62368907,37.54395099
51041100926,51085321202,1,Hanover County,-77.34349514,37.58490558,Chesterfield County,-77.62368907,37.54395099
51041100926,51085321300,2,Hanover County,-77.29680248,37.59112522,Chesterfield County,-77.62368907,37.54395099
51041100926,51085321401,1,Hanover County,-77.25895891,37.67861465,Chesterfield County,-77.62368907,37.54395099
51041100926,51085321402,1,Hanover County,-77.25179057,37.60113008,Chesterfield County,-77.62368907,37.54395099
51041100928,51085320100,3,Hanover County,-77.58500006,37.88594378,Chesterfield County,-77.67962214,37.48918829
51041100928,51085320200,11,Hanover County,-77.68504133,37.80777585,Chesterfield County,-77.67962214,37.48918829
51041100928,51085320300,6,Hanover County,-77.6706394,37.73181814,Chesterfield County,-77.67962214,37.48918829
51041100928,51085320400,7,Hanover County,-77.53119038,37.72350989,Chesterfield County,-77.67962214,37.48918829
51041100928,51085320500,4,Hanover County,-77.52199663,37.77211832,Chesterfield County,-77.67962214,37.48918829
51041100928,51085320601,1,Hanover County,-77.47144709,37.77593334,Chesterfield County,-77.67962214,37.48918829
51041100928,51085320602,2,Hanover County,-77.47318377,37.74416695,Chesterfield County,-77.67962214,37.48918829
51041100928,51085320701,3,Hanover County,-77.40541715,37.75339045,Chesterfield County,-77.67962214,37.48918829
51041100928,51085320702,4,Hanover County,-77.33973544,37.72429497,Chesterfield County,-77.67962214,37.48918829
51041100928,51085320801,4,Hanover County,-77.43517464,37.72101115,Chesterfield County,-77.67962214,37.48918829
51041100928,51085320803,14,Hanover County,-77.40178469,37.67555472,Chesterfield County,-77.67962214,37.48918829
51041100928,51085320804,8,Hanover County,-77.42040307,37.68215954,Chesterfield County,-77.67962214,37.48918829
51041100928,51085320805,3,Hanover County,-77.42512268,37.6646678,Chesterfield County,-77.67962214,37.48918829
51041100928,51085320901,9,Hanover County,-77.35950464,37.65874207,Chesterfield County,-77.67962214,37.48918829
51041100928,51085320902,4,Hanover County,-77.38681578,37.63660736,Chesterfield County,-77.67962214,37.48918829
51041100928,51085321001,1,Hanover County,-77.35319382,37.62262564,Chesterfield County,-77.67962214,37.48918829
51041100928,51085321003,6,Hanover County,-77.3176218,37.62396679,Chesterfield County,-77.67962214,37.48918829
51041100928,51085321004,19,Hanover County,-77.3166095,37.6515441,Chesterfield County,-77.67962214,37.48918829
51041100928,51085321100,3,Hanover County,-77.38262891,37.61242252,Chesterfield County,-77.67962214,37.48918829
51041100928,51085321201,6,Hanover County,-77.32329616,37.5880924,Chesterfield County,-77.67962214,37.48918829
51041100928,51085321202,10,Hanover County,-77.34349514,37.58490558,Chesterfield County,-77.67962214,37.48918829
51041100928,51085321300,8,Hanover County,-77.29680248,37.59112522,Chesterfield County,-77.67962214,37.48918829
51041100928,51085321401,4,Hanover County,-77.25895891,37.67861465,Chesterfield County,-77.67962214,37.48918829
51041100928,51085321402,7,Hanover County,-77.25179057,37.60113008,Chesterfield County,-77.67962214,37.48918829
51041100928,51085321403,5,Hanover County,-77.17923965,37.62402478,Chesterfield County,-77.67962214,37.48918829
51041100929,51085320200,1,Hanover County,-77.68504133,37.80777585,Chesterfield County,-77.6442745,37.47635305
51041100929,51085320300,1,Hanover County,-77.6706394,37.73181814,Chesterfield County,-77.6442745,37.47635305
51041100929,51085320400,2,Hanover County,-77.53119038,37.72350989,Chesterfield County,-77.6442745,37.47635305
51041100929,51085320500,1,Hanover County,-77.52199663,37.77211832,Chesterfield County,-77.6442745,37.47635305
51041100929,51085320601,1,Hanover County,-77.47144709,37.77593334,Chesterfield County,-77.6442745,37.47635305
51041100929,51085320702,2,Hanover County,-77.33973544,37.72429497,Chesterfield County,-77.6442745,37.47635305
51041100929,51085320803,1,Hanover County,-77.40178469,37.67555472,Chesterfield County,-77.6442745,37.47635305
51041100929,51085320804,2,Hanover County,-77.42040307,37.68215954,Chesterfield County,-77.6442745,37.47635305
51041100929,51085320901,2,Hanover County,-77.35950464,37.65874207,Chesterfield County,-77.6442745,37.47635305
51041100929,51085321004,1,Hanover County,-77.3166095,37.6515441,Chesterfield County,-77.6442745,37.47635305
51041100929,51085321100,3,Hanover County,-77.38262891,37.61242252,Chesterfield County,-77.6442745,37.47635305
51041100929,51085321201,1,Hanover County,-77.32329616,37.5880924,Chesterfield County,-77.6442745,37.47635305
51041100929,51085321300,1,Hanover County,-77.29680248,37.59112522,Chesterfield County,-77.6442745,37.47635305
51041100929,51085321402,3,Hanover County,-77.25179057,37.60113008,Chesterfield County,-77.6442745,37.47635305
51041100929,51085321403,2,Hanover County,-77.17923965,37.62402478,Chesterfield County,-77.6442745,37.47635305
51041100930,51085320200,3,Hanover County,-77.68504133,37.80777585,Chesterfield County,-77.63588052,37.49078574
51041100930,51085320300,1,Hanover County,-77.6706394,37.73181814,Chesterfield County,-77.63588052,37.49078574
51041100930,51085320400,2,Hanover County,-77.53119038,37.72350989,Chesterfield County,-77.63588052,37.49078574
51041100930,51085320602,1,Hanover County,-77.47318377,37.74416695,Chesterfield County,-77.63588052,37.49078574
51041100930,51085320801,2,Hanover County,-77.43517464,37.72101115,Chesterfield County,-77.63588052,37.49078574
51041100930,51085320803,3,Hanover County,-77.40178469,37.67555472,Chesterfield County,-77.63588052,37.49078574
51041100930,51085320804,1,Hanover County,-77.42040307,37.68215954,Chesterfield County,-77.63588052,37.49078574
51041100930,51085320805,3,Hanover County,-77.42512268,37.6646678,Chesterfield County,-77.63588052,37.49078574
51041100930,51085320901,2,Hanover County,-77.35950464,37.65874207,Chesterfield County,-77.63588052,37.49078574
51041100930,51085321003,3,Hanover County,-77.3176218,37.62396679,Chesterfield County,-77.63588052,37.49078574
51041100930,51085321004,2,Hanover County,-77.3166095,37.6515441,Chesterfield County,-77.63588052,37.49078574
51041100930,51085321300,5,Hanover County,-77.29680248,37.59112522,Chesterfield County,-77.63588052,37.49078574
51041100930,51085321401,1,Hanover County,-77.25895891,37.67861465,Chesterfield County,-77.63588052,37.49078574
51041100931,51085320100,8,Hanover County,-77.58500006,37.88594378,Chesterfield County,-77.61411449,37.4880354
51041100931,51085320200,7,Hanover County,-77.68504133,37.80777585,Chesterfield County,-77.61411449,37.4880354
51041100931,51085320300,5,Hanover County,-77.6706394,37.73181814,Chesterfield County,-77.61411449,37.4880354
51041100931,51085320400,1,Hanover County,-77.53119038,37.72350989,Chesterfield County,-77.61411449,37.4880354
51041100931,51085320500,5,Hanover County,-77.52199663,37.77211832,Chesterfield County,-77.61411449,37.4880354
51041100931,51085320601,6,Hanover County,-77.47144709,37.77593334,Chesterfield County,-77.61411449,37.4880354
51041100931,51085320602,6,Hanover County,-77.47318377,37.74416695,Chesterfield County,-77.61411449,37.4880354
51041100931,51085320801,1,Hanover County,-77.43517464,37.72101115,Chesterfield County,-77.61411449,37.4880354
51041100931,51085320803,5,Hanover County,-77.40178469,37.67555472,Chesterfield County,-77.61411449,37.4880354
51041100931,51085320804,6,Hanover County,-77.42040307,37.68215954,Chesterfield County,-77.61411449,37.4880354
51041100931,51085320805,6,Hanover County,-77.42512268,37.6646678,Chesterfield County,-77.61411449,37.4880354
51041100931,51085320901,6,Hanover County,-77.35950464,37.65874207,Chesterfield County,-77.61411449,37.4880354
51041100931,51085320902,1,Hanover County,-77.38681578,37.63660736,Chesterfield County,-77.61411449,37.4880354
51041100931,51085321003,3,Hanover County,-77.3176218,37.62396679,Chesterfield County,-77.61411449,37.4880354
51041100931,51085321004,1,Hanover County,-77.3166095,37.6515441,Chesterfield County,-77.61411449,37.4880354
51041100931,51085321100,2,Hanover County,-77.38262891,37.61242252,Chesterfield County,-77.61411449,37.4880354
51041100931,51085321201,1,Hanover County,-77.32329616,37.5880924,Chesterfield County,-77.61411449,37.4880354
51041100931,51085321202,4,Hanover County,-77.34349514,37.58490558,Chesterfield County,-77.61411449,37.4880354
51041100931,51085321300,6,Hanover County,-77.29680248,37.59112522,Chesterfield County,-77.61411449,37.4880354
51041100931,51085321402,1,Hanover County,-77.25179057,37.60113008,Chesterfield County,-77.61411449,37.4880354
51041100932,51085320300,1,Hanover County,-77.6706394,37.73181814,Chesterfield County,-77.611221,37.46860746
51041100932,51085320500,1,Hanover County,-77.52199663,37.77211832,Chesterfield County,-77.611221,37.46860746
51041100932,51085320902,1,Hanover County,-77.38681578,37.63660736,Chesterfield County,-77.611221,37.46860746
51041100932,51085321003,2,Hanover County,-77.3176218,37.62396679,Chesterfield County,-77.611221,37.46860746
51041100932,51085321402,1,Hanover County,-77.25179057,37.60113008,Chesterfield County,-77.611221,37.46860746
51041100933,51085320100,3,Hanover County,-77.58500006,37.88594378,Chesterfield County,-77.61684396,37.42100436
51041100933,51085320701,1,Hanover County,-77.40541715,37.75339045,Chesterfield County,-77.61684396,37.42100436
51041100933,51085320901,1,Hanover County,-77.35950464,37.65874207,Chesterfield County,-77.61684396,37.42100436
51041100933,51085321004,1,Hanover County,-77.3166095,37.6515441,Chesterfield County,-77.61684396,37.42100436
51041100933,51085321100,1,Hanover County,-77.38262891,37.61242252,Chesterfield County,-77.61684396,37.42100436
51041100933,51085321202,1,Hanover County,-77.34349514,37.58490558,Chesterfield County,-77.61684396,37.42100436
51041100934,51085320100,2,Hanover County,-77.58500006,37.88594378,Chesterfield County,-77.59630337,37.42636183
51041100934,51085320200,3,Hanover County,-77.68504133,37.80777585,Chesterfield County,-77.59630337,37.42636183
51041100934,51085320300,1,Hanover County,-77.6706394,37.73181814,Chesterfield County,-77.59630337,37.42636183
51041100934,51085320400,3,Hanover County,-77.53119038,37.72350989,Chesterfield County,-77.59630337,37.42636183
51041100934,51085320601,4,Hanover County,-77.47144709,37.77593334,Chesterfield County,-77.59630337,37.42636183
51041100934,51085320602,2,Hanover County,-77.47318377,37.74416695,Chesterfield County,-77.59630337,37.42636183
51041100934,51085320701,1,Hanover County,-77.40541715,37.75339045,Chesterfield County,-77.59630337,37.42636183
51041100934,51085320801,2,Hanover County,-77.43517464,37.72101115,Chesterfield County,-77.59630337,37.42636183
51041100934,51085320803,1,Hanover County,-77.40178469,37.67555472,Chesterfield County,-77.59630337,37.42636183
51041100934,51085320804,1,Hanover County,-77.42040307,37.68215954,Chesterfield County,-77.59630337,37.42636183
51041100934,51085320901,2,Hanover County,-77.35950464,37.65874207,Chesterfield County,-77.59630337,37.42636183
51041100934,51085320902,6,Hanover County,-77.38681578,37.63660736,Chesterfield County,-77.59630337,37.42636183
51041100934,51085321001,4,Hanover County,-77.35319382,37.62262564,Chesterfield County,-77.59630337,37.42636183
51041100934,51085321004,1,Hanover County,-77.3166095,37.6515441,Chesterfield County,-77.59630337,37.42636183
51041100934,51085321201,2,Hanover County,-77.32329616,37.5880924,Chesterfield County,-77.59630337,37.42636183
51041100934,51085321202,1,Hanover County,-77.34349514,37.58490558,Chesterfield County,-77.59630337,37.42636183
51041100934,51085321300,2,Hanover County,-77.29680248,37.59112522,Chesterfield County,-77.59630337,37.42636183
51041100934,51085321401,2,Hanover County,-77.25895891,37.67861465,Chesterfield County,-77.59630337,37.42636183
51041100934,51085321402,2,Hanover County,-77.25179057,37.60113008,Chesterfield County,-77.59630337,37.42636183
51041100935,51085320200,3,Hanover County,-77.68504133,37.80777585,Chesterfield County,-77.6593808,37.53790701
51041100935,51085320901,3,Hanover County,-77.35950464,37.65874207,Chesterfield County,-77.6593808,37.53790701
51041100935,51085321001,2,Hanover County,-77.35319382,37.62262564,Chesterfield County,-77.6593808,37.53790701
51041100935,51085321003,3,Hanover County,-77.3176218,37.62396679,Chesterfield County,-77.6593808,37.53790701
51041100935,51085321202,1,Hanover County,-77.34349514,37.58490558,Chesterfield County,-77.6593808,37.53790701
51041100935,51085321300,3,Hanover County,-77.29680248,37.59112522,Chesterfield County,-77.6593808,37.53790701
51041100936,51085320100,1,Hanover County,-77.58500006,37.88594378,Chesterfield County,-77.64224285,37.52068898
51041100936,51085320601,1,Hanover County,-77.47144709,37.77593334,Chesterfield County,-77.64224285,37.52068898
51041100936,51085320701,1,Hanover County,-77.40541715,37.75339045,Chesterfield County,-77.64224285,37.52068898
51041100936,51085320804,1,Hanover County,-77.42040307,37.68215954,Chesterfield County,-77.64224285,37.52068898
51041100936,51085321403,2,Hanover County,-77.17923965,37.62402478,Chesterfield County,-77.64224285,37.52068898
51041100937,51085320100,5,Hanover County,-77.58500006,37.88594378,Chesterfield County,-77.65752559,37.45437077
51041100937,51085320200,11,Hanover County,-77.68504133,37.80777585,Chesterfield County,-77.65752559,37.45437077
51041100937,51085320300,3,Hanover County,-77.6706394,37.73181814,Chesterfield County,-77.65752559,37.45437077
51041100937,51085320400,2,Hanover County,-77.53119038,37.72350989,Chesterfield County,-77.65752559,37.45437077
51041100937,51085320601,4,Hanover County,-77.47144709,37.77593334,Chesterfield County,-77.65752559,37.45437077
51041100937,51085320602,1,Hanover County,-77.47318377,37.74416695,Chesterfield County,-77.65752559,37.45437077
51041100937,51085320701,2,Hanover County,-77.40541715,37.75339045,Chesterfield County,-77.65752559,37.45437077
51041100937,51085320702,1,Hanover County,-77.33973544,37.72429497,Chesterfield County,-77.65752559,37.45437077
51041100937,51085320801,6,Hanover County,-77.43517464,37.72101115,Chesterfield County,-77.65752559,37.45437077
51041100937,51085320803,5,Hanover County,-77.40178469,37.67555472,Chesterfield County,-77.65752559,37.45437077
51041100937,51085320804,2,Hanover County,-77.42040307,37.68215954,Chesterfield County,-77.65752559,37.45437077
51041100937,51085320805,3,Hanover County,-77.42512268,37.6646678,Chesterfield County,-77.65752559,37.45437077
51041100937,51085320901,5,Hanover County,-77.35950464,37.65874207,Chesterfield County,-77.65752559,37.45437077
51041100937,51085320902,1,Hanover County,-77.38681578,37.63660736,Chesterfield County,-77.65752559,37.45437077
51041100937,51085321001,2,Hanover County,-77.35319382,37.62262564,Chesterfield County,-77.65752559,37.45437077
51041100937,51085321003,1,Hanover County,-77.3176218,37.62396679,Chesterfield County,-77.65752559,37.45437077
51041100937,51085321004,1,Hanover County,-77.3166095,37.6515441,Chesterfield County,-77.65752559,37.45437077
51041100937,51085321100,3,Hanover County,-77.38262891,37.61242252,Chesterfield County,-77.65752559,37.45437077
51041100937,51085321201,9,Hanover County,-77.32329616,37.5880924,Chesterfield County,-77.65752559,37.45437077
51041100937,51085321300,3,Hanover County,-77.29680248,37.59112522,Chesterfield County,-77.65752559,37.45437077
51041100937,51085321401,1,Hanover County,-77.25895891,37.67861465,Chesterfield County,-77.65752559,37.45437077
51041100937,51085321402,6,Hanover County,-77.25179057,37.60113008,Chesterfield County,-77.65752559,37.45437077
51041100937,51085321403,1,Hanover County,-77.17923965,37.62402478,Chesterfield County,-77.65752559,37.45437077
51041100938,51085320100,2,Hanover County,-77.58500006,37.88594378,Chesterfield County,-77.71174779,37.47590889
51041100938,51085320300,1,Hanover County,-77.6706394,37.73181814,Chesterfield County,-77.71174779,37.47590889
51041100938,51085320400,1,Hanover County,-77.53119038,37.72350989,Chesterfield County,-77.71174779,37.47590889
51041100938,51085320500,1,Hanover County,-77.52199663,37.77211832,Chesterfield County,-77.71174779,37.47590889
51041100938,51085320801,1,Hanover County,-77.43517464,37.72101115,Chesterfield County,-77.71174779,37.47590889
51041100938,51085320901,1,Hanover County,-77.35950464,37.65874207,Chesterfield County,-77.71174779,37.47590889
51041100938,51085320902,1,Hanover County,-77.38681578,37.63660736,Chesterfield County,-77.71174779,37.47590889
51041100938,51085321004,1,Hanover County,-77.3166095,37.6515441,Chesterfield County,-77.71174779,37.47590889
51041100938,51085321201,1,Hanover County,-77.32329616,37.5880924,Chesterfield County,-77.71174779,37.47590889
51041101003,51085320300,1,Hanover County,-77.6706394,37.73181814,Chesterfield County,-77.78210495,37.41900592
51041101003,51085320400,2,Hanover County,-77.53119038,37.72350989,Chesterfield County,-77.78210495,37.41900592
51041101003,51085320500,2,Hanover County,-77.52199663,37.77211832,Chesterfield County,-77.78210495,37.41900592
51041101003,51085320601,1,Hanover County,-77.47144709,37.77593334,Chesterfield County,-77.78210495,37.41900592
51041101003,51085320702,1,Hanover County,-77.33973544,37.72429497,Chesterfield County,-77.78210495,37.41900592
51041101003,51085320801,1,Hanover County,-77.43517464,37.72101115,Chesterfield County,-77.78210495,37.41900592
51041101003,51085320804,1,Hanover County,-77.42040307,37.68215954,Chesterfield County,-77.78210495,37.41900592
51041101003,51085320902,1,Hanover County,-77.38681578,37.63660736,Chesterfield County,-77.78210495,37.41900592
51041101003,51085321003,1,Hanover County,-77.3176218,37.62396679,Chesterfield County,-77.78210495,37.41900592
51041101003,51085321100,2,Hanover County,-77.38262891,37.61242252,Chesterfield County,-77.78210495,37.41900592
51041101003,51085321202,1,Hanover County,-77.34349514,37.58490558,Chesterfield County,-77.78210495,37.41900592
51041101003,51085321300,3,Hanover County,-77.29680248,37.59112522,Chesterfield County,-77.78210495,37.41900592
51041101004,51085320100,2,Hanover County,-77.58500006,37.88594378,Chesterfield County,-77.73903567,37.33506438
51041101004,51085320200,2,Hanover County,-77.68504133,37.80777585,Chesterfield County,-77.73903567,37.33506438
51041101004,51085320300,2,Hanover County,-77.6706394,37.73181814,Chesterfield County,-77.73903567,37.33506438
51041101004,51085320500,1,Hanover County,-77.52199663,37.77211832,Chesterfield County,-77.73903567,37.33506438
51041101004,51085320602,1,Hanover County,-77.47318377,37.74416695,Chesterfield County,-77.73903567,37.33506438
51041101004,51085320701,2,Hanover County,-77.40541715,37.75339045,Chesterfield County,-77.73903567,37.33506438
51041101004,51085320801,1,Hanover County,-77.43517464,37.72101115,Chesterfield County,-77.73903567,37.33506438
51041101004,51085321003,1,Hanover County,-77.3176218,37.62396679,Chesterfield County,-77.73903567,37.33506438
51041101004,51085321004,1,Hanover County,-77.3166095,37.6515441,Chesterfield County,-77.73903567,37.33506438
51041101004,51085321100,3,Hanover County,-77.38262891,37.61242252,Chesterfield County,-77.73903567,37.33506438
51041101004,51085321201,1,Hanover County,-77.32329616,37.5880924,Chesterfield County,-77.73903567,37.33506438
51041101004,51085321202,1,Hanover County,-77.34349514,37.58490558,Chesterfield County,-77.73903567,37.33506438
51041101004,51085321401,2,Hanover County,-77.25895891,37.67861465,Chesterfield County,-77.73903567,37.33506438
51041101007,51085320100,1,Hanover County,-77.58500006,37.88594378,Chesterfield County,-77.671126,37.41933094
51041101007,51085320200,1,Hanover County,-77.68504133,37.80777585,Chesterfield County,-77.671126,37.41933094
51041101007,51085320300,3,Hanover County,-77.6706394,37.73181814,Chesterfield County,-77.671126,37.41933094
51041101007,51085320400,5,Hanover County,-77.53119038,37.72350989,Chesterfield County,-77.671126,37.41933094
51041101007,51085320500,1,Hanover County,-77.52199663,37.77211832,Chesterfield County,-77.671126,37.41933094
51041101007,51085320601,1,Hanover County,-77.47144709,37.77593334,Chesterfield County,-77.671126,37.41933094
51041101007,51085320602,2,Hanover County,-77.47318377,37.74416695,Chesterfield County,-77.671126,37.41933094
51041101007,51085320701,2,Hanover County,-77.40541715,37.75339045,Chesterfield County,-77.671126,37.41933094
51041101007,51085320801,4,Hanover County,-77.43517464,37.72101115,Chesterfield County,-77.671126,37.41933094
51041101007,51085320803,8,Hanover County,-77.40178469,37.67555472,Chesterfield County,-77.671126,37.41933094
51041101007,51085320804,5,Hanover County,-77.42040307,37.68215954,Chesterfield County,-77.671126,37.41933094
51041101007,51085320805,4,Hanover County,-77.42512268,37.6646678,Chesterfield County,-77.671126,37.41933094
51041101007,51085320901,5,Hanover County,-77.35950464,37.65874207,Chesterfield County,-77.671126,37.41933094
51041101007,51085320902,2,Hanover County,-77.38681578,37.63660736,Chesterfield County,-77.671126,37.41933094
51041101007,51085321001,4,Hanover County,-77.35319382,37.62262564,Chesterfield County,-77.671126,37.41933094
51041101007,51085321003,2,Hanover County,-77.3176218,37.62396679,Chesterfield County,-77.671126,37.41933094
51041101007,51085321004,4,Hanover County,-77.3166095,37.6515441,Chesterfield County,-77.671126,37.41933094
51041101007,51085321100,8,Hanover County,-77.38262891,37.61242252,Chesterfield County,-77.671126,37.41933094
51041101007,51085321201,5,Hanover County,-77.32329616,37.5880924,Chesterfield County,-77.671126,37.41933094
51041101007,51085321202,3,Hanover County,-77.34349514,37.58490558,Chesterfield County,-77.671126,37.41933094
51041101007,51085321300,3,Hanover County,-77.29680248,37.59112522,Chesterfield County,-77.671126,37.41933094
51041101007,51085321402,1,Hanover County,-77.25179057,37.60113008,Chesterfield County,-77.671126,37.41933094
51041101007,51085321403,1,Hanover County,-77.17923965,37.62402478,Chesterfield County,-77.671126,37.41933094
51041101008,51085320400,1,Hanover County,-77.53119038,37.72350989,Chesterfield County,-77.70061951,37.41195412
51041101008,51085320500,1,Hanover County,-77.52199663,37.77211832,Chesterfield County,-77.70061951,37.41195412
51041101008,51085320601,1,Hanover County,-77.47144709,37.77593334,Chesterfield County,-77.70061951,37.41195412
51041101008,51085320803,6,Hanover County,-77.40178469,37.67555472,Chesterfield County,-77.70061951,37.41195412
51041101008,51085320804,2,Hanover County,-77.42040307,37.68215954,Chesterfield County,-77.70061951,37.41195412
51041101008,51085320805,1,Hanover County,-77.42512268,37.6646678,Chesterfield County,-77.70061951,37.41195412
51041101008,51085320901,1,Hanover County,-77.35950464,37.65874207,Chesterfield County,-77.70061951,37.41195412
51041101008,51085320902,3,Hanover County,-77.38681578,37.63660736,Chesterfield County,-77.70061951,37.41195412
51041101008,51085321202,1,Hanover County,-77.34349514,37.58490558,Chesterfield County,-77.70061951,37.41195412
51041101008,51085321300,3,Hanover County,-77.29680248,37.59112522,Chesterfield County,-77.70061951,37.41195412
51041101009,51085320100,2,Hanover County,-77.58500006,37.88594378,Chesterfield County,-77.6982259,37.38527966
51041101009,51085320200,1,Hanover County,-77.68504133,37.80777585,Chesterfield County,-77.6982259,37.38527966
51041101009,51085320300,2,Hanover County,-77.6706394,37.73181814,Chesterfield County,-77.6982259,37.38527966
51041101009,51085320400,5,Hanover County,-77.53119038,37.72350989,Chesterfield County,-77.6982259,37.38527966
51041101009,51085320500,1,Hanover County,-77.52199663,37.77211832,Chesterfield County,-77.6982259,37.38527966
51041101009,51085320601,1,Hanover County,-77.47144709,37.77593334,Chesterfield County,-77.6982259,37.38527966
51041101009,51085320602,1,Hanover County,-77.47318377,37.74416695,Chesterfield County,-77.6982259,37.38527966
51041101009,51085320701,3,Hanover County,-77.40541715,37.75339045,Chesterfield County,-77.6982259,37.38527966
51041101009,51085320702,1,Hanover County,-77.33973544,37.72429497,Chesterfield County,-77.6982259,37.38527966
51041101009,51085320803,2,Hanover County,-77.40178469,37.67555472,Chesterfield County,-77.6982259,37.38527966
51041101009,51085320804,2,Hanover County,-77.42040307,37.68215954,Chesterfield County,-77.6982259,37.38527966
51041101009,51085320901,1,Hanover County,-77.35950464,37.65874207,Chesterfield County,-77.6982259,37.38527966
51041101009,51085321003,1,Hanover County,-77.3176218,37.62396679,Chesterfield County,-77.6982259,37.38527966
51041101009,51085321004,3,Hanover County,-77.3166095,37.6515441,Chesterfield County,-77.6982259,37.38527966
51041101009,51085321100,3,Hanover County,-77.38262891,37.61242252,Chesterfield County,-77.6982259,37.38527966
51041101009,51085321201,3,Hanover County,-77.32329616,37.5880924,Chesterfield County,-77.6982259,37.38527966
51041101009,51085321202,1,Hanover County,-77.34349514,37.58490558,Chesterfield County,-77.6982259,37.38527966
51041101009,51085321402,2,Hanover County,-77.25179057,37.60113008,Chesterfield County,-77.6982259,37.38527966
51041101009,51085321403,1,Hanover County,-77.17923965,37.62402478,Chesterfield County,-77.6982259,37.38527966
51041101011,51085320100,1,Hanover County,-77.58500006,37.88594378,Chesterfield County,-77.65534393,37.3946593
51041101011,51085320300,2,Hanover County,-77.6706394,37.73181814,Chesterfield County,-77.65534393,37.3946593
51041101011,51085320601,1,Hanover County,-77.47144709,37.77593334,Chesterfield County,-77.65534393,37.3946593
51041101011,51085320602,1,Hanover County,-77.47318377,37.74416695,Chesterfield County,-77.65534393,37.3946593
51041101011,51085320701,2,Hanover County,-77.40541715,37.75339045,Chesterfield County,-77.65534393,37.3946593
51041101011,51085320801,2,Hanover County,-77.43517464,37.72101115,Chesterfield County,-77.65534393,37.3946593
51041101011,51085320901,1,Hanover County,-77.35950464,37.65874207,Chesterfield County,-77.65534393,37.3946593
51041101011,51085320902,1,Hanover County,-77.38681578,37.63660736,Chesterfield County,-77.65534393,37.3946593
51041101011,51085321001,1,Hanover County,-77.35319382,37.62262564,Chesterfield County,-77.65534393,37.3946593
51041101011,51085321003,3,Hanover County,-77.3176218,37.62396679,Chesterfield County,-77.65534393,37.3946593
51041101011,51085321004,2,Hanover County,-77.3166095,37.6515441,Chesterfield County,-77.65534393,37.3946593
51041101011,51085321100,2,Hanover County,-77.38262891,37.61242252,Chesterfield County,-77.65534393,37.3946593
51041101011,51085321401,2,Hanover County,-77.25895891,37.67861465,Chesterfield County,-77.65534393,37.3946593
51041101012,51085320100,2,Hanover County,-77.58500006,37.88594378,Chesterfield County,-77.6384137,37.4080954
51041101012,51085320200,6,Hanover County,-77.68504133,37.80777585,Chesterfield County,-77.6384137,37.4080954
51041101012,51085320300,3,Hanover County,-77.6706394,37.73181814,Chesterfield County,-77.6384137,37.4080954
51041101012,51085320400,5,Hanover County,-77.53119038,37.72350989,Chesterfield County,-77.6384137,37.4080954
51041101012,51085320500,1,Hanover County,-77.52199663,37.77211832,Chesterfield County,-77.6384137,37.4080954
51041101012,51085320601,2,Hanover County,-77.47144709,37.77593334,Chesterfield County,-77.6384137,37.4080954
51041101012,51085320602,2,Hanover County,-77.47318377,37.74416695,Chesterfield County,-77.6384137,37.4080954
51041101012,51085320701,7,Hanover County,-77.40541715,37.75339045,Chesterfield County,-77.6384137,37.4080954
51041101012,51085320702,1,Hanover County,-77.33973544,37.72429497,Chesterfield County,-77.6384137,37.4080954
51041101012,51085320803,5,Hanover County,-77.40178469,37.67555472,Chesterfield County,-77.6384137,37.4080954
51041101012,51085320804,4,Hanover County,-77.42040307,37.68215954,Chesterfield County,-77.6384137,37.4080954
51041101012,51085320805,3,Hanover County,-77.42512268,37.6646678,Chesterfield County,-77.6384137,37.4080954
51041101012,51085320901,10,Hanover County,-77.35950464,37.65874207,Chesterfield County,-77.6384137,37.4080954
51041101012,51085320902,5,Hanover County,-77.38681578,37.63660736,Chesterfield County,-77.6384137,37.4080954
51041101012,51085321001,7,Hanover County,-77.35319382,37.62262564,Chesterfield County,-77.6384137,37.4080954
51041101012,51085321003,3,Hanover County,-77.3176218,37.62396679,Chesterfield County,-77.6384137,37.4080954
51041101012,51085321004,5,Hanover County,-77.3166095,37.6515441,Chesterfield County,-77.6384137,37.4080954
51041101012,51085321100,5,Hanover County,-77.38262891,37.61242252,Chesterfield County,-77.6384137,37.4080954
51041101012,51085321201,2,Hanover County,-77.32329616,37.5880924,Chesterfield County,-77.6384137,37.4080954
51041101012,51085321202,7,Hanover County,-77.34349514,37.58490558,Chesterfield County,-77.6384137,37.4080954
51041101012,51085321300,5,Hanover County,-77.29680248,37.59112522,Chesterfield County,-77.6384137,37.4080954
51041101012,51085321401,4,Hanover County,-77.25895891,37.67861465,Chesterfield County,-77.6384137,37.4080954
51041101012,51085321402,2,Hanover County,-77.25179057,37.60113008,Chesterfield County,-77.6384137,37.4080954
51041101012,51085321403,5,Hanover County,-77.17923965,37.62402478,Chesterfield County,-77.6384137,37.4080954
51041101013,51085320100,1,Hanover County,-77.58500006,37.88594378,Chesterfield County,-77.61817889,37.39472668
51041101013,51085320500,1,Hanover County,-77.52199663,37.77211832,Chesterfield County,-77.61817889,37.39472668
51041101013,51085320902,1,Hanover County,-77.38681578,37.63660736,Chesterfield County,-77.61817889,37.39472668
51041101013,51085321001,1,Hanover County,-77.35319382,37.62262564,Chesterfield County,-77.61817889,37.39472668
51041101013,51085321003,1,Hanover County,-77.3176218,37.62396679,Chesterfield County,-77.61817889,37.39472668
51041101013,51085321004,2,Hanover County,-77.3166095,37.6515441,Chesterfield County,-77.61817889,37.39472668
51041101014,51085320601,1,Hanover County,-77.47144709,37.77593334,Chesterfield County,-77.63663495,37.36480696
51041101015,51085320100,1,Hanover County,-77.58500006,37.88594378,Chesterfield County,-77.66452095,37.37887289
51041101015,51085320300,1,Hanover County,-77.6706394,37.73181814,Chesterfield County,-77.66452095,37.37887289
51041101015,51085320702,2,Hanover County,-77.33973544,37.72429497,Chesterfield County,-77.66452095,37.37887289
51041101015,51085320804,2,Hanover County,-77.42040307,37.68215954,Chesterfield County,-77.66452095,37.37887289
51041101015,51085321003,2,Hanover County,-77.3176218,37.62396679,Chesterfield County,-77.66452095,37.37887289
51041101015,51085321202,2,Hanover County,-77.34349514,37.58490558,Chesterfield County,-77.66452095,37.37887289
51041101015,51085321300,2,Hanover County,-77.29680248,37.59112522,Chesterfield County,-77.66452095,37.37887289
51075400101,51085320100,38,Hanover County,-77.58500006,37.88594378,Goochland County,-77.68299554,37.60434673
51075400101,51085320200,49,Hanover County,-77.68504133,37.80777585,Goochland County,-77.68299554,37.60434673
51075400101,51085320300,42,Hanover County,-77.6706394,37.73181814,Goochland County,-77.68299554,37.60434673
51075400101,51085320400,40,Hanover County,-77.53119038,37.72350989,Goochland County,-77.68299554,37.60434673
51075400101,51085320500,18,Hanover County,-77.52199663,37.77211832,Goochland County,-77.68299554,37.60434673
51075400101,51085320601,22,Hanover County,-77.47144709,37.77593334,Goochland County,-77.68299554,37.60434673
51075400101,51085320602,13,Hanover County,-77.47318377,37.74416695,Goochland County,-77.68299554,37.60434673
51075400101,51085320701,40,Hanover County,-77.40541715,37.75339045,Goochland County,-77.68299554,37.60434673
51075400101,51085320702,17,Hanover County,-77.33973544,37.72429497,Goochland County,-77.68299554,37.60434673
51075400101,51085320801,24,Hanover County,-77.43517464,37.72101115,Goochland County,-77.68299554,37.60434673
51075400101,51085320803,75,Hanover County,-77.40178469,37.67555472,Goochland County,-77.68299554,37.60434673
51075400101,51085320804,66,Hanover County,-77.42040307,37.68215954,Goochland County,-77.68299554,37.60434673
51075400101,51085320805,29,Hanover County,-77.42512268,37.6646678,Goochland County,-77.68299554,37.60434673
51075400101,51085320901,37,Hanover County,-77.35950464,37.65874207,Goochland County,-77.68299554,37.60434673
51075400101,51085320902,20,Hanover County,-77.38681578,37.63660736,Goochland County,-77.68299554,37.60434673
51075400101,51085321001,14,Hanover County,-77.35319382,37.62262564,Goochland County,-77.68299554,37.60434673
51075400101,51085321003,23,Hanover County,-77.3176218,37.62396679,Goochland County,-77.68299554,37.60434673
51075400101,51085321004,34,Hanover County,-77.3166095,37.6515441,Goochland County,-77.68299554,37.60434673
51075400101,51085321100,15,Hanover County,-77.38262891,37.61242252,Goochland County,-77.68299554,37.60434673
51075400101,51085321201,18,Hanover County,-77.32329616,37.5880924,Goochland County,-77.68299554,37.60434673
51075400101,51085321202,16,Hanover County,-77.34349514,37.58490558,Goochland County,-77.68299554,37.60434673
51075400101,51085321300,42,Hanover County,-77.29680248,37.59112522,Goochland County,-77.68299554,37.60434673
51075400101,51085321401,19,Hanover County,-77.25895891,37.67861465,Goochland County,-77.68299554,37.60434673
51075400101,51085321402,11,Hanover County,-77.25179057,37.60113008,Goochland County,-77.68299554,37.60434673
51075400101,51085321403,21,Hanover County,-77.17923965,37.62402478,Goochland County,-77.68299554,37.60434673
51075400102,51085320100,34,Hanover County,-77.58500006,37.88594378,Goochland County,-77.68626193,37.67237945
51075400102,51085320200,64,Hanover County,-77.68504133,37.80777585,Goochland County,-77.68626193,37.67237945
51075400102,51085320300,52,Hanover County,-77.6706394,37.73181814,Goochland County,-77.68626193,37.67237945
51075400102,51085320400,33,Hanover County,-77.53119038,37.72350989,Goochland County,-77.68626193,37.67237945
51075400102,51085320500,23,Hanover County,-77.52199663,37.77211832,Goochland County,-77.68626193,37.67237945
51075400102,51085320601,25,Hanover County,-77.47144709,37.77593334,Goochland County,-77.68626193,37.67237945
51075400102,51085320602,9,Hanover County,-77.47318377,37.74416695,Goochland County,-77.68626193,37.67237945
51075400102,51085320701,19,Hanover County,-77.40541715,37.75339045,Goochland County,-77.68626193,37.67237945
51075400102,51085320702,6,Hanover County,-77.33973544,37.72429497,Goochland County,-77.68626193,37.67237945
51075400102,51085320801,6,Hanover County,-77.43517464,37.72101115,Goochland County,-77.68626193,37.67237945
51075400102,51085320803,34,Hanover County,-77.40178469,37.67555472,Goochland County,-77.68626193,37.67237945
51075400102,51085320804,31,Hanover County,-77.42040307,37.68215954,Goochland County,-77.68626193,37.67237945
51075400102,51085320805,9,Hanover County,-77.42512268,37.6646678,Goochland County,-77.68626193,37.67237945
51075400102,51085320901,19,Hanover County,-77.35950464,37.65874207,Goochland County,-77.68626193,37.67237945
51075400102,51085320902,5,Hanover County,-77.38681578,37.63660736,Goochland County,-77.68626193,37.67237945
51075400102,51085321001,6,Hanover County,-77.35319382,37.62262564,Goochland County,-77.68626193,37.67237945
51075400102,51085321003,4,Hanover County,-77.3176218,37.62396679,Goochland County,-77.68626193,37.67237945
51075400102,51085321004,25,Hanover County,-77.3166095,37.6515441,Goochland County,-77.68626193,37.67237945
51075400102,51085321100,22,Hanover County,-77.38262891,37.61242252,Goochland County,-77.68626193,37.67237945
51075400102,51085321201,14,Hanover County,-77.32329616,37.5880924,Goochland County,-77.68626193,37.67237945
51075400102,51085321202,11,Hanover County,-77.34349514,37.58490558,Goochland County,-77.68626193,37.67237945
51075400102,51085321300,29,Hanover County,-77.29680248,37.59112522,Goochland County,-77.68626193,37.67237945
51075400102,51085321401,12,Hanover County,-77.25895891,37.67861465,Goochland County,-77.68626193,37.67237945
51075400102,51085321402,12,Hanover County,-77.25179057,37.60113008,Goochland County,-77.68626193,37.67237945
51075400102,51085321403,7,Hanover County,-77.17923965,37.62402478,Goochland County,-77.68626193,37.67237945
51075400200,51085320100,7,Hanover County,-77.58500006,37.88594378,Goochland County,-77.79542232,37.67430492
51075400200,51085320200,3,Hanover County,-77.68504133,37.80777585,Goochland County,-77.79542232,37.67430492
51075400200,51085320300,9,Hanover County,-77.6706394,37.73181814,Goochland County,-77.79542232,37.67430492
51075400200,51085320400,4,Hanover County,-77.53119038,37.72350989,Goochland County,-77.79542232,37.67430492
51075400200,51085320702,1,Hanover County,-77.33973544,37.72429497,Goochland County,-77.79542232,37.67430492
51075400200,51085320801,2,Hanover County,-77.43517464,37.72101115,Goochland County,-77.79542232,37.67430492
51075400200,51085320803,4,Hanover County,-77.40178469,37.67555472,Goochland County,-77.79542232,37.67430492
51075400200,51085320804,1,Hanover County,-77.42040307,37.68215954,Goochland County,-77.79542232,37.67430492
51075400200,51085320805,5,Hanover County,-77.42512268,37.6646678,Goochland County,-77.79542232,37.67430492
51075400200,51085321001,3,Hanover County,-77.35319382,37.62262564,Goochland County,-77.79542232,37.67430492
51075400200,51085321003,1,Hanover County,-77.3176218,37.62396679,Goochland County,-77.79542232,37.67430492
51075400200,51085321004,2,Hanover County,-77.3166095,37.6515441,Goochland County,-77.79542232,37.67430492
51075400200,51085321100,5,Hanover County,-77.38262891,37.61242252,Goochland County,-77.79542232,37.67430492
51075400200,51085321401,2,Hanover County,-77.25895891,37.67861465,Goochland County,-77.79542232,37.67430492
51075400200,51085321402,1,Hanover County,-77.25179057,37.60113008,Goochland County,-77.79542232,37.67430492
51075400300,51085320200,3,Hanover County,-77.68504133,37.80777585,Goochland County,-77.86213625,37.65586441
51075400300,51085320300,2,Hanover County,-77.6706394,37.73181814,Goochland County,-77.86213625,37.65586441
51075400300,51085320602,3,Hanover County,-77.47318377,37.74416695,Goochland County,-77.86213625,37.65586441
51075400300,51085320701,1,Hanover County,-77.40541715,37.75339045,Goochland County,-77.86213625,37.65586441
51075400300,51085320702,1,Hanover County,-77.33973544,37.72429497,Goochland County,-77.86213625,37.65586441
51075400300,51085320803,1,Hanover County,-77.40178469,37.67555472,Goochland County,-77.86213625,37.65586441
51075400300,51085320804,1,Hanover County,-77.42040307,37.68215954,Goochland County,-77.86213625,37.65586441
51075400300,51085320901,1,Hanover County,-77.35950464,37.65874207,Goochland County,-77.86213625,37.65586441
51075400300,51085321001,1,Hanover County,-77.35319382,37.62262564,Goochland County,-77.86213625,37.65586441
51075400300,51085321004,1,Hanover County,-77.3166095,37.6515441,Goochland County,-77.86213625,37.65586441
51075400300,51085321100,3,Hanover County,-77.38262891,37.61242252,Goochland County,-77.86213625,37.65586441
51075400400,51085320100,10,Hanover County,-77.58500006,37.88594378,Goochland County,-77.94915119,37.72443114
51075400400,51085320200,20,Hanover County,-77.68504133,37.80777585,Goochland County,-77.94915119,37.72443114
51075400400,51085320300,15,Hanover County,-77.6706394,37.73181814,Goochland County,-77.94915119,37.72443114
51075400400,51085320400,7,Hanover County,-77.53119038,37.72350989,Goochland County,-77.94915119,37.72443114
51075400400,51085320500,3,Hanover County,-77.52199663,37.77211832,Goochland County,-77.94915119,37.72443114
51075400400,51085320601,2,Hanover County,-77.47144709,37.77593334,Goochland County,-77.94915119,37.72443114
51075400400,51085320602,4,Hanover County,-77.47318377,37.74416695,Goochland County,-77.94915119,37.72443114
51075400400,51085320701,5,Hanover County,-77.40541715,37.75339045,Goochland County,-77.94915119,37.72443114
51075400400,51085320803,3,Hanover County,-77.40178469,37.67555472,Goochland County,-77.94915119,37.72443114
51075400400,51085320804,9,Hanover County,-77.42040307,37.68215954,Goochland County,-77.94915119,37.72443114
51075400400,51085320805,1,Hanover County,-77.42512268,37.6646678,Goochland County,-77.94915119,37.72443114
51075400400,51085320901,4,Hanover County,-77.35950464,37.65874207,Goochland County,-77.94915119,37.72443114
51075400400,51085320902,2,Hanover County,-77.38681578,37.63660736,Goochland County,-77.94915119,37.72443114
51075400400,51085321004,1,Hanover County,-77.3166095,37.6515441,Goochland County,-77.94915119,37.72443114
51075400400,51085321100,3,Hanover County,-77.38262891,37.61242252,Goochland County,-77.94915119,37.72443114
51075400400,51085321202,1,Hanover County,-77.34349514,37.58490558,Goochland County,-77.94915119,37.72443114
51075400400,51085321402,3,Hanover County,-77.25179057,37.60113008,Goochland County,-77.94915119,37.72443114
51075400400,51085321403,1,Hanover County,-77.17923965,37.62402478,Goochland County,-77.94915119,37.72443114
51075400500,51085320500,1,Hanover County,-77.52199663,37.77211832,Goochland County,-78.0537926,37.7822625
51075400500,51085320601,1,Hanover County,-77.47144709,37.77593334,Goochland County,-78.0537926,37.7822625
51075400500,51085320701,1,Hanover County,-77.40541715,37.75339045,Goochland County,-78.0537926,37.7822625
51075400500,51085321004,3,Hanover County,-77.3166095,37.6515441,Goochland County,-78.0537926,37.7822625
51075400500,51085321403,2,Hanover County,-77.17923965,37.62402478,Goochland County,-78.0537926,37.7822625
51085320100,51085320100,186,Hanover County,-77.58500006,37.88594378,Hanover County,-77.58500006,37.88594378
51085320100,51085320200,37,Hanover County,-77.68504133,37.80777585,Hanover County,-77.58500006,37.88594378
51085320100,51085320300,4,Hanover County,-77.6706394,37.73181814,Hanover County,-77.58500006,37.88594378
51085320100,51085320400,16,Hanover County,-77.53119038,37.72350989,Hanover County,-77.58500006,37.88594378
51085320100,51085320500,17,Hanover County,-77.52199663,37.77211832,Hanover County,-77.58500006,37.88594378
51085320100,51085320601,40,Hanover County,-77.47144709,37.77593334,Hanover County,-77.58500006,37.88594378
51085320100,51085320602,29,Hanover County,-77.47318377,37.74416695,Hanover County,-77.58500006,37.88594378
51085320100,51085320701,17,Hanover County,-77.40541715,37.75339045,Hanover County,-77.58500006,37.88594378
51085320100,51085320702,7,Hanover County,-77.33973544,37.72429497,Hanover County,-77.58500006,37.88594378
51085320100,51085320801,11,Hanover County,-77.43517464,37.72101115,Hanover County,-77.58500006,37.88594378
51085320100,51085320803,6,Hanover County,-77.40178469,37.67555472,Hanover County,-77.58500006,37.88594378
51085320100,51085320804,8,Hanover County,-77.42040307,37.68215954,Hanover County,-77.58500006,37.88594378
51085320100,51085320805,4,Hanover County,-77.42512268,37.6646678,Hanover County,-77.58500006,37.88594378
51085320100,51085320901,12,Hanover County,-77.35950464,37.65874207,Hanover County,-77.58500006,37.88594378
51085320100,51085320902,3,Hanover County,-77.38681578,37.63660736,Hanover County,-77.58500006,37.88594378
51085320100,51085321001,1,Hanover County,-77.35319382,37.62262564,Hanover County,-77.58500006,37.88594378
51085320100,51085321003,1,Hanover County,-77.3176218,37.62396679,Hanover County,-77.58500006,37.88594378
51085320100,51085321004,10,Hanover County,-77.3166095,37.6515441,Hanover County,-77.58500006,37.88594378
51085320100,51085321100,9,Hanover County,-77.38262891,37.61242252,Hanover County,-77.58500006,37.88594378
51085320100,51085321201,8,Hanover County,-77.32329616,37.5880924,Hanover County,-77.58500006,37.88594378
51085320100,51085321202,14,Hanover County,-77.34349514,37.58490558,Hanover County,-77.58500006,37.88594378
51085320100,51085321300,5,Hanover County,-77.29680248,37.59112522,Hanover County,-77.58500006,37.88594378
51085320100,51085321401,1,Hanover County,-77.25895891,37.67861465,Hanover County,-77.58500006,37.88594378
51085320100,51085321402,2,Hanover County,-77.25179057,37.60113008,Hanover County,-77.58500006,37.88594378
51085320200,51085320100,67,Hanover County,-77.58500006,37.88594378,Hanover County,-77.68504133,37.80777585
51085320200,51085320200,179,Hanover County,-77.68504133,37.80777585,Hanover County,-77.68504133,37.80777585
51085320200,51085320300,11,Hanover County,-77.6706394,37.73181814,Hanover County,-77.68504133,37.80777585
51085320200,51085320400,8,Hanover County,-77.53119038,37.72350989,Hanover County,-77.68504133,37.80777585
51085320200,51085320500,12,Hanover County,-77.52199663,37.77211832,Hanover County,-77.68504133,37.80777585
51085320200,51085320602,1,Hanover County,-77.47318377,37.74416695,Hanover County,-77.68504133,37.80777585
51085320200,51085320701,14,Hanover County,-77.40541715,37.75339045,Hanover County,-77.68504133,37.80777585
51085320200,51085320801,4,Hanover County,-77.43517464,37.72101115,Hanover County,-77.68504133,37.80777585
51085320200,51085320803,4,Hanover County,-77.40178469,37.67555472,Hanover County,-77.68504133,37.80777585
51085320200,51085320804,1,Hanover County,-77.42040307,37.68215954,Hanover County,-77.68504133,37.80777585
51085320200,51085320805,5,Hanover County,-77.42512268,37.6646678,Hanover County,-77.68504133,37.80777585
51085320200,51085320901,2,Hanover County,-77.35950464,37.65874207,Hanover County,-77.68504133,37.80777585
51085320200,51085321201,4,Hanover County,-77.32329616,37.5880924,Hanover County,-77.68504133,37.80777585
51085320200,51085321202,1,Hanover County,-77.34349514,37.58490558,Hanover County,-77.68504133,37.80777585
51085320200,51085321300,5,Hanover County,-77.29680248,37.59112522,Hanover County,-77.68504133,37.80777585
51085320200,51085321401,1,Hanover County,-77.25895891,37.67861465,Hanover County,-77.68504133,37.80777585
51085320200,51085321402,1,Hanover County,-77.25179057,37.60113008,Hanover County,-77.68504133,37.80777585
51085320300,51085320100,6,Hanover County,-77.58500006,37.88594378,Hanover County,-77.6706394,37.73181814
51085320300,51085320200,14,Hanover County,-77.68504133,37.80777585,Hanover County,-77.6706394,37.73181814
51085320300,51085320300,115,Hanover County,-77.6706394,37.73181814,Hanover County,-77.6706394,37.73181814
51085320300,51085320400,19,Hanover County,-77.53119038,37.72350989,Hanover County,-77.6706394,37.73181814
51085320300,51085320500,4,Hanover County,-77.52199663,37.77211832,Hanover County,-77.6706394,37.73181814
51085320300,51085320601,3,Hanover County,-77.47144709,37.77593334,Hanover County,-77.6706394,37.73181814
51085320300,51085320602,4,Hanover County,-77.47318377,37.74416695,Hanover County,-77.6706394,37.73181814
51085320300,51085320701,5,Hanover County,-77.40541715,37.75339045,Hanover County,-77.6706394,37.73181814
51085320300,51085320702,1,Hanover County,-77.33973544,37.72429497,Hanover County,-77.6706394,37.73181814
51085320300,51085320801,3,Hanover County,-77.43517464,37.72101115,Hanover County,-77.6706394,37.73181814
51085320300,51085320803,1,Hanover County,-77.40178469,37.67555472,Hanover County,-77.6706394,37.73181814
51085320300,51085320804,6,Hanover County,-77.42040307,37.68215954,Hanover County,-77.6706394,37.73181814
51085320300,51085320805,2,Hanover County,-77.42512268,37.6646678,Hanover County,-77.6706394,37.73181814
51085320300,51085320901,2,Hanover County,-77.35950464,37.65874207,Hanover County,-77.6706394,37.73181814
51085320300,51085320902,1,Hanover County,-77.38681578,37.63660736,Hanover County,-77.6706394,37.73181814
51085320300,51085321001,1,Hanover County,-77.35319382,37.62262564,Hanover County,-77.6706394,37.73181814
51085320300,51085321100,3,Hanover County,-77.38262891,37.61242252,Hanover County,-77.6706394,37.73181814
51085320300,51085321300,1,Hanover County,-77.29680248,37.59112522,Hanover County,-77.6706394,37.73181814
51085320300,51085321401,1,Hanover County,-77.25895891,37.67861465,Hanover County,-77.6706394,37.73181814
51085320300,51085321402,1,Hanover County,-77.25179057,37.60113008,Hanover County,-77.6706394,37.73181814
51085320300,51085321403,2,Hanover County,-77.17923965,37.62402478,Hanover County,-77.6706394,37.73181814
51085320400,51085320100,53,Hanover County,-77.58500006,37.88594378,Hanover County,-77.53119038,37.72350989
51085320400,51085320200,58,Hanover County,-77.68504133,37.80777585,Hanover County,-77.53119038,37.72350989
51085320400,51085320300,42,Hanover County,-77.6706394,37.73181814,Hanover County,-77.53119038,37.72350989
51085320400,51085320400,131,Hanover County,-77.53119038,37.72350989,Hanover County,-77.53119038,37.72350989
51085320400,51085320500,26,Hanover County,-77.52199663,37.77211832,Hanover County,-77.53119038,37.72350989
51085320400,51085320601,42,Hanover County,-77.47144709,37.77593334,Hanover County,-77.53119038,37.72350989
51085320400,51085320602,51,Hanover County,-77.47318377,37.74416695,Hanover County,-77.53119038,37.72350989
51085320400,51085320701,58,Hanover County,-77.40541715,37.75339045,Hanover County,-77.53119038,37.72350989
51085320400,51085320702,16,Hanover County,-77.33973544,37.72429497,Hanover County,-77.53119038,37.72350989
51085320400,51085320801,40,Hanover County,-77.43517464,37.72101115,Hanover County,-77.53119038,37.72350989
51085320400,51085320803,37,Hanover County,-77.40178469,37.67555472,Hanover County,-77.53119038,37.72350989
51085320400,51085320804,52,Hanover County,-77.42040307,37.68215954,Hanover County,-77.53119038,37.72350989
51085320400,51085320805,29,Hanover County,-77.42512268,37.6646678,Hanover County,-77.53119038,37.72350989
51085320400,51085320901,26,Hanover County,-77.35950464,37.65874207,Hanover County,-77.53119038,37.72350989
51085320400,51085320902,26,Hanover County,-77.38681578,37.63660736,Hanover County,-77.53119038,37.72350989
51085320400,51085321001,17,Hanover County,-77.35319382,37.62262564,Hanover County,-77.53119038,37.72350989
51085320400,51085321003,20,Hanover County,-77.3176218,37.62396679,Hanover County,-77.53119038,37.72350989
51085320400,51085321004,48,Hanover County,-77.3166095,37.6515441,Hanover County,-77.53119038,37.72350989
51085320400,51085321100,31,Hanover County,-77.38262891,37.61242252,Hanover County,-77.53119038,37.72350989
51085320400,51085321201,24,Hanover County,-77.32329616,37.5880924,Hanover County,-77.53119038,37.72350989
51085320400,51085321202,41,Hanover County,-77.34349514,37.58490558,Hanover County,-77.53119038,37.72350989
51085320400,51085321300,48,Hanover County,-77.29680248,37.59112522,Hanover County,-77.53119038,37.72350989
51085320400,51085321401,14,Hanover County,-77.25895891,37.67861465,Hanover County,-77.53119038,37.72350989
51085320400,51085321402,9,Hanover County,-77.25179057,37.60113008,Hanover County,-77.53119038,37.72350989
51085320400,51085321403,17,Hanover County,-77.17923965,37.62402478,Hanover County,-77.53119038,37.72350989
51085320500,51085320100,16,Hanover County,-77.58500006,37.88594378,Hanover County,-77.52199663,37.77211832
51085320500,51085320200,17,Hanover County,-77.68504133,37.80777585,Hanover County,-77.52199663,37.77211832
51085320500,51085320300,2,Hanover County,-77.6706394,37.73181814,Hanover County,-77.52199663,37.77211832
51085320500,51085320400,15,Hanover County,-77.53119038,37.72350989,Hanover County,-77.52199663,37.77211832
51085320500,51085320500,73,Hanover County,-77.52199663,37.77211832,Hanover County,-77.52199663,37.77211832
51085320500,51085320601,14,Hanover County,-77.47144709,37.77593334,Hanover County,-77.52199663,37.77211832
51085320500,51085320602,27,Hanover County,-77.47318377,37.74416695,Hanover County,-77.52199663,37.77211832
51085320500,51085320701,12,Hanover County,-77.40541715,37.75339045,Hanover County,-77.52199663,37.77211832
51085320500,51085320702,2,Hanover County,-77.33973544,37.72429497,Hanover County,-77.52199663,37.77211832
51085320500,51085320801,1,Hanover County,-77.43517464,37.72101115,Hanover County,-77.52199663,37.77211832
51085320500,51085320804,2,Hanover County,-77.42040307,37.68215954,Hanover County,-77.52199663,37.77211832
51085320500,51085320805,4,Hanover County,-77.42512268,37.6646678,Hanover County,-77.52199663,37.77211832
51085320500,51085320902,1,Hanover County,-77.38681578,37.63660736,Hanover County,-77.52199663,37.77211832
51085320500,51085321001,2,Hanover County,-77.35319382,37.62262564,Hanover County,-77.52199663,37.77211832
51085320500,51085321003,4,Hanover County,-77.3176218,37.62396679,Hanover County,-77.52199663,37.77211832
51085320500,51085321100,4,Hanover County,-77.38262891,37.61242252,Hanover County,-77.52199663,37.77211832
51085320500,51085321403,4,Hanover County,-77.17923965,37.62402478,Hanover County,-77.52199663,37.77211832
51085320601,51085320100,171,Hanover County,-77.58500006,37.88594378,Hanover County,-77.47144709,37.77593334
51085320601,51085320200,146,Hanover County,-77.68504133,37.80777585,Hanover County,-77.47144709,37.77593334
51085320601,51085320300,53,Hanover County,-77.6706394,37.73181814,Hanover County,-77.47144709,37.77593334
51085320601,51085320400,101,Hanover County,-77.53119038,37.72350989,Hanover County,-77.47144709,37.77593334
51085320601,51085320500,119,Hanover County,-77.52199663,37.77211832,Hanover County,-77.47144709,37.77593334
51085320601,51085320601,148,Hanover County,-77.47144709,37.77593334,Hanover County,-77.47144709,37.77593334
51085320601,51085320602,148,Hanover County,-77.47318377,37.74416695,Hanover County,-77.47144709,37.77593334
51085320601,51085320701,114,Hanover County,-77.40541715,37.75339045,Hanover County,-77.47144709,37.77593334
51085320601,51085320702,85,Hanover County,-77.33973544,37.72429497,Hanover County,-77.47144709,37.77593334
51085320601,51085320801,73,Hanover County,-77.43517464,37.72101115,Hanover County,-77.47144709,37.77593334
51085320601,51085320803,164,Hanover County,-77.40178469,37.67555472,Hanover County,-77.47144709,37.77593334
51085320601,51085320804,163,Hanover County,-77.42040307,37.68215954,Hanover County,-77.47144709,37.77593334
51085320601,51085320805,67,Hanover County,-77.42512268,37.6646678,Hanover County,-77.47144709,37.77593334
51085320601,51085320901,154,Hanover County,-77.35950464,37.65874207,Hanover County,-77.47144709,37.77593334
51085320601,51085320902,66,Hanover County,-77.38681578,37.63660736,Hanover County,-77.47144709,37.77593334
51085320601,51085321001,59,Hanover County,-77.35319382,37.62262564,Hanover County,-77.47144709,37.77593334
51085320601,51085321003,45,Hanover County,-77.3176218,37.62396679,Hanover County,-77.47144709,37.77593334
51085320601,51085321004,95,Hanover County,-77.3166095,37.6515441,Hanover County,-77.47144709,37.77593334
51085320601,51085321100,95,Hanover County,-77.38262891,37.61242252,Hanover County,-77.47144709,37.77593334
51085320601,51085321201,72,Hanover County,-77.32329616,37.5880924,Hanover County,-77.47144709,37.77593334
51085320601,51085321202,36,Hanover County,-77.34349514,37.58490558,Hanover County,-77.47144709,37.77593334
51085320601,51085321300,140,Hanover County,-77.29680248,37.59112522,Hanover County,-77.47144709,37.77593334
51085320601,51085321401,64,Hanover County,-77.25895891,37.67861465,Hanover County,-77.47144709,37.77593334
51085320601,51085321402,74,Hanover County,-77.25179057,37.60113008,Hanover County,-77.47144709,37.77593334
51085320601,51085321403,67,Hanover County,-77.17923965,37.62402478,Hanover County,-77.47144709,37.77593334
51085320602,51085320100,102,Hanover County,-77.58500006,37.88594378,Hanover County,-77.47318377,37.74416695
51085320602,51085320200,67,Hanover County,-77.68504133,37.80777585,Hanover County,-77.47318377,37.74416695
51085320602,51085320300,38,Hanover County,-77.6706394,37.73181814,Hanover County,-77.47318377,37.74416695
51085320602,51085320400,61,Hanover County,-77.53119038,37.72350989,Hanover County,-77.47318377,37.74416695
51085320602,51085320500,72,Hanover County,-77.52199663,37.77211832,Hanover County,-77.47318377,37.74416695
51085320602,51085320601,72,Hanover County,-77.47144709,37.77593334,Hanover County,-77.47318377,37.74416695
51085320602,51085320602,137,Hanover County,-77.47318377,37.74416695,Hanover County,-77.47318377,37.74416695
51085320602,51085320701,49,Hanover County,-77.40541715,37.75339045,Hanover County,-77.47318377,37.74416695
51085320602,51085320702,27,Hanover County,-77.33973544,37.72429497,Hanover County,-77.47318377,37.74416695
51085320602,51085320801,34,Hanover County,-77.43517464,37.72101115,Hanover County,-77.47318377,37.74416695
51085320602,51085320803,26,Hanover County,-77.40178469,37.67555472,Hanover County,-77.47318377,37.74416695
51085320602,51085320804,28,Hanover County,-77.42040307,37.68215954,Hanover County,-77.47318377,37.74416695
51085320602,51085320805,16,Hanover County,-77.42512268,37.6646678,Hanover County,-77.47318377,37.74416695
51085320602,51085320901,36,Hanover County,-77.35950464,37.65874207,Hanover County,-77.47318377,37.74416695
51085320602,51085320902,23,Hanover County,-77.38681578,37.63660736,Hanover County,-77.47318377,37.74416695
51085320602,51085321001,27,Hanover County,-77.35319382,37.62262564,Hanover County,-77.47318377,37.74416695
51085320602,51085321003,20,Hanover County,-77.3176218,37.62396679,Hanover County,-77.47318377,37.74416695
51085320602,51085321004,41,Hanover County,-77.3166095,37.6515441,Hanover County,-77.47318377,37.74416695
51085320602,51085321100,29,Hanover County,-77.38262891,37.61242252,Hanover County,-77.47318377,37.74416695
51085320602,51085321201,21,Hanover County,-77.32329616,37.5880924,Hanover County,-77.47318377,37.74416695
51085320602,51085321202,15,Hanover County,-77.34349514,37.58490558,Hanover County,-77.47318377,37.74416695
51085320602,51085321300,20,Hanover County,-77.29680248,37.59112522,Hanover County,-77.47318377,37.74416695
51085320602,51085321401,5,Hanover County,-77.25895891,37.67861465,Hanover County,-77.47318377,37.74416695
51085320602,51085321402,6,Hanover County,-77.25179057,37.60113008,Hanover County,-77.47318377,37.74416695
51085320602,51085321403,16,Hanover County,-77.17923965,37.62402478,Hanover County,-77.47318377,37.74416695
51085320701,51085320100,2,Hanover County,-77.58500006,37.88594378,Hanover County,-77.40541715,37.75339045
51085320701,51085320200,5,Hanover County,-77.68504133,37.80777585,Hanover County,-77.40541715,37.75339045
51085320701,51085320300,1,Hanover County,-77.6706394,37.73181814,Hanover County,-77.40541715,37.75339045
51085320701,51085320400,2,Hanover County,-77.53119038,37.72350989,Hanover County,-77.40541715,37.75339045
51085320701,51085320500,2,Hanover County,-77.52199663,37.77211832,Hanover County,-77.40541715,37.75339045
51085320701,51085320601,2,Hanover County,-77.47144709,37.77593334,Hanover County,-77.40541715,37.75339045
51085320701,51085320602,2,Hanover County,-77.47318377,37.74416695,Hanover County,-77.40541715,37.75339045
51085320701,51085320701,69,Hanover County,-77.40541715,37.75339045,Hanover County,-77.40541715,37.75339045
51085320701,51085320702,10,Hanover County,-77.33973544,37.72429497,Hanover County,-77.40541715,37.75339045
51085320701,51085320801,7,Hanover County,-77.43517464,37.72101115,Hanover County,-77.40541715,37.75339045
51085320701,51085320803,5,Hanover County,-77.40178469,37.67555472,Hanover County,-77.40541715,37.75339045
51085320701,51085320804,3,Hanover County,-77.42040307,37.68215954,Hanover County,-77.40541715,37.75339045
51085320701,51085320805,2,Hanover County,-77.42512268,37.6646678,Hanover County,-77.40541715,37.75339045
51085320701,51085320901,2,Hanover County,-77.35950464,37.65874207,Hanover County,-77.40541715,37.75339045
51085320701,51085320902,4,Hanover County,-77.38681578,37.63660736,Hanover County,-77.40541715,37.75339045
51085320701,51085321003,3,Hanover County,-77.3176218,37.62396679,Hanover County,-77.40541715,37.75339045
51085320701,51085321004,4,Hanover County,-77.3166095,37.6515441,Hanover County,-77.40541715,37.75339045
51085320701,51085321100,6,Hanover County,-77.38262891,37.61242252,Hanover County,-77.40541715,37.75339045
51085320701,51085321201,1,Hanover County,-77.32329616,37.5880924,Hanover County,-77.40541715,37.75339045
51085320701,51085321202,1,Hanover County,-77.34349514,37.58490558,Hanover County,-77.40541715,37.75339045
51085320701,51085321300,1,Hanover County,-77.29680248,37.59112522,Hanover County,-77.40541715,37.75339045
51085320701,51085321401,9,Hanover County,-77.25895891,37.67861465,Hanover County,-77.40541715,37.75339045
51085320701,51085321402,2,Hanover County,-77.25179057,37.60113008,Hanover County,-77.40541715,37.75339045
51085320701,51085321403,1,Hanover County,-77.17923965,37.62402478,Hanover County,-77.40541715,37.75339045
51085320702,51085320100,14,Hanover County,-77.58500006,37.88594378,Hanover County,-77.33973544,37.72429497
51085320702,51085320200,3,Hanover County,-77.68504133,37.80777585,Hanover County,-77.33973544,37.72429497
51085320702,51085320300,13,Hanover County,-77.6706394,37.73181814,Hanover County,-77.33973544,37.72429497
51085320702,51085320400,13,Hanover County,-77.53119038,37.72350989,Hanover County,-77.33973544,37.72429497
51085320702,51085320500,12,Hanover County,-77.52199663,37.77211832,Hanover County,-77.33973544,37.72429497
51085320702,51085320601,1,Hanover County,-77.47144709,37.77593334,Hanover County,-77.33973544,37.72429497
51085320702,51085320602,7,Hanover County,-77.47318377,37.74416695,Hanover County,-77.33973544,37.72429497
51085320702,51085320701,21,Hanover County,-77.40541715,37.75339045,Hanover County,-77.33973544,37.72429497
51085320702,51085320702,56,Hanover County,-77.33973544,37.72429497,Hanover County,-77.33973544,37.72429497
51085320702,51085320801,7,Hanover County,-77.43517464,37.72101115,Hanover County,-77.33973544,37.72429497
51085320702,51085320803,10,Hanover County,-77.40178469,37.67555472,Hanover County,-77.33973544,37.72429497
51085320702,51085320804,12,Hanover County,-77.42040307,37.68215954,Hanover County,-77.33973544,37.72429497
51085320702,51085320805,13,Hanover County,-77.42512268,37.6646678,Hanover County,-77.33973544,37.72429497
51085320702,51085320901,21,Hanover County,-77.35950464,37.65874207,Hanover County,-77.33973544,37.72429497
51085320702,51085320902,6,Hanover County,-77.38681578,37.63660736,Hanover County,-77.33973544,37.72429497
51085320702,51085321001,9,Hanover County,-77.35319382,37.62262564,Hanover County,-77.33973544,37.72429497
51085320702,51085321003,5,Hanover County,-77.3176218,37.62396679,Hanover County,-77.33973544,37.72429497
51085320702,51085321004,21,Hanover County,-77.3166095,37.6515441,Hanover County,-77.33973544,37.72429497
51085320702,51085321100,10,Hanover County,-77.38262891,37.61242252,Hanover County,-77.33973544,37.72429497
51085320702,51085321201,9,Hanover County,-77.32329616,37.5880924,Hanover County,-77.33973544,37.72429497
51085320702,51085321202,6,Hanover County,-77.34349514,37.58490558,Hanover County,-77.33973544,37.72429497
51085320702,51085321300,10,Hanover County,-77.29680248,37.59112522,Hanover County,-77.33973544,37.72429497
51085320702,51085321401,8,Hanover County,-77.25895891,37.67861465,Hanover County,-77.33973544,37.72429497
51085320702,51085321402,19,Hanover County,-77.25179057,37.60113008,Hanover County,-77.33973544,37.72429497
51085320702,51085321403,3,Hanover County,-77.17923965,37.62402478,Hanover County,-77.33973544,37.72429497
51085320801,51085320100,101,Hanover County,-77.58500006,37.88594378,Hanover County,-77.43517464,37.72101115
51085320801,51085320200,89,Hanover County,-77.68504133,37.80777585,Hanover County,-77.43517464,37.72101115
51085320801,51085320300,40,Hanover County,-77.6706394,37.73181814,Hanover County,-77.43517464,37.72101115
51085320801,51085320400,81,Hanover County,-77.53119038,37.72350989,Hanover County,-77.43517464,37.72101115
51085320801,51085320500,58,Hanover County,-77.52199663,37.77211832,Hanover County,-77.43517464,37.72101115
51085320801,51085320601,73,Hanover County,-77.47144709,37.77593334,Hanover County,-77.43517464,37.72101115
51085320801,51085320602,50,Hanover County,-77.47318377,37.74416695,Hanover County,-77.43517464,37.72101115
51085320801,51085320701,79,Hanover County,-77.40541715,37.75339045,Hanover County,-77.43517464,37.72101115
51085320801,51085320702,60,Hanover County,-77.33973544,37.72429497,Hanover County,-77.43517464,37.72101115
51085320801,51085320801,78,Hanover County,-77.43517464,37.72101115,Hanover County,-77.43517464,37.72101115
51085320801,51085320803,84,Hanover County,-77.40178469,37.67555472,Hanover County,-77.43517464,37.72101115
51085320801,51085320804,69,Hanover County,-77.42040307,37.68215954,Hanover County,-77.43517464,37.72101115
51085320801,51085320805,49,Hanover County,-77.42512268,37.6646678,Hanover County,-77.43517464,37.72101115
51085320801,51085320901,64,Hanover County,-77.35950464,37.65874207,Hanover County,-77.43517464,37.72101115
51085320801,51085320902,53,Hanover County,-77.38681578,37.63660736,Hanover County,-77.43517464,37.72101115
51085320801,51085321001,30,Hanover County,-77.35319382,37.62262564,Hanover County,-77.43517464,37.72101115
51085320801,51085321003,23,Hanover County,-77.3176218,37.62396679,Hanover County,-77.43517464,37.72101115
51085320801,51085321004,52,Hanover County,-77.3166095,37.6515441,Hanover County,-77.43517464,37.72101115
51085320801,51085321100,63,Hanover County,-77.38262891,37.61242252,Hanover County,-77.43517464,37.72101115
51085320801,51085321201,50,Hanover County,-77.32329616,37.5880924,Hanover County,-77.43517464,37.72101115
51085320801,51085321202,46,Hanover County,-77.34349514,37.58490558,Hanover County,-77.43517464,37.72101115
51085320801,51085321300,48,Hanover County,-77.29680248,37.59112522,Hanover County,-77.43517464,37.72101115
51085320801,51085321401,35,Hanover County,-77.25895891,37.67861465,Hanover County,-77.43517464,37.72101115
51085320801,51085321402,29,Hanover County,-77.25179057,37.60113008,Hanover County,-77.43517464,37.72101115
51085320801,51085321403,34,Hanover County,-77.17923965,37.62402478,Hanover County,-77.43517464,37.72101115
51085320803,51085320100,4,Hanover County,-77.58500006,37.88594378,Hanover County,-77.40178469,37.67555472
51085320803,51085320200,10,Hanover County,-77.68504133,37.80777585,Hanover County,-77.40178469,37.67555472
51085320803,51085320300,3,Hanover County,-77.6706394,37.73181814,Hanover County,-77.40178469,37.67555472
51085320803,51085320400,4,Hanover County,-77.53119038,37.72350989,Hanover County,-77.40178469,37.67555472
51085320803,51085320500,1,Hanover County,-77.52199663,37.77211832,Hanover County,-77.40178469,37.67555472
51085320803,51085320601,3,Hanover County,-77.47144709,37.77593334,Hanover County,-77.40178469,37.67555472
51085320803,51085320602,2,Hanover County,-77.47318377,37.74416695,Hanover County,-77.40178469,37.67555472
51085320803,51085320701,11,Hanover County,-77.40541715,37.75339045,Hanover County,-77.40178469,37.67555472
51085320803,51085320702,12,Hanover County,-77.33973544,37.72429497,Hanover County,-77.40178469,37.67555472
51085320803,51085320801,12,Hanover County,-77.43517464,37.72101115,Hanover County,-77.40178469,37.67555472
51085320803,51085320803,61,Hanover County,-77.40178469,37.67555472,Hanover County,-77.40178469,37.67555472
51085320803,51085320804,14,Hanover County,-77.42040307,37.68215954,Hanover County,-77.40178469,37.67555472
51085320803,51085320805,25,Hanover County,-77.42512268,37.6646678,Hanover County,-77.40178469,37.67555472
51085320803,51085320901,20,Hanover County,-77.35950464,37.65874207,Hanover County,-77.40178469,37.67555472
51085320803,51085320902,7,Hanover County,-77.38681578,37.63660736,Hanover County,-77.40178469,37.67555472
51085320803,51085321001,7,Hanover County,-77.35319382,37.62262564,Hanover County,-77.40178469,37.67555472
51085320803,51085321003,9,Hanover County,-77.3176218,37.62396679,Hanover County,-77.40178469,37.67555472
51085320803,51085321004,10,Hanover County,-77.3166095,37.6515441,Hanover County,-77.40178469,37.67555472
51085320803,51085321100,23,Hanover County,-77.38262891,37.61242252,Hanover County,-77.40178469,37.67555472
51085320803,51085321201,7,Hanover County,-77.32329616,37.5880924,Hanover County,-77.40178469,37.67555472
51085320803,51085321202,12,Hanover County,-77.34349514,37.58490558,Hanover County,-77.40178469,37.67555472
51085320803,51085321300,9,Hanover County,-77.29680248,37.59112522,Hanover County,-77.40178469,37.67555472
51085320803,51085321401,9,Hanover County,-77.25895891,37.67861465,Hanover County,-77.40178469,37.67555472
51085320803,51085321402,10,Hanover County,-77.25179057,37.60113008,Hanover County,-77.40178469,37.67555472
51085320803,51085321403,5,Hanover County,-77.17923965,37.62402478,Hanover County,-77.40178469,37.67555472
51085320804,51085320100,16,Hanover County,-77.58500006,37.88594378,Hanover County,-77.42040307,37.68215954
51085320804,51085320200,13,Hanover County,-77.68504133,37.80777585,Hanover County,-77.42040307,37.68215954
51085320804,51085320300,6,Hanover County,-77.6706394,37.73181814,Hanover County,-77.42040307,37.68215954
51085320804,51085320400,16,Hanover County,-77.53119038,37.72350989,Hanover County,-77.42040307,37.68215954
51085320804,51085320500,5,Hanover County,-77.52199663,37.77211832,Hanover County,-77.42040307,37.68215954
51085320804,51085320601,13,Hanover County,-77.47144709,37.77593334,Hanover County,-77.42040307,37.68215954
51085320804,51085320602,4,Hanover County,-77.47318377,37.74416695,Hanover County,-77.42040307,37.68215954
51085320804,51085320701,32,Hanover County,-77.40541715,37.75339045,Hanover County,-77.42040307,37.68215954
51085320804,51085320702,14,Hanover County,-77.33973544,37.72429497,Hanover County,-77.42040307,37.68215954
51085320804,51085320801,4,Hanover County,-77.43517464,37.72101115,Hanover County,-77.42040307,37.68215954
51085320804,51085320803,20,Hanover County,-77.40178469,37.67555472,Hanover County,-77.42040307,37.68215954
51085320804,51085320804,100,Hanover County,-77.42040307,37.68215954,Hanover County,-77.42040307,37.68215954
51085320804,51085320805,19,Hanover County,-77.42512268,37.6646678,Hanover County,-77.42040307,37.68215954
51085320804,51085320901,12,Hanover County,-77.35950464,37.65874207,Hanover County,-77.42040307,37.68215954
51085320804,51085320902,4,Hanover County,-77.38681578,37.63660736,Hanover County,-77.42040307,37.68215954
51085320804,51085321001,9,Hanover County,-77.35319382,37.62262564,Hanover County,-77.42040307,37.68215954
51085320804,51085321003,6,Hanover County,-77.3176218,37.62396679,Hanover County,-77.42040307,37.68215954
51085320804,51085321004,10,Hanover County,-77.3166095,37.6515441,Hanover County,-77.42040307,37.68215954
51085320804,51085321100,19,Hanover County,-77.38262891,37.61242252,Hanover County,-77.42040307,37.68215954
51085320804,51085321201,10,Hanover County,-77.32329616,37.5880924,Hanover County,-77.42040307,37.68215954
51085320804,51085321202,10,Hanover County,-77.34349514,37.58490558,Hanover County,-77.42040307,37.68215954
51085320804,51085321300,20,Hanover County,-77.29680248,37.59112522,Hanover County,-77.42040307,37.68215954
51085320804,51085321401,12,Hanover County,-77.25895891,37.67861465,Hanover County,-77.42040307,37.68215954
51085320804,51085321402,6,Hanover County,-77.25179057,37.60113008,Hanover County,-77.42040307,37.68215954
51085320804,51085321403,8,Hanover County,-77.17923965,37.62402478,Hanover County,-77.42040307,37.68215954
51085320805,51085320100,3,Hanover County,-77.58500006,37.88594378,Hanover County,-77.42512268,37.6646678
51085320805,51085320200,5,Hanover County,-77.68504133,37.80777585,Hanover County,-77.42512268,37.6646678
51085320805,51085320300,1,Hanover County,-77.6706394,37.73181814,Hanover County,-77.42512268,37.6646678
51085320805,51085320601,1,Hanover County,-77.47144709,37.77593334,Hanover County,-77.42512268,37.6646678
51085320805,51085320701,3,Hanover County,-77.40541715,37.75339045,Hanover County,-77.42512268,37.6646678
51085320805,51085320702,4,Hanover County,-77.33973544,37.72429497,Hanover County,-77.42512268,37.6646678
51085320805,51085320801,4,Hanover County,-77.43517464,37.72101115,Hanover County,-77.42512268,37.6646678
51085320805,51085320803,18,Hanover County,-77.40178469,37.67555472,Hanover County,-77.42512268,37.6646678
51085320805,51085320804,4,Hanover County,-77.42040307,37.68215954,Hanover County,-77.42512268,37.6646678
51085320805,51085320805,36,Hanover County,-77.42512268,37.6646678,Hanover County,-77.42512268,37.6646678
51085320805,51085320901,4,Hanover County,-77.35950464,37.65874207,Hanover County,-77.42512268,37.6646678
51085320805,51085320902,3,Hanover County,-77.38681578,37.63660736,Hanover County,-77.42512268,37.6646678
51085320805,51085321004,6,Hanover County,-77.3166095,37.6515441,Hanover County,-77.42512268,37.6646678
51085320805,51085321100,2,Hanover County,-77.38262891,37.61242252,Hanover County,-77.42512268,37.6646678
51085320805,51085321201,5,Hanover County,-77.32329616,37.5880924,Hanover County,-77.42512268,37.6646678
51085320805,51085321202,2,Hanover County,-77.34349514,37.58490558,Hanover County,-77.42512268,37.6646678
51085320805,51085321300,1,Hanover County,-77.29680248,37.59112522,Hanover County,-77.42512268,37.6646678
51085320805,51085321401,5,Hanover County,-77.25895891,37.67861465,Hanover County,-77.42512268,37.6646678
51085320805,51085321402,2,Hanover County,-77.25179057,37.60113008,Hanover County,-77.42512268,37.6646678
51085320805,51085321403,4,Hanover County,-77.17923965,37.62402478,Hanover County,-77.42512268,37.6646678
51085320901,51085320100,6,Hanover County,-77.58500006,37.88594378,Hanover County,-77.35950464,37.65874207
51085320901,51085320200,7,Hanover County,-77.68504133,37.80777585,Hanover County,-77.35950464,37.65874207
51085320901,51085320300,2,Hanover County,-77.6706394,37.73181814,Hanover County,-77.35950464,37.65874207
51085320901,51085320400,3,Hanover County,-77.53119038,37.72350989,Hanover County,-77.35950464,37.65874207
51085320901,51085320500,4,Hanover County,-77.52199663,37.77211832,Hanover County,-77.35950464,37.65874207
51085320901,51085320601,3,Hanover County,-77.47144709,37.77593334,Hanover County,-77.35950464,37.65874207
51085320901,51085320602,3,Hanover County,-77.47318377,37.74416695,Hanover County,-77.35950464,37.65874207
51085320901,51085320701,15,Hanover County,-77.40541715,37.75339045,Hanover County,-77.35950464,37.65874207
51085320901,51085320702,19,Hanover County,-77.33973544,37.72429497,Hanover County,-77.35950464,37.65874207
51085320901,51085320801,10,Hanover County,-77.43517464,37.72101115,Hanover County,-77.35950464,37.65874207
51085320901,51085320803,20,Hanover County,-77.40178469,37.67555472,Hanover County,-77.35950464,37.65874207
51085320901,51085320804,7,Hanover County,-77.42040307,37.68215954,Hanover County,-77.35950464,37.65874207
51085320901,51085320805,13,Hanover County,-77.42512268,37.6646678,Hanover County,-77.35950464,37.65874207
51085320901,51085320901,77,Hanover County,-77.35950464,37.65874207,Hanover County,-77.35950464,37.65874207
51085320901,51085320902,16,Hanover County,-77.38681578,37.63660736,Hanover County,-77.35950464,37.65874207
51085320901,51085321001,16,Hanover County,-77.35319382,37.62262564,Hanover County,-77.35950464,37.65874207
51085320901,51085321003,8,Hanover County,-77.3176218,37.62396679,Hanover County,-77.35950464,37.65874207
51085320901,51085321004,18,Hanover County,-77.3166095,37.6515441,Hanover County,-77.35950464,37.65874207
51085320901,51085321100,8,Hanover County,-77.38262891,37.61242252,Hanover County,-77.35950464,37.65874207
51085320901,51085321201,13,Hanover County,-77.32329616,37.5880924,Hanover County,-77.35950464,37.65874207
51085320901,51085321202,4,Hanover County,-77.34349514,37.58490558,Hanover County,-77.35950464,37.65874207
51085320901,51085321300,11,Hanover County,-77.29680248,37.59112522,Hanover County,-77.35950464,37.65874207
51085320901,51085321401,23,Hanover County,-77.25895891,37.67861465,Hanover County,-77.35950464,37.65874207
51085320901,51085321402,14,Hanover County,-77.25179057,37.60113008,Hanover County,-77.35950464,37.65874207
51085320901,51085321403,13,Hanover County,-77.17923965,37.62402478,Hanover County,-77.35950464,37.65874207
51085320902,51085320100,35,Hanover County,-77.58500006,37.88594378,Hanover County,-77.38681578,37.63660736
51085320902,51085320200,36,Hanover County,-77.68504133,37.80777585,Hanover County,-77.38681578,37.63660736
51085320902,51085320300,22,Hanover County,-77.6706394,37.73181814,Hanover County,-77.38681578,37.63660736
51085320902,51085320400,26,Hanover County,-77.53119038,37.72350989,Hanover County,-77.38681578,37.63660736
51085320902,51085320500,19,Hanover County,-77.52199663,37.77211832,Hanover County,-77.38681578,37.63660736
51085320902,51085320601,30,Hanover County,-77.47144709,37.77593334,Hanover County,-77.38681578,37.63660736
51085320902,51085320602,23,Hanover County,-77.47318377,37.74416695,Hanover County,-77.38681578,37.63660736
51085320902,51085320701,47,Hanover County,-77.40541715,37.75339045,Hanover County,-77.38681578,37.63660736
51085320902,51085320702,49,Hanover County,-77.33973544,37.72429497,Hanover County,-77.38681578,37.63660736
51085320902,51085320801,34,Hanover County,-77.43517464,37.72101115,Hanover County,-77.38681578,37.63660736
51085320902,51085320803,97,Hanover County,-77.40178469,37.67555472,Hanover County,-77.38681578,37.63660736
51085320902,51085320804,48,Hanover County,-77.42040307,37.68215954,Hanover County,-77.38681578,37.63660736
51085320902,51085320805,36,Hanover County,-77.42512268,37.6646678,Hanover County,-77.38681578,37.63660736
51085320902,51085320901,109,Hanover County,-77.35950464,37.65874207,Hanover County,-77.38681578,37.63660736
51085320902,51085320902,84,Hanover County,-77.38681578,37.63660736,Hanover County,-77.38681578,37.63660736
51085320902,51085321001,47,Hanover County,-77.35319382,37.62262564,Hanover County,-77.38681578,37.63660736
51085320902,51085321003,45,Hanover County,-77.3176218,37.62396679,Hanover County,-77.38681578,37.63660736
51085320902,51085321004,60,Hanover County,-77.3166095,37.6515441,Hanover County,-77.38681578,37.63660736
51085320902,51085321100,75,Hanover County,-77.38262891,37.61242252,Hanover County,-77.38681578,37.63660736
51085320902,51085321201,70,Hanover County,-77.32329616,37.5880924,Hanover County,-77.38681578,37.63660736
51085320902,51085321202,39,Hanover County,-77.34349514,37.58490558,Hanover County,-77.38681578,37.63660736
51085320902,51085321300,109,Hanover County,-77.29680248,37.59112522,Hanover County,-77.38681578,37.63660736
51085320902,51085321401,47,Hanover County,-77.25895891,37.67861465,Hanover County,-77.38681578,37.63660736
51085320902,51085321402,47,Hanover County,-77.25179057,37.60113008,Hanover County,-77.38681578,37.63660736
51085320902,51085321403,33,Hanover County,-77.17923965,37.62402478,Hanover County,-77.38681578,37.63660736
51085321001,51085320100,1,Hanover County,-77.58500006,37.88594378,Hanover County,-77.35319382,37.62262564
51085321001,51085320200,5,Hanover County,-77.68504133,37.80777585,Hanover County,-77.35319382,37.62262564
51085321001,51085320300,4,Hanover County,-77.6706394,37.73181814,Hanover County,-77.35319382,37.62262564
51085321001,51085320400,7,Hanover County,-77.53119038,37.72350989,Hanover County,-77.35319382,37.62262564
51085321001,51085320500,6,Hanover County,-77.52199663,37.77211832,Hanover County,-77.35319382,37.62262564
51085321001,51085320601,7,Hanover County,-77.47144709,37.77593334,Hanover County,-77.35319382,37.62262564
51085321001,51085320602,2,Hanover County,-77.47318377,37.74416695,Hanover County,-77.35319382,37.62262564
51085321001,51085320701,6,Hanover County,-77.40541715,37.75339045,Hanover County,-77.35319382,37.62262564
51085321001,51085320702,12,Hanover County,-77.33973544,37.72429497,Hanover County,-77.35319382,37.62262564
51085321001,51085320801,1,Hanover County,-77.43517464,37.72101115,Hanover County,-77.35319382,37.62262564
51085321001,51085320803,14,Hanover County,-77.40178469,37.67555472,Hanover County,-77.35319382,37.62262564
51085321001,51085320804,5,Hanover County,-77.42040307,37.68215954,Hanover County,-77.35319382,37.62262564
51085321001,51085320805,4,Hanover County,-77.42512268,37.6646678,Hanover County,-77.35319382,37.62262564
51085321001,51085320901,20,Hanover County,-77.35950464,37.65874207,Hanover County,-77.35319382,37.62262564
51085321001,51085320902,3,Hanover County,-77.38681578,37.63660736,Hanover County,-77.35319382,37.62262564
51085321001,51085321001,36,Hanover County,-77.35319382,37.62262564,Hanover County,-77.35319382,37.62262564
51085321001,51085321003,11,Hanover County,-77.3176218,37.62396679,Hanover County,-77.35319382,37.62262564
51085321001,51085321004,15,Hanover County,-77.3166095,37.6515441,Hanover County,-77.35319382,37.62262564
51085321001,51085321100,26,Hanover County,-77.38262891,37.61242252,Hanover County,-77.35319382,37.62262564
51085321001,51085321201,21,Hanover County,-77.32329616,37.5880924,Hanover County,-77.35319382,37.62262564
51085321001,51085321202,34,Hanover County,-77.34349514,37.58490558,Hanover County,-77.35319382,37.62262564
51085321001,51085321300,32,Hanover County,-77.29680248,37.59112522,Hanover County,-77.35319382,37.62262564
51085321001,51085321401,10,Hanover County,-77.25895891,37.67861465,Hanover County,-77.35319382,37.62262564
51085321001,51085321402,19,Hanover County,-77.25179057,37.60113008,Hanover County,-77.35319382,37.62262564
51085321001,51085321403,30,Hanover County,-77.17923965,37.62402478,Hanover County,-77.35319382,37.62262564
51085321003,51085320100,4,Hanover County,-77.58500006,37.88594378,Hanover County,-77.3176218,37.62396679
51085321003,51085320200,7,Hanover County,-77.68504133,37.80777585,Hanover County,-77.3176218,37.62396679
51085321003,51085320300,2,Hanover County,-77.6706394,37.73181814,Hanover County,-77.3176218,37.62396679
51085321003,51085320400,7,Hanover County,-77.53119038,37.72350989,Hanover County,-77.3176218,37.62396679
51085321003,51085320500,9,Hanover County,-77.52199663,37.77211832,Hanover County,-77.3176218,37.62396679
51085321003,51085320601,3,Hanover County,-77.47144709,37.77593334,Hanover County,-77.3176218,37.62396679
51085321003,51085320701,11,Hanover County,-77.40541715,37.75339045,Hanover County,-77.3176218,37.62396679
51085321003,51085320702,10,Hanover County,-77.33973544,37.72429497,Hanover County,-77.3176218,37.62396679
51085321003,51085320801,4,Hanover County,-77.43517464,37.72101115,Hanover County,-77.3176218,37.62396679
51085321003,51085320803,10,Hanover County,-77.40178469,37.67555472,Hanover County,-77.3176218,37.62396679
51085321003,51085320804,16,Hanover County,-77.42040307,37.68215954,Hanover County,-77.3176218,37.62396679
51085321003,51085320805,6,Hanover County,-77.42512268,37.6646678,Hanover County,-77.3176218,37.62396679
51085321003,51085320901,19,Hanover County,-77.35950464,37.65874207,Hanover County,-77.3176218,37.62396679
51085321003,51085320902,15,Hanover County,-77.38681578,37.63660736,Hanover County,-77.3176218,37.62396679
51085321003,51085321001,14,Hanover County,-77.35319382,37.62262564,Hanover County,-77.3176218,37.62396679
51085321003,51085321003,35,Hanover County,-77.3176218,37.62396679,Hanover County,-77.3176218,37.62396679
51085321003,51085321004,28,Hanover County,-77.3166095,37.6515441,Hanover County,-77.3176218,37.62396679
51085321003,51085321100,20,Hanover County,-77.38262891,37.61242252,Hanover County,-77.3176218,37.62396679
51085321003,51085321201,31,Hanover County,-77.32329616,37.5880924,Hanover County,-77.3176218,37.62396679
51085321003,51085321202,15,Hanover County,-77.34349514,37.58490558,Hanover County,-77.3176218,37.62396679
51085321003,51085321300,55,Hanover County,-77.29680248,37.59112522,Hanover County,-77.3176218,37.62396679
51085321003,51085321401,13,Hanover County,-77.25895891,37.67861465,Hanover County,-77.3176218,37.62396679
51085321003,51085321402,23,Hanover County,-77.25179057,37.60113008,Hanover County,-77.3176218,37.62396679
51085321003,51085321403,27,Hanover County,-77.17923965,37.62402478,Hanover County,-77.3176218,37.62396679
51085321004,51085320100,2,Hanover County,-77.58500006,37.88594378,Hanover County,-77.3166095,37.6515441
51085321004,51085320601,2,Hanover County,-77.47144709,37.77593334,Hanover County,-77.3166095,37.6515441
51085321004,51085320701,3,Hanover County,-77.40541715,37.75339045,Hanover County,-77.3166095,37.6515441
51085321004,51085320702,6,Hanover County,-77.33973544,37.72429497,Hanover County,-77.3166095,37.6515441
51085321004,51085320801,1,Hanover County,-77.43517464,37.72101115,Hanover County,-77.3166095,37.6515441
51085321004,51085320803,6,Hanover County,-77.40178469,37.67555472,Hanover County,-77.3166095,37.6515441
51085321004,51085320804,1,Hanover County,-77.42040307,37.68215954,Hanover County,-77.3166095,37.6515441
51085321004,51085320901,3,Hanover County,-77.35950464,37.65874207,Hanover County,-77.3166095,37.6515441
51085321004,51085321001,3,Hanover County,-77.35319382,37.62262564,Hanover County,-77.3166095,37.6515441
51085321004,51085321003,5,Hanover County,-77.3176218,37.62396679,Hanover County,-77.3166095,37.6515441
51085321004,51085321004,46,Hanover County,-77.3166095,37.6515441,Hanover County,-77.3166095,37.6515441
51085321004,51085321100,2,Hanover County,-77.38262891,37.61242252,Hanover County,-77.3166095,37.6515441
51085321004,51085321202,1,Hanover County,-77.34349514,37.58490558,Hanover County,-77.3166095,37.6515441
51085321004,51085321300,1,Hanover County,-77.29680248,37.59112522,Hanover County,-77.3166095,37.6515441
51085321004,51085321401,5,Hanover County,-77.25895891,37.67861465,Hanover County,-77.3166095,37.6515441
51085321100,51085320100,18,Hanover County,-77.58500006,37.88594378,Hanover County,-77.38262891,37.61242252
51085321100,51085320200,29,Hanover County,-77.68504133,37.80777585,Hanover County,-77.38262891,37.61242252
51085321100,51085320300,7,Hanover County,-77.6706394,37.73181814,Hanover County,-77.38262891,37.61242252
51085321100,51085320400,17,Hanover County,-77.53119038,37.72350989,Hanover County,-77.38262891,37.61242252
51085321100,51085320500,20,Hanover County,-77.52199663,37.77211832,Hanover County,-77.38262891,37.61242252
51085321100,51085320601,3,Hanover County,-77.47144709,37.77593334,Hanover County,-77.38262891,37.61242252
51085321100,51085320602,7,Hanover County,-77.47318377,37.74416695,Hanover County,-77.38262891,37.61242252
51085321100,51085320701,17,Hanover County,-77.40541715,37.75339045,Hanover County,-77.38262891,37.61242252
51085321100,51085320702,33,Hanover County,-77.33973544,37.72429497,Hanover County,-77.38262891,37.61242252
51085321100,51085320801,14,Hanover County,-77.43517464,37.72101115,Hanover County,-77.38262891,37.61242252
51085321100,51085320803,33,Hanover County,-77.40178469,37.67555472,Hanover County,-77.38262891,37.61242252
51085321100,51085320804,27,Hanover County,-77.42040307,37.68215954,Hanover County,-77.38262891,37.61242252
51085321100,51085320805,33,Hanover County,-77.42512268,37.6646678,Hanover County,-77.38262891,37.61242252
51085321100,51085320901,53,Hanover County,-77.35950464,37.65874207,Hanover County,-77.38262891,37.61242252
51085321100,51085320902,18,Hanover County,-77.38681578,37.63660736,Hanover County,-77.38262891,37.61242252
51085321100,51085321001,17,Hanover County,-77.35319382,37.62262564,Hanover County,-77.38262891,37.61242252
51085321100,51085321003,29,Hanover County,-77.3176218,37.62396679,Hanover County,-77.38262891,37.61242252
51085321100,51085321004,46,Hanover County,-77.3166095,37.6515441,Hanover County,-77.38262891,37.61242252
51085321100,51085321100,104,Hanover County,-77.38262891,37.61242252,Hanover County,-77.38262891,37.61242252
51085321100,51085321201,57,Hanover County,-77.32329616,37.5880924,Hanover County,-77.38262891,37.61242252
51085321100,51085321202,26,Hanover County,-77.34349514,37.58490558,Hanover County,-77.38262891,37.61242252
51085321100,51085321300,48,Hanover County,-77.29680248,37.59112522,Hanover County,-77.38262891,37.61242252
51085321100,51085321401,25,Hanover County,-77.25895891,37.67861465,Hanover County,-77.38262891,37.61242252
51085321100,51085321402,27,Hanover County,-77.25179057,37.60113008,Hanover County,-77.38262891,37.61242252
51085321100,51085321403,37,Hanover County,-77.17923965,37.62402478,Hanover County,-77.38262891,37.61242252
51085321201,51085320100,6,Hanover County,-77.58500006,37.88594378,Hanover County,-77.32329616,37.5880924
51085321201,51085320200,10,Hanover County,-77.68504133,37.80777585,Hanover County,-77.32329616,37.5880924
51085321201,51085320300,8,Hanover County,-77.6706394,37.73181814,Hanover County,-77.32329616,37.5880924
51085321201,51085320400,15,Hanover County,-77.53119038,37.72350989,Hanover County,-77.32329616,37.5880924
51085321201,51085320500,2,Hanover County,-77.52199663,37.77211832,Hanover County,-77.32329616,37.5880924
51085321201,51085320601,9,Hanover County,-77.47144709,37.77593334,Hanover County,-77.32329616,37.5880924
51085321201,51085320602,3,Hanover County,-77.47318377,37.74416695,Hanover County,-77.32329616,37.5880924
51085321201,51085320701,5,Hanover County,-77.40541715,37.75339045,Hanover County,-77.32329616,37.5880924
51085321201,51085320702,4,Hanover County,-77.33973544,37.72429497,Hanover County,-77.32329616,37.5880924
51085321201,51085320801,13,Hanover County,-77.43517464,37.72101115,Hanover County,-77.32329616,37.5880924
51085321201,51085320803,17,Hanover County,-77.40178469,37.67555472,Hanover County,-77.32329616,37.5880924
51085321201,51085320804,28,Hanover County,-77.42040307,37.68215954,Hanover County,-77.32329616,37.5880924
51085321201,51085320805,16,Hanover County,-77.42512268,37.6646678,Hanover County,-77.32329616,37.5880924
51085321201,51085320901,24,Hanover County,-77.35950464,37.65874207,Hanover County,-77.32329616,37.5880924
51085321201,51085320902,20,Hanover County,-77.38681578,37.63660736,Hanover County,-77.32329616,37.5880924
51085321201,51085321001,21,Hanover County,-77.35319382,37.62262564,Hanover County,-77.32329616,37.5880924
51085321201,51085321003,19,Hanover County,-77.3176218,37.62396679,Hanover County,-77.32329616,37.5880924
51085321201,51085321004,42,Hanover County,-77.3166095,37.6515441,Hanover County,-77.32329616,37.5880924
51085321201,51085321100,40,Hanover County,-77.38262891,37.61242252,Hanover County,-77.32329616,37.5880924
51085321201,51085321201,72,Hanover County,-77.32329616,37.5880924,Hanover County,-77.32329616,37.5880924
51085321201,51085321202,65,Hanover County,-77.34349514,37.58490558,Hanover County,-77.32329616,37.5880924
51085321201,51085321300,63,Hanover County,-77.29680248,37.59112522,Hanover County,-77.32329616,37.5880924
51085321201,51085321401,16,Hanover County,-77.25895891,37.67861465,Hanover County,-77.32329616,37.5880924
51085321201,51085321402,19,Hanover County,-77.25179057,37.60113008,Hanover County,-77.32329616,37.5880924
51085321201,51085321403,13,Hanover County,-77.17923965,37.62402478,Hanover County,-77.32329616,37.5880924
51085321202,51085320100,2,Hanover County,-77.58500006,37.88594378,Hanover County,-77.34349514,37.58490558
51085321202,51085320200,1,Hanover County,-77.68504133,37.80777585,Hanover County,-77.34349514,37.58490558
51085321202,51085320400,10,Hanover County,-77.53119038,37.72350989,Hanover County,-77.34349514,37.58490558
51085321202,51085320500,2,Hanover County,-77.52199663,37.77211832,Hanover County,-77.34349514,37.58490558
51085321202,51085320601,3,Hanover County,-77.47144709,37.77593334,Hanover County,-77.34349514,37.58490558
51085321202,51085320701,6,Hanover County,-77.40541715,37.75339045,Hanover County,-77.34349514,37.58490558
51085321202,51085320702,1,Hanover County,-77.33973544,37.72429497,Hanover County,-77.34349514,37.58490558
51085321202,51085320801,6,Hanover County,-77.43517464,37.72101115,Hanover County,-77.34349514,37.58490558
51085321202,51085320803,5,Hanover County,-77.40178469,37.67555472,Hanover County,-77.34349514,37.58490558
51085321202,51085320804,4,Hanover County,-77.42040307,37.68215954,Hanover County,-77.34349514,37.58490558
51085321202,51085320901,9,Hanover County,-77.35950464,37.65874207,Hanover County,-77.34349514,37.58490558
51085321202,51085320902,3,Hanover County,-77.38681578,37.63660736,Hanover County,-77.34349514,37.58490558
51085321202,51085321001,4,Hanover County,-77.35319382,37.62262564,Hanover County,-77.34349514,37.58490558
51085321202,51085321003,1,Hanover County,-77.3176218,37.62396679,Hanover County,-77.34349514,37.58490558
51085321202,51085321004,11,Hanover County,-77.3166095,37.6515441,Hanover County,-77.34349514,37.58490558
51085321202,51085321100,12,Hanover County,-77.38262891,37.61242252,Hanover County,-77.34349514,37.58490558
51085321202,51085321201,16,Hanover County,-77.32329616,37.5880924,Hanover County,-77.34349514,37.58490558
51085321202,51085321202,30,Hanover County,-77.34349514,37.58490558,Hanover County,-77.34349514,37.58490558
51085321202,51085321300,12,Hanover County,-77.29680248,37.59112522,Hanover County,-77.34349514,37.58490558
51085321202,51085321402,9,Hanover County,-77.25179057,37.60113008,Hanover County,-77.34349514,37.58490558
51085321202,51085321403,7,Hanover County,-77.17923965,37.62402478,Hanover County,-77.34349514,37.58490558
51085321300,51085320100,3,Hanover County,-77.58500006,37.88594378,Hanover County,-77.29680248,37.59112522
51085321300,51085320200,10,Hanover County,-77.68504133,37.80777585,Hanover County,-77.29680248,37.59112522
51085321300,51085320400,3,Hanover County,-77.53119038,37.72350989,Hanover County,-77.29680248,37.59112522
51085321300,51085320500,2,Hanover County,-77.52199663,37.77211832,Hanover County,-77.29680248,37.59112522
51085321300,51085320601,7,Hanover County,-77.47144709,37.77593334,Hanover County,-77.29680248,37.59112522
51085321300,51085320602,3,Hanover County,-77.47318377,37.74416695,Hanover County,-77.29680248,37.59112522
51085321300,51085320701,20,Hanover County,-77.40541715,37.75339045,Hanover County,-77.29680248,37.59112522
51085321300,51085320702,12,Hanover County,-77.33973544,37.72429497,Hanover County,-77.29680248,37.59112522
51085321300,51085320801,10,Hanover County,-77.43517464,37.72101115,Hanover County,-77.29680248,37.59112522
51085321300,51085320803,21,Hanover County,-77.40178469,37.67555472,Hanover County,-77.29680248,37.59112522
51085321300,51085320804,6,Hanover County,-77.42040307,37.68215954,Hanover County,-77.29680248,37.59112522
51085321300,51085320805,10,Hanover County,-77.42512268,37.6646678,Hanover County,-77.29680248,37.59112522
51085321300,51085320901,15,Hanover County,-77.35950464,37.65874207,Hanover County,-77.29680248,37.59112522
51085321300,51085320902,11,Hanover County,-77.38681578,37.63660736,Hanover County,-77.29680248,37.59112522
51085321300,51085321001,17,Hanover County,-77.35319382,37.62262564,Hanover County,-77.29680248,37.59112522
51085321300,51085321003,30,Hanover County,-77.3176218,37.62396679,Hanover County,-77.29680248,37.59112522
51085321300,51085321004,34,Hanover County,-77.3166095,37.6515441,Hanover County,-77.29680248,37.59112522
51085321300,51085321100,24,Hanover County,-77.38262891,37.61242252,Hanover County,-77.29680248,37.59112522
51085321300,51085321201,28,Hanover County,-77.32329616,37.5880924,Hanover County,-77.29680248,37.59112522
51085321300,51085321202,16,Hanover County,-77.34349514,37.58490558,Hanover County,-77.29680248,37.59112522
51085321300,51085321300,79,Hanover County,-77.29680248,37.59112522,Hanover County,-77.29680248,37.59112522
51085321300,51085321401,16,Hanover County,-77.25895891,37.67861465,Hanover County,-77.29680248,37.59112522
51085321300,51085321402,32,Hanover County,-77.25179057,37.60113008,Hanover County,-77.29680248,37.59112522
51085321300,51085321403,13,Hanover County,-77.17923965,37.62402478,Hanover County,-77.29680248,37.59112522
51085321401,51085320100,1,Hanover County,-77.58500006,37.88594378,Hanover County,-77.25895891,37.67861465
51085321401,51085320200,1,Hanover County,-77.68504133,37.80777585,Hanover County,-77.25895891,37.67861465
51085321401,51085320601,2,Hanover County,-77.47144709,37.77593334,Hanover County,-77.25895891,37.67861465
51085321401,51085320701,3,Hanover County,-77.40541715,37.75339045,Hanover County,-77.25895891,37.67861465
51085321401,51085320803,1,Hanover County,-77.40178469,37.67555472,Hanover County,-77.25895891,37.67861465
51085321401,51085320804,3,Hanover County,-77.42040307,37.68215954,Hanover County,-77.25895891,37.67861465
51085321401,51085320901,2,Hanover County,-77.35950464,37.65874207,Hanover County,-77.25895891,37.67861465
51085321401,51085320902,1,Hanover County,-77.38681578,37.63660736,Hanover County,-77.25895891,37.67861465
51085321401,51085321001,4,Hanover County,-77.35319382,37.62262564,Hanover County,-77.25895891,37.67861465
51085321401,51085321003,4,Hanover County,-77.3176218,37.62396679,Hanover County,-77.25895891,37.67861465
51085321401,51085321004,2,Hanover County,-77.3166095,37.6515441,Hanover County,-77.25895891,37.67861465
51085321401,51085321201,1,Hanover County,-77.32329616,37.5880924,Hanover County,-77.25895891,37.67861465
51085321401,51085321202,1,Hanover County,-77.34349514,37.58490558,Hanover County,-77.25895891,37.67861465
51085321401,51085321300,13,Hanover County,-77.29680248,37.59112522,Hanover County,-77.25895891,37.67861465
51085321401,51085321401,50,Hanover County,-77.25895891,37.67861465,Hanover County,-77.25895891,37.67861465
51085321401,51085321402,4,Hanover County,-77.25179057,37.60113008,Hanover County,-77.25895891,37.67861465
51085321401,51085321403,2,Hanover County,-77.17923965,37.62402478,Hanover County,-77.25895891,37.67861465
51085321402,51085320200,4,Hanover County,-77.68504133,37.80777585,Hanover County,-77.25179057,37.60113008
51085321402,51085320400,1,Hanover County,-77.53119038,37.72350989,Hanover County,-77.25179057,37.60113008
51085321402,51085320701,3,Hanover County,-77.40541715,37.75339045,Hanover County,-77.25179057,37.60113008
51085321402,51085320702,1,Hanover County,-77.33973544,37.72429497,Hanover County,-77.25179057,37.60113008
51085321402,51085320801,4,Hanover County,-77.43517464,37.72101115,Hanover County,-77.25179057,37.60113008
51085321402,51085320803,2,Hanover County,-77.40178469,37.67555472,Hanover County,-77.25179057,37.60113008
51085321402,51085320804,1,Hanover County,-77.42040307,37.68215954,Hanover County,-77.25179057,37.60113008
51085321402,51085320901,2,Hanover County,-77.35950464,37.65874207,Hanover County,-77.25179057,37.60113008
51085321402,51085320902,3,Hanover County,-77.38681578,37.63660736,Hanover County,-77.25179057,37.60113008
51085321402,51085321001,1,Hanover County,-77.35319382,37.62262564,Hanover County,-77.25179057,37.60113008
51085321402,51085321003,1,Hanover County,-77.3176218,37.62396679,Hanover County,-77.25179057,37.60113008
51085321402,51085321004,3,Hanover County,-77.3166095,37.6515441,Hanover County,-77.25179057,37.60113008
51085321402,51085321100,6,Hanover County,-77.38262891,37.61242252,Hanover County,-77.25179057,37.60113008
51085321402,51085321201,17,Hanover County,-77.32329616,37.5880924,Hanover County,-77.25179057,37.60113008
51085321402,51085321300,3,Hanover County,-77.29680248,37.59112522,Hanover County,-77.25179057,37.60113008
51085321402,51085321401,2,Hanover County,-77.25895891,37.67861465,Hanover County,-77.25179057,37.60113008
51085321402,51085321402,41,Hanover County,-77.25179057,37.60113008,Hanover County,-77.25179057,37.60113008
51085321402,51085321403,9,Hanover County,-77.17923965,37.62402478,Hanover County,-77.25179057,37.60113008
51085321403,51085320200,2,Hanover County,-77.68504133,37.80777585,Hanover County,-77.17923965,37.62402478
51085321403,51085320300,1,Hanover County,-77.6706394,37.73181814,Hanover County,-77.17923965,37.62402478
51085321403,51085320601,2,Hanover County,-77.47144709,37.77593334,Hanover County,-77.17923965,37.62402478
51085321403,51085320602,1,Hanover County,-77.47318377,37.74416695,Hanover County,-77.17923965,37.62402478
51085321403,51085320804,2,Hanover County,-77.42040307,37.68215954,Hanover County,-77.17923965,37.62402478
51085321403,51085321003,2,Hanover County,-77.3176218,37.62396679,Hanover County,-77.17923965,37.62402478
51085321403,51085321004,6,Hanover County,-77.3166095,37.6515441,Hanover County,-77.17923965,37.62402478
51085321403,51085321100,3,Hanover County,-77.38262891,37.61242252,Hanover County,-77.17923965,37.62402478
51085321403,51085321201,2,Hanover County,-77.32329616,37.5880924,Hanover County,-77.17923965,37.62402478
51085321403,51085321202,3,Hanover County,-77.34349514,37.58490558,Hanover County,-77.17923965,37.62402478
51085321403,51085321300,9,Hanover County,-77.29680248,37.59112522,Hanover County,-77.17923965,37.62402478
51085321403,51085321401,2,Hanover County,-77.25895891,37.67861465,Hanover County,-77.17923965,37.62402478
51085321403,51085321402,3,Hanover County,-77.25179057,37.60113008,Hanover County,-77.17923965,37.62402478
51085321403,51085321403,42,Hanover County,-77.17923965,37.62402478,Hanover County,-77.17923965,37.62402478
51087200106,51085320100,5,Hanover County,-77.58500006,37.88594378,Henrico County,-77.57897181,37.60083859
51087200106,51085320200,12,Hanover County,-77.68504133,37.80777585,Henrico County,-77.57897181,37.60083859
51087200106,51085320300,4,Hanover County,-77.6706394,37.73181814,Henrico County,-77.57897181,37.60083859
51087200106,51085320400,2,Hanover County,-77.53119038,37.72350989,Henrico County,-77.57897181,37.60083859
51087200106,51085320500,1,Hanover County,-77.52199663,37.77211832,Henrico County,-77.57897181,37.60083859
51087200106,51085320601,3,Hanover County,-77.47144709,37.77593334,Henrico County,-77.57897181,37.60083859
51087200106,51085320602,1,Hanover County,-77.47318377,37.74416695,Henrico County,-77.57897181,37.60083859
51087200106,51085320701,3,Hanover County,-77.40541715,37.75339045,Henrico County,-77.57897181,37.60083859
51087200106,51085320702,3,Hanover County,-77.33973544,37.72429497,Henrico County,-77.57897181,37.60083859
51087200106,51085320801,1,Hanover County,-77.43517464,37.72101115,Henrico County,-77.57897181,37.60083859
51087200106,51085320803,6,Hanover County,-77.40178469,37.67555472,Henrico County,-77.57897181,37.60083859
51087200106,51085320804,9,Hanover County,-77.42040307,37.68215954,Henrico County,-77.57897181,37.60083859
51087200106,51085320805,2,Hanover County,-77.42512268,37.6646678,Henrico County,-77.57897181,37.60083859
51087200106,51085320901,2,Hanover County,-77.35950464,37.65874207,Henrico County,-77.57897181,37.60083859
51087200106,51085320902,2,Hanover County,-77.38681578,37.63660736,Henrico County,-77.57897181,37.60083859
51087200106,51085321001,4,Hanover County,-77.35319382,37.62262564,Henrico County,-77.57897181,37.60083859
51087200106,51085321003,1,Hanover County,-77.3176218,37.62396679,Henrico County,-77.57897181,37.60083859
51087200106,51085321004,8,Hanover County,-77.3166095,37.6515441,Henrico County,-77.57897181,37.60083859
51087200106,51085321100,3,Hanover County,-77.38262891,37.61242252,Henrico County,-77.57897181,37.60083859
51087200106,51085321201,3,Hanover County,-77.32329616,37.5880924,Henrico County,-77.57897181,37.60083859
51087200106,51085321202,6,Hanover County,-77.34349514,37.58490558,Henrico County,-77.57897181,37.60083859
51087200106,51085321300,4,Hanover County,-77.29680248,37.59112522,Henrico County,-77.57897181,37.60083859
51087200106,51085321401,1,Hanover County,-77.25895891,37.67861465,Henrico County,-77.57897181,37.60083859
51087200106,51085321402,1,Hanover County,-77.25179057,37.60113008,Henrico County,-77.57897181,37.60083859
51087200106,51085321403,1,Hanover County,-77.17923965,37.62402478,Henrico County,-77.57897181,37.60083859
51087200108,51085320200,2,Hanover County,-77.68504133,37.80777585,Henrico County,-77.59336363,37.56692279
51087200108,51085320300,1,Hanover County,-77.6706394,37.73181814,Henrico County,-77.59336363,37.56692279
51087200108,51085320400,4,Hanover County,-77.53119038,37.72350989,Henrico County,-77.59336363,37.56692279
51087200108,51085320500,1,Hanover County,-77.52199663,37.77211832,Henrico County,-77.59336363,37.56692279
51087200108,51085320601,2,Hanover County,-77.47144709,37.77593334,Henrico County,-77.59336363,37.56692279
51087200108,51085320701,2,Hanover County,-77.40541715,37.75339045,Henrico County,-77.59336363,37.56692279
51087200108,51085320702,1,Hanover County,-77.33973544,37.72429497,Henrico County,-77.59336363,37.56692279
51087200108,51085320801,2,Hanover County,-77.43517464,37.72101115,Henrico County,-77.59336363,37.56692279
51087200108,51085320803,1,Hanover County,-77.40178469,37.67555472,Henrico County,-77.59336363,37.56692279
51087200108,51085320804,1,Hanover County,-77.42040307,37.68215954,Henrico County,-77.59336363,37.56692279
51087200108,51085321001,2,Hanover County,-77.35319382,37.62262564,Henrico County,-77.59336363,37.56692279
51087200108,51085321003,1,Hanover County,-77.3176218,37.62396679,Henrico County,-77.59336363,37.56692279
51087200108,51085321100,4,Hanover County,-77.38262891,37.61242252,Henrico County,-77.59336363,37.56692279
51087200108,51085321201,1,Hanover County,-77.32329616,37.5880924,Henrico County,-77.59336363,37.56692279
51087200108,51085321202,1,Hanover County,-77.34349514,37.58490558,Henrico County,-77.59336363,37.56692279
51087200108,51085321300,10,Hanover County,-77.29680248,37.59112522,Henrico County,-77.59336363,37.56692279
51087200108,51085321402,1,Hanover County,-77.25179057,37.60113008,Henrico County,-77.59336363,37.56692279
51087200109,51085320100,1,Hanover County,-77.58500006,37.88594378,Henrico County,-77.56677282,37.57877141
51087200109,51085320200,1,Hanover County,-77.68504133,37.80777585,Henrico County,-77.56677282,37.57877141
51087200109,51085320400,3,Hanover County,-77.53119038,37.72350989,Henrico County,-77.56677282,37.57877141
51087200109,51085320500,1,Hanover County,-77.52199663,37.77211832,Henrico County,-77.56677282,37.57877141
51087200109,51085320701,1,Hanover County,-77.40541715,37.75339045,Henrico County,-77.56677282,37.57877141
51087200109,51085320803,3,Hanover County,-77.40178469,37.67555472,Henrico County,-77.56677282,37.57877141
51087200109,51085321001,1,Hanover County,-77.35319382,37.62262564,Henrico County,-77.56677282,37.57877141
51087200109,51085321202,2,Hanover County,-77.34349514,37.58490558,Henrico County,-77.56677282,37.57877141
51087200122,51085320100,1,Hanover County,-77.58500006,37.88594378,Henrico County,-77.62337175,37.6271046
51087200122,51085320200,15,Hanover County,-77.68504133,37.80777585,Henrico County,-77.62337175,37.6271046
51087200122,51085320300,3,Hanover County,-77.6706394,37.73181814,Henrico County,-77.62337175,37.6271046
51087200122,51085320400,2,Hanover County,-77.53119038,37.72350989,Henrico County,-77.62337175,37.6271046
51087200122,51085320500,3,Hanover County,-77.52199663,37.77211832,Henrico County,-77.62337175,37.6271046
51087200122,51085320601,1,Hanover County,-77.47144709,37.77593334,Henrico County,-77.62337175,37.6271046
51087200122,51085320602,2,Hanover County,-77.47318377,37.74416695,Henrico County,-77.62337175,37.6271046
51087200122,51085320701,1,Hanover County,-77.40541715,37.75339045,Henrico County,-77.62337175,37.6271046
51087200122,51085320702,3,Hanover County,-77.33973544,37.72429497,Henrico County,-77.62337175,37.6271046
51087200122,51085320801,1,Hanover County,-77.43517464,37.72101115,Henrico County,-77.62337175,37.6271046
51087200122,51085320803,2,Hanover County,-77.40178469,37.67555472,Henrico County,-77.62337175,37.6271046
51087200122,51085320804,4,Hanover County,-77.42040307,37.68215954,Henrico County,-77.62337175,37.6271046
51087200122,51085320805,1,Hanover County,-77.42512268,37.6646678,Henrico County,-77.62337175,37.6271046
51087200122,51085320901,3,Hanover County,-77.35950464,37.65874207,Henrico County,-77.62337175,37.6271046
51087200122,51085320902,1,Hanover County,-77.38681578,37.63660736,Henrico County,-77.62337175,37.6271046
51087200122,51085321001,4,Hanover County,-77.35319382,37.62262564,Henrico County,-77.62337175,37.6271046
51087200122,51085321004,3,Hanover County,-77.3166095,37.6515441,Henrico County,-77.62337175,37.6271046
51087200122,51085321100,1,Hanover County,-77.38262891,37.61242252,Henrico County,-77.62337175,37.6271046
51087200122,51085321201,3,Hanover County,-77.32329616,37.5880924,Henrico County,-77.62337175,37.6271046
51087200122,51085321202,1,Hanover County,-77.34349514,37.58490558,Henrico County,-77.62337175,37.6271046
51087200122,51085321300,8,Hanover County,-77.29680248,37.59112522,Henrico County,-77.62337175,37.6271046
51087200122,51085321403,1,Hanover County,-77.17923965,37.62402478,Henrico County,-77.62337175,37.6271046
51087200123,51085320100,3,Hanover County,-77.58500006,37.88594378,Henrico County,-77.64343651,37.61691867
51087200123,51085320300,5,Hanover County,-77.6706394,37.73181814,Henrico County,-77.64343651,37.61691867
51087200123,51085320400,3,Hanover County,-77.53119038,37.72350989,Henrico County,-77.64343651,37.61691867
51087200123,51085320601,1,Hanover County,-77.47144709,37.77593334,Henrico County,-77.64343651,37.61691867
51087200123,51085320602,1,Hanover County,-77.47318377,37.74416695,Henrico County,-77.64343651,37.61691867
51087200123,51085320803,1,Hanover County,-77.40178469,37.67555472,Henrico County,-77.64343651,37.61691867
51087200123,51085321001,1,Hanover County,-77.35319382,37.62262564,Henrico County,-77.64343651,37.61691867
51087200123,51085321004,2,Hanover County,-77.3166095,37.6515441,Henrico County,-77.64343651,37.61691867
51087200123,51085321202,1,Hanover County,-77.34349514,37.58490558,Henrico County,-77.64343651,37.61691867
51087200123,51085321300,1,Hanover County,-77.29680248,37.59112522,Henrico County,-77.64343651,37.61691867
51087200124,51085320100,2,Hanover County,-77.58500006,37.88594378,Henrico County,-77.62223472,37.61613825
51087200124,51085320200,5,Hanover County,-77.68504133,37.80777585,Henrico County,-77.62223472,37.61613825
51087200124,51085320300,7,Hanover County,-77.6706394,37.73181814,Henrico County,-77.62223472,37.61613825
51087200124,51085320601,1,Hanover County,-77.47144709,37.77593334,Henrico County,-77.62223472,37.61613825
51087200124,51085320602,2,Hanover County,-77.47318377,37.74416695,Henrico County,-77.62223472,37.61613825
51087200124,51085320701,4,Hanover County,-77.40541715,37.75339045,Henrico County,-77.62223472,37.61613825
51087200124,51085320702,1,Hanover County,-77.33973544,37.72429497,Henrico County,-77.62223472,37.61613825
51087200124,51085320801,1,Hanover County,-77.43517464,37.72101115,Henrico County,-77.62223472,37.61613825
51087200124,51085320803,2,Hanover County,-77.40178469,37.67555472,Henrico County,-77.62223472,37.61613825
51087200124,51085320805,2,Hanover County,-77.42512268,37.6646678,Henrico County,-77.62223472,37.61613825
51087200124,51085320901,4,Hanover County,-77.35950464,37.65874207,Henrico County,-77.62223472,37.61613825
51087200124,51085321001,1,Hanover County,-77.35319382,37.62262564,Henrico County,-77.62223472,37.61613825
51087200124,51085321003,1,Hanover County,-77.3176218,37.62396679,Henrico County,-77.62223472,37.61613825
51087200124,51085321004,2,Hanover County,-77.3166095,37.6515441,Henrico County,-77.62223472,37.61613825
51087200124,51085321100,5,Hanover County,-77.38262891,37.61242252,Henrico County,-77.62223472,37.61613825
51087200124,51085321201,7,Hanover County,-77.32329616,37.5880924,Henrico County,-77.62223472,37.61613825
51087200124,51085321300,4,Hanover County,-77.29680248,37.59112522,Henrico County,-77.62223472,37.61613825
51087200124,51085321401,2,Hanover County,-77.25895891,37.67861465,Henrico County,-77.62223472,37.61613825
51087200125,51085320200,3,Hanover County,-77.68504133,37.80777585,Henrico County,-77.56036396,37.63083388
51087200125,51085320805,2,Hanover County,-77.42512268,37.6646678,Henrico County,-77.56036396,37.63083388
51087200125,51085321100,1,Hanover County,-77.38262891,37.61242252,Henrico County,-77.56036396,37.63083388
51087200125,51085321403,1,Hanover County,-77.17923965,37.62402478,Henrico County,-77.56036396,37.63083388
51087200126,51085320100,6,Hanover County,-77.58500006,37.88594378,Henrico County,-77.55101382,37.63318897
51087200126,51085320200,4,Hanover County,-77.68504133,37.80777585,Henrico County,-77.55101382,37.63318897
51087200126,51085320300,7,Hanover County,-77.6706394,37.73181814,Henrico County,-77.55101382,37.63318897
51087200126,51085320400,6,Hanover County,-77.53119038,37.72350989,Henrico County,-77.55101382,37.63318897
51087200126,51085320500,4,Hanover County,-77.52199663,37.77211832,Henrico County,-77.55101382,37.63318897
51087200126,51085320601,2,Hanover County,-77.47144709,37.77593334,Henrico County,-77.55101382,37.63318897
51087200126,51085320602,5,Hanover County,-77.47318377,37.74416695,Henrico County,-77.55101382,37.63318897
51087200126,51085320701,5,Hanover County,-77.40541715,37.75339045,Henrico County,-77.55101382,37.63318897
51087200126,51085320702,1,Hanover County,-77.33973544,37.72429497,Henrico County,-77.55101382,37.63318897
51087200126,51085320801,3,Hanover County,-77.43517464,37.72101115,Henrico County,-77.55101382,37.63318897
51087200126,51085320803,14,Hanover County,-77.40178469,37.67555472,Henrico County,-77.55101382,37.63318897
51087200126,51085320804,15,Hanover County,-77.42040307,37.68215954,Henrico County,-77.55101382,37.63318897
51087200126,51085320805,6,Hanover County,-77.42512268,37.6646678,Henrico County,-77.55101382,37.63318897
51087200126,51085320901,6,Hanover County,-77.35950464,37.65874207,Henrico County,-77.55101382,37.63318897
51087200126,51085320902,5,Hanover County,-77.38681578,37.63660736,Henrico County,-77.55101382,37.63318897
51087200126,51085321001,4,Hanover County,-77.35319382,37.62262564,Henrico County,-77.55101382,37.63318897
51087200126,51085321003,2,Hanover County,-77.3176218,37.62396679,Henrico County,-77.55101382,37.63318897
51087200126,51085321004,10,Hanover County,-77.3166095,37.6515441,Henrico County,-77.55101382,37.63318897
51087200126,51085321100,5,Hanover County,-77.38262891,37.61242252,Henrico County,-77.55101382,37.63318897
51087200126,51085321201,2,Hanover County,-77.32329616,37.5880924,Henrico County,-77.55101382,37.63318897
51087200126,51085321202,10,Hanover County,-77.34349514,37.58490558,Henrico County,-77.55101382,37.63318897
51087200126,51085321300,13,Hanover County,-77.29680248,37.59112522,Henrico County,-77.55101382,37.63318897
51087200126,51085321401,1,Hanover County,-77.25895891,37.67861465,Henrico County,-77.55101382,37.63318897
51087200126,51085321402,1,Hanover County,-77.25179057,37.60113008,Henrico County,-77.55101382,37.63318897
51087200126,51085321403,3,Hanover County,-77.17923965,37.62402478,Henrico County,-77.55101382,37.63318897
51087200127,51085320100,4,Hanover County,-77.58500006,37.88594378,Henrico County,-77.59024487,37.63015772
51087200127,51085320200,6,Hanover County,-77.68504133,37.80777585,Henrico County,-77.59024487,37.63015772
51087200127,51085320300,4,Hanover County,-77.6706394,37.73181814,Henrico County,-77.59024487,37.63015772
51087200127,51085320400,5,Hanover County,-77.53119038,37.72350989,Henrico County,-77.59024487,37.63015772
51087200127,51085320500,5,Hanover County,-77.52199663,37.77211832,Henrico County,-77.59024487,37.63015772
51087200127,51085320601,2,Hanover County,-77.47144709,37.77593334,Henrico County,-77.59024487,37.63015772
51087200127,51085320602,1,Hanover County,-77.47318377,37.74416695,Henrico County,-77.59024487,37.63015772
51087200127,51085320701,9,Hanover County,-77.40541715,37.75339045,Henrico County,-77.59024487,37.63015772
51087200127,51085320702,3,Hanover County,-77.33973544,37.72429497,Henrico County,-77.59024487,37.63015772
51087200127,51085320801,2,Hanover County,-77.43517464,37.72101115,Henrico County,-77.59024487,37.63015772
51087200127,51085320803,12,Hanover County,-77.40178469,37.67555472,Henrico County,-77.59024487,37.63015772
51087200127,51085320804,5,Hanover County,-77.42040307,37.68215954,Henrico County,-77.59024487,37.63015772
51087200127,51085320805,2,Hanover County,-77.42512268,37.6646678,Henrico County,-77.59024487,37.63015772
51087200127,51085320901,1,Hanover County,-77.35950464,37.65874207,Henrico County,-77.59024487,37.63015772
51087200127,51085321001,1,Hanover County,-77.35319382,37.62262564,Henrico County,-77.59024487,37.63015772
51087200127,51085321003,4,Hanover County,-77.3176218,37.62396679,Henrico County,-77.59024487,37.63015772
51087200127,51085321004,4,Hanover County,-77.3166095,37.6515441,Henrico County,-77.59024487,37.63015772
51087200127,51085321100,3,Hanover County,-77.38262891,37.61242252,Henrico County,-77.59024487,37.63015772
51087200127,51085321201,3,Hanover County,-77.32329616,37.5880924,Henrico County,-77.59024487,37.63015772
51087200127,51085321202,3,Hanover County,-77.34349514,37.58490558,Henrico County,-77.59024487,37.63015772
51087200127,51085321300,1,Hanover County,-77.29680248,37.59112522,Henrico County,-77.59024487,37.63015772
51087200127,51085321402,2,Hanover County,-77.25179057,37.60113008,Henrico County,-77.59024487,37.63015772
51087200127,51085321403,1,Hanover County,-77.17923965,37.62402478,Henrico County,-77.59024487,37.63015772
51087200131,51085320100,26,Hanover County,-77.58500006,37.88594378,Henrico County,-77.54464367,37.60605475
51087200131,51085320200,27,Hanover County,-77.68504133,37.80777585,Henrico County,-77.54464367,37.60605475
51087200131,51085320300,21,Hanover County,-77.6706394,37.73181814,Henrico County,-77.54464367,37.60605475
51087200131,51085320400,23,Hanover County,-77.53119038,37.72350989,Henrico County,-77.54464367,37.60605475
51087200131,51085320500,10,Hanover County,-77.52199663,37.77211832,Henrico County,-77.54464367,37.60605475
51087200131,51085320601,12,Hanover County,-77.47144709,37.77593334,Henrico County,-77.54464367,37.60605475
51087200131,51085320602,3,Hanover County,-77.47318377,37.74416695,Henrico County,-77.54464367,37.60605475
51087200131,51085320701,30,Hanover County,-77.40541715,37.75339045,Henrico County,-77.54464367,37.60605475
51087200131,51085320702,7,Hanover County,-77.33973544,37.72429497,Henrico County,-77.54464367,37.60605475
51087200131,51085320801,18,Hanover County,-77.43517464,37.72101115,Henrico County,-77.54464367,37.60605475
51087200131,51085320803,22,Hanover County,-77.40178469,37.67555472,Henrico County,-77.54464367,37.60605475
51087200131,51085320804,27,Hanover County,-77.42040307,37.68215954,Henrico County,-77.54464367,37.60605475
51087200131,51085320805,25,Hanover County,-77.42512268,37.6646678,Henrico County,-77.54464367,37.60605475
51087200131,51085320901,40,Hanover County,-77.35950464,37.65874207,Henrico County,-77.54464367,37.60605475
51087200131,51085320902,15,Hanover County,-77.38681578,37.63660736,Henrico County,-77.54464367,37.60605475
51087200131,51085321001,5,Hanover County,-77.35319382,37.62262564,Henrico County,-77.54464367,37.60605475
51087200131,51085321003,11,Hanover County,-77.3176218,37.62396679,Henrico County,-77.54464367,37.60605475
51087200131,51085321004,10,Hanover County,-77.3166095,37.6515441,Henrico County,-77.54464367,37.60605475
51087200131,51085321100,21,Hanover County,-77.38262891,37.61242252,Henrico County,-77.54464367,37.60605475
51087200131,51085321201,23,Hanover County,-77.32329616,37.5880924,Henrico County,-77.54464367,37.60605475
51087200131,51085321202,12,Hanover County,-77.34349514,37.58490558,Henrico County,-77.54464367,37.60605475
51087200131,51085321300,28,Hanover County,-77.29680248,37.59112522,Henrico County,-77.54464367,37.60605475
51087200131,51085321401,10,Hanover County,-77.25895891,37.67861465,Henrico County,-77.54464367,37.60605475
51087200131,51085321402,14,Hanover County,-77.25179057,37.60113008,Henrico County,-77.54464367,37.60605475
51087200131,51085321403,15,Hanover County,-77.17923965,37.62402478,Henrico County,-77.54464367,37.60605475
51087200132,51085320100,3,Hanover County,-77.58500006,37.88594378,Henrico County,-77.55332965,37.61321047
51087200132,51085320200,6,Hanover County,-77.68504133,37.80777585,Henrico County,-77.55332965,37.61321047
51087200132,51085320300,2,Hanover County,-77.6706394,37.73181814,Henrico County,-77.55332965,37.61321047
51087200132,51085320400,4,Hanover County,-77.53119038,37.72350989,Henrico County,-77.55332965,37.61321047
51087200132,51085320500,2,Hanover County,-77.52199663,37.77211832,Henrico County,-77.55332965,37.61321047
51087200132,51085320601,2,Hanover County,-77.47144709,37.77593334,Henrico County,-77.55332965,37.61321047
51087200132,51085320701,3,Hanover County,-77.40541715,37.75339045,Henrico County,-77.55332965,37.61321047
51087200132,51085320803,1,Hanover County,-77.40178469,37.67555472,Henrico County,-77.55332965,37.61321047
51087200132,51085320804,3,Hanover County,-77.42040307,37.68215954,Henrico County,-77.55332965,37.61321047
51087200132,51085320901,6,Hanover County,-77.35950464,37.65874207,Henrico County,-77.55332965,37.61321047
51087200132,51085320902,4,Hanover County,-77.38681578,37.63660736,Henrico County,-77.55332965,37.61321047
51087200132,51085321004,3,Hanover County,-77.3166095,37.6515441,Henrico County,-77.55332965,37.61321047
51087200132,51085321100,1,Hanover County,-77.38262891,37.61242252,Henrico County,-77.55332965,37.61321047
51087200132,51085321201,6,Hanover County,-77.32329616,37.5880924,Henrico County,-77.55332965,37.61321047
51087200132,51085321202,1,Hanover County,-77.34349514,37.58490558,Henrico County,-77.55332965,37.61321047
51087200132,51085321300,2,Hanover County,-77.29680248,37.59112522,Henrico County,-77.55332965,37.61321047
51087200132,51085321401,1,Hanover County,-77.25895891,37.67861465,Henrico County,-77.55332965,37.61321047
51087200132,51085321402,1,Hanover County,-77.25179057,37.60113008,Henrico County,-77.55332965,37.61321047
51087200133,51085320100,1,Hanover County,-77.58500006,37.88594378,Henrico County,-77.61147789,37.5922495
51087200133,51085320400,1,Hanover County,-77.53119038,37.72350989,Henrico County,-77.61147789,37.5922495
51087200133,51085320701,2,Hanover County,-77.40541715,37.75339045,Henrico County,-77.61147789,37.5922495
51087200133,51085320801,1,Hanover County,-77.43517464,37.72101115,Henrico County,-77.61147789,37.5922495
51087200133,51085320803,1,Hanover County,-77.40178469,37.67555472,Henrico County,-77.61147789,37.5922495
51087200133,51085320804,2,Hanover County,-77.42040307,37.68215954,Henrico County,-77.61147789,37.5922495
51087200133,51085321004,1,Hanover County,-77.3166095,37.6515441,Henrico County,-77.61147789,37.5922495
51087200133,51085321100,1,Hanover County,-77.38262891,37.61242252,Henrico County,-77.61147789,37.5922495
51087200133,51085321202,1,Hanover County,-77.34349514,37.58490558,Henrico County,-77.61147789,37.5922495
51087200133,51085321403,1,Hanover County,-77.17923965,37.62402478,Henrico County,-77.61147789,37.5922495
51087200134,51085320100,1,Hanover County,-77.58500006,37.88594378,Henrico County,-77.58656913,37.58704275
51087200134,51085320200,5,Hanover County,-77.68504133,37.80777585,Henrico County,-77.58656913,37.58704275
51087200134,51085320300,7,Hanover County,-77.6706394,37.73181814,Henrico County,-77.58656913,37.58704275
51087200134,51085320400,5,Hanover County,-77.53119038,37.72350989,Henrico County,-77.58656913,37.58704275
51087200134,51085320500,1,Hanover County,-77.52199663,37.77211832,Henrico County,-77.58656913,37.58704275
51087200134,51085320601,1,Hanover County,-77.47144709,37.77593334,Henrico County,-77.58656913,37.58704275
51087200134,51085320701,2,Hanover County,-77.40541715,37.75339045,Henrico County,-77.58656913,37.58704275
51087200134,51085320803,7,Hanover County,-77.40178469,37.67555472,Henrico County,-77.58656913,37.58704275
51087200134,51085320804,2,Hanover County,-77.42040307,37.68215954,Henrico County,-77.58656913,37.58704275
51087200134,51085320805,3,Hanover County,-77.42512268,37.6646678,Henrico County,-77.58656913,37.58704275
51087200134,51085321001,1,Hanover County,-77.35319382,37.62262564,Henrico County,-77.58656913,37.58704275
51087200134,51085321003,1,Hanover County,-77.3176218,37.62396679,Henrico County,-77.58656913,37.58704275
51087200134,51085321004,2,Hanover County,-77.3166095,37.6515441,Henrico County,-77.58656913,37.58704275
51087200134,51085321100,1,Hanover County,-77.38262891,37.61242252,Henrico County,-77.58656913,37.58704275
51087200134,51085321402,1,Hanover County,-77.25179057,37.60113008,Henrico County,-77.58656913,37.58704275
51087200134,51085321403,5,Hanover County,-77.17923965,37.62402478,Henrico County,-77.58656913,37.58704275
51087200135,51085320100,1,Hanover County,-77.58500006,37.88594378,Henrico County,-77.60514833,37.60266812
51087200135,51085320400,1,Hanover County,-77.53119038,37.72350989,Henrico County,-77.60514833,37.60266812
51087200135,51085320601,1,Hanover County,-77.47144709,37.77593334,Henrico County,-77.60514833,37.60266812
51087200135,51085320701,1,Hanover County,-77.40541715,37.75339045,Henrico County,-77.60514833,37.60266812
51087200135,51085320702,2,Hanover County,-77.33973544,37.72429497,Henrico County,-77.60514833,37.60266812
51087200135,51085320801,2,Hanover County,-77.43517464,37.72101115,Henrico County,-77.60514833,37.60266812
51087200135,51085320803,2,Hanover County,-77.40178469,37.67555472,Henrico County,-77.60514833,37.60266812
51087200135,51085320805,1,Hanover County,-77.42512268,37.6646678,Henrico County,-77.60514833,37.60266812
51087200135,51085320901,1,Hanover County,-77.35950464,37.65874207,Henrico County,-77.60514833,37.60266812
51087200135,51085320902,2,Hanover County,-77.38681578,37.63660736,Henrico County,-77.60514833,37.60266812
51087200135,51085321004,3,Hanover County,-77.3166095,37.6515441,Henrico County,-77.60514833,37.60266812
51087200135,51085321100,4,Hanover County,-77.38262891,37.61242252,Henrico County,-77.60514833,37.60266812
51087200135,51085321202,1,Hanover County,-77.34349514,37.58490558,Henrico County,-77.60514833,37.60266812
51087200135,51085321401,1,Hanover County,-77.25895891,37.67861465,Henrico County,-77.60514833,37.60266812
51087200136,51085320100,1,Hanover County,-77.58500006,37.88594378,Henrico County,-77.62708198,37.60516301
51087200136,51085320200,4,Hanover County,-77.68504133,37.80777585,Henrico County,-77.62708198,37.60516301
51087200136,51085320300,2,Hanover County,-77.6706394,37.73181814,Henrico County,-77.62708198,37.60516301
51087200136,51085320400,1,Hanover County,-77.53119038,37.72350989,Henrico County,-77.62708198,37.60516301
51087200136,51085320500,2,Hanover County,-77.52199663,37.77211832,Henrico County,-77.62708198,37.60516301
51087200136,51085320601,3,Hanover County,-77.47144709,37.77593334,Henrico County,-77.62708198,37.60516301
51087200136,51085320602,1,Hanover County,-77.47318377,37.74416695,Henrico County,-77.62708198,37.60516301
51087200136,51085320701,1,Hanover County,-77.40541715,37.75339045,Henrico County,-77.62708198,37.60516301
51087200136,51085320803,2,Hanover County,-77.40178469,37.67555472,Henrico County,-77.62708198,37.60516301
51087200136,51085320804,8,Hanover County,-77.42040307,37.68215954,Henrico County,-77.62708198,37.60516301
51087200136,51085320901,1,Hanover County,-77.35950464,37.65874207,Henrico County,-77.62708198,37.60516301
51087200136,51085321003,2,Hanover County,-77.3176218,37.62396679,Henrico County,-77.62708198,37.60516301
51087200136,51085321004,1,Hanover County,-77.3166095,37.6515441,Henrico County,-77.62708198,37.60516301
51087200136,51085321201,2,Hanover County,-77.32329616,37.5880924,Henrico County,-77.62708198,37.60516301
51087200136,51085321202,4,Hanover County,-77.34349514,37.58490558,Henrico County,-77.62708198,37.60516301
51087200136,51085321300,2,Hanover County,-77.29680248,37.59112522,Henrico County,-77.62708198,37.60516301
51087200136,51085321402,1,Hanover County,-77.25179057,37.60113008,Henrico County,-77.62708198,37.60516301
51087200137,51085320200,1,Hanover County,-77.68504133,37.80777585,Henrico County,-77.58334569,37.61247448
51087200137,51085320803,1,Hanover County,-77.40178469,37.67555472,Henrico County,-77.58334569,37.61247448
51087200137,51085320901,1,Hanover County,-77.35950464,37.65874207,Henrico County,-77.58334569,37.61247448
51087200137,51085321100,2,Hanover County,-77.38262891,37.61242252,Henrico County,-77.58334569,37.61247448
51087200138,51085320100,3,Hanover County,-77.58500006,37.88594378,Henrico County,-77.59701807,37.61568705
51087200138,51085320200,1,Hanover County,-77.68504133,37.80777585,Henrico County,-77.59701807,37.61568705
51087200138,51085320300,1,Hanover County,-77.6706394,37.73181814,Henrico County,-77.59701807,37.61568705
51087200138,51085320400,2,Hanover County,-77.53119038,37.72350989,Henrico County,-77.59701807,37.61568705
51087200138,51085320602,1,Hanover County,-77.47318377,37.74416695,Henrico County,-77.59701807,37.61568705
51087200138,51085320701,3,Hanover County,-77.40541715,37.75339045,Henrico County,-77.59701807,37.61568705
51087200138,51085320702,1,Hanover County,-77.33973544,37.72429497,Henrico County,-77.59701807,37.61568705
51087200138,51085320801,1,Hanover County,-77.43517464,37.72101115,Henrico County,-77.59701807,37.61568705
51087200138,51085320804,3,Hanover County,-77.42040307,37.68215954,Henrico County,-77.59701807,37.61568705
51087200138,51085320805,7,Hanover County,-77.42512268,37.6646678,Henrico County,-77.59701807,37.61568705
51087200138,51085320901,1,Hanover County,-77.35950464,37.65874207,Henrico County,-77.59701807,37.61568705
51087200138,51085321001,2,Hanover County,-77.35319382,37.62262564,Henrico County,-77.59701807,37.61568705
51087200138,51085321004,1,Hanover County,-77.3166095,37.6515441,Henrico County,-77.59701807,37.61568705
51087200138,51085321100,3,Hanover County,-77.38262891,37.61242252,Henrico County,-77.59701807,37.61568705
51087200138,51085321201,3,Hanover County,-77.32329616,37.5880924,Henrico County,-77.59701807,37.61568705
51087200138,51085321202,3,Hanover County,-77.34349514,37.58490558,Henrico County,-77.59701807,37.61568705
51087200138,51085321300,3,Hanover County,-77.29680248,37.59112522,Henrico County,-77.59701807,37.61568705
51087200139,51085320400,3,Hanover County,-77.53119038,37.72350989,Henrico County,-77.6434502,37.6348655
51087200139,51085320701,2,Hanover County,-77.40541715,37.75339045,Henrico County,-77.6434502,37.6348655
51087200139,51085321003,1,Hanover County,-77.3176218,37.62396679,Henrico County,-77.6434502,37.6348655
51087200140,51085320100,10,Hanover County,-77.58500006,37.88594378,Henrico County,-77.63679408,37.65532899
51087200140,51085320200,26,Hanover County,-77.68504133,37.80777585,Henrico County,-77.63679408,37.65532899
51087200140,51085320300,19,Hanover County,-77.6706394,37.73181814,Henrico County,-77.63679408,37.65532899
51087200140,51085320400,11,Hanover County,-77.53119038,37.72350989,Henrico County,-77.63679408,37.65532899
51087200140,51085320500,3,Hanover County,-77.52199663,37.77211832,Henrico County,-77.63679408,37.65532899
51087200140,51085320601,12,Hanover County,-77.47144709,37.77593334,Henrico County,-77.63679408,37.65532899
51087200140,51085320602,9,Hanover County,-77.47318377,37.74416695,Henrico County,-77.63679408,37.65532899
51087200140,51085320701,8,Hanover County,-77.40541715,37.75339045,Henrico County,-77.63679408,37.65532899
51087200140,51085320702,14,Hanover County,-77.33973544,37.72429497,Henrico County,-77.63679408,37.65532899
51087200140,51085320801,9,Hanover County,-77.43517464,37.72101115,Henrico County,-77.63679408,37.65532899
51087200140,51085320803,15,Hanover County,-77.40178469,37.67555472,Henrico County,-77.63679408,37.65532899
51087200140,51085320804,7,Hanover County,-77.42040307,37.68215954,Henrico County,-77.63679408,37.65532899
51087200140,51085320805,10,Hanover County,-77.42512268,37.6646678,Henrico County,-77.63679408,37.65532899
51087200140,51085320901,12,Hanover County,-77.35950464,37.65874207,Henrico County,-77.63679408,37.65532899
51087200140,51085320902,3,Hanover County,-77.38681578,37.63660736,Henrico County,-77.63679408,37.65532899
51087200140,51085321001,5,Hanover County,-77.35319382,37.62262564,Henrico County,-77.63679408,37.65532899
51087200140,51085321003,9,Hanover County,-77.3176218,37.62396679,Henrico County,-77.63679408,37.65532899
51087200140,51085321004,12,Hanover County,-77.3166095,37.6515441,Henrico County,-77.63679408,37.65532899
51087200140,51085321100,13,Hanover County,-77.38262891,37.61242252,Henrico County,-77.63679408,37.65532899
51087200140,51085321201,8,Hanover County,-77.32329616,37.5880924,Henrico County,-77.63679408,37.65532899
51087200140,51085321202,9,Hanover County,-77.34349514,37.58490558,Henrico County,-77.63679408,37.65532899
51087200140,51085321300,16,Hanover County,-77.29680248,37.59112522,Henrico County,-77.63679408,37.65532899
51087200140,51085321401,2,Hanover County,-77.25895891,37.67861465,Henrico County,-77.63679408,37.65532899
51087200140,51085321402,8,Hanover County,-77.25179057,37.60113008,Henrico County,-77.63679408,37.65532899
51087200140,51085321403,4,Hanover County,-77.17923965,37.62402478,Henrico County,-77.63679408,37.65532899
51087200141,51085320100,4,Hanover County,-77.58500006,37.88594378,Henrico County,-77.62796055,37.65015182
51087200141,51085320200,17,Hanover County,-77.68504133,37.80777585,Henrico County,-77.62796055,37.65015182
51087200141,51085320300,11,Hanover County,-77.6706394,37.73181814,Henrico County,-77.62796055,37.65015182
51087200141,51085320400,15,Hanover County,-77.53119038,37.72350989,Henrico County,-77.62796055,37.65015182
51087200141,51085320500,7,Hanover County,-77.52199663,37.77211832,Henrico County,-77.62796055,37.65015182
51087200141,51085320601,3,Hanover County,-77.47144709,37.77593334,Henrico County,-77.62796055,37.65015182
51087200141,51085320602,9,Hanover County,-77.47318377,37.74416695,Henrico County,-77.62796055,37.65015182
51087200141,51085320701,3,Hanover County,-77.40541715,37.75339045,Henrico County,-77.62796055,37.65015182
51087200141,51085320801,1,Hanover County,-77.43517464,37.72101115,Henrico County,-77.62796055,37.65015182
51087200141,51085320803,7,Hanover County,-77.40178469,37.67555472,Henrico County,-77.62796055,37.65015182
51087200141,51085320804,9,Hanover County,-77.42040307,37.68215954,Henrico County,-77.62796055,37.65015182
51087200141,51085320805,6,Hanover County,-77.42512268,37.6646678,Henrico County,-77.62796055,37.65015182
51087200141,51085320901,3,Hanover County,-77.35950464,37.65874207,Henrico County,-77.62796055,37.65015182
51087200141,51085320902,1,Hanover County,-77.38681578,37.63660736,Henrico County,-77.62796055,37.65015182
51087200141,51085321001,3,Hanover County,-77.35319382,37.62262564,Henrico County,-77.62796055,37.65015182
51087200141,51085321003,6,Hanover County,-77.3176218,37.62396679,Henrico County,-77.62796055,37.65015182
51087200141,51085321004,5,Hanover County,-77.3166095,37.6515441,Henrico County,-77.62796055,37.65015182
51087200141,51085321100,6,Hanover County,-77.38262891,37.61242252,Henrico County,-77.62796055,37.65015182
51087200141,51085321201,4,Hanover County,-77.32329616,37.5880924,Henrico County,-77.62796055,37.65015182
51087200141,51085321202,11,Hanover County,-77.34349514,37.58490558,Henrico County,-77.62796055,37.65015182
51087200141,51085321300,8,Hanover County,-77.29680248,37.59112522,Henrico County,-77.62796055,37.65015182
51087200141,51085321401,1,Hanover County,-77.25895891,37.67861465,Henrico County,-77.62796055,37.65015182
51087200141,51085321402,2,Hanover County,-77.25179057,37.60113008,Henrico County,-77.62796055,37.65015182
51087200141,51085321403,2,Hanover County,-77.17923965,37.62402478,Henrico County,-77.62796055,37.65015182
51087200142,51085320100,1,Hanover County,-77.58500006,37.88594378,Henrico County,-77.62292089,37.63989342
51087200142,51085320200,5,Hanover County,-77.68504133,37.80777585,Henrico County,-77.62292089,37.63989342
51087200142,51085320300,1,Hanover County,-77.6706394,37.73181814,Henrico County,-77.62292089,37.63989342
51087200142,51085320500,1,Hanover County,-77.52199663,37.77211832,Henrico County,-77.62292089,37.63989342
51087200142,51085320601,3,Hanover County,-77.47144709,37.77593334,Henrico County,-77.62292089,37.63989342
51087200142,51085320602,1,Hanover County,-77.47318377,37.74416695,Henrico County,-77.62292089,37.63989342
51087200142,51085320701,2,Hanover County,-77.40541715,37.75339045,Henrico County,-77.62292089,37.63989342
51087200142,51085320803,5,Hanover County,-77.40178469,37.67555472,Henrico County,-77.62292089,37.63989342
51087200142,51085320805,1,Hanover County,-77.42512268,37.6646678,Henrico County,-77.62292089,37.63989342
51087200142,51085320901,4,Hanover County,-77.35950464,37.65874207,Henrico County,-77.62292089,37.63989342
51087200142,51085320902,2,Hanover County,-77.38681578,37.63660736,Henrico County,-77.62292089,37.63989342
51087200142,51085321001,1,Hanover County,-77.35319382,37.62262564,Henrico County,-77.62292089,37.63989342
51087200142,51085321004,1,Hanover County,-77.3166095,37.6515441,Henrico County,-77.62292089,37.63989342
51087200142,51085321201,4,Hanover County,-77.32329616,37.5880924,Henrico County,-77.62292089,37.63989342
51087200142,51085321202,6,Hanover County,-77.34349514,37.58490558,Henrico County,-77.62292089,37.63989342
51087200142,51085321300,2,Hanover County,-77.29680248,37.59112522,Henrico County,-77.62292089,37.63989342
51087200142,51085321401,2,Hanover County,-77.25895891,37.67861465,Henrico County,-77.62292089,37.63989342
51087200142,51085321402,1,Hanover County,-77.25179057,37.60113008,Henrico County,-77.62292089,37.63989342
51087200142,51085321403,1,Hanover County,-77.17923965,37.62402478,Henrico County,-77.62292089,37.63989342
51087200143,51085320100,1,Hanover County,-77.58500006,37.88594378,Henrico County,-77.60422964,37.63998125
51087200143,51085320300,1,Hanover County,-77.6706394,37.73181814,Henrico County,-77.60422964,37.63998125
51087200143,51085321201,1,Hanover County,-77.32329616,37.5880924,Henrico County,-77.60422964,37.63998125
51087200144,51085320100,9,Hanover County,-77.58500006,37.88594378,Henrico County,-77.60250445,37.64853829
51087200144,51085320200,11,Hanover County,-77.68504133,37.80777585,Henrico County,-77.60250445,37.64853829
51087200144,51085320300,11,Hanover County,-77.6706394,37.73181814,Henrico County,-77.60250445,37.64853829
51087200144,51085320400,18,Hanover County,-77.53119038,37.72350989,Henrico County,-77.60250445,37.64853829
51087200144,51085320500,3,Hanover County,-77.52199663,37.77211832,Henrico County,-77.60250445,37.64853829
51087200144,51085320601,7,Hanover County,-77.47144709,37.77593334,Henrico County,-77.60250445,37.64853829
51087200144,51085320602,8,Hanover County,-77.47318377,37.74416695,Henrico County,-77.60250445,37.64853829
51087200144,51085320701,2,Hanover County,-77.40541715,37.75339045,Henrico County,-77.60250445,37.64853829
51087200144,51085320702,7,Hanover County,-77.33973544,37.72429497,Henrico County,-77.60250445,37.64853829
51087200144,51085320801,8,Hanover County,-77.43517464,37.72101115,Henrico County,-77.60250445,37.64853829
51087200144,51085320803,21,Hanover County,-77.40178469,37.67555472,Henrico County,-77.60250445,37.64853829
51087200144,51085320804,7,Hanover County,-77.42040307,37.68215954,Henrico County,-77.60250445,37.64853829
51087200144,51085320805,7,Hanover County,-77.42512268,37.6646678,Henrico County,-77.60250445,37.64853829
51087200144,51085320901,12,Hanover County,-77.35950464,37.65874207,Henrico County,-77.60250445,37.64853829
51087200144,51085320902,3,Hanover County,-77.38681578,37.63660736,Henrico County,-77.60250445,37.64853829
51087200144,51085321001,3,Hanover County,-77.35319382,37.62262564,Henrico County,-77.60250445,37.64853829
51087200144,51085321003,4,Hanover County,-77.3176218,37.62396679,Henrico County,-77.60250445,37.64853829
51087200144,51085321004,3,Hanover County,-77.3166095,37.6515441,Henrico County,-77.60250445,37.64853829
51087200144,51085321100,10,Hanover County,-77.38262891,37.61242252,Henrico County,-77.60250445,37.64853829
51087200144,51085321201,8,Hanover County,-77.32329616,37.5880924,Henrico County,-77.60250445,37.64853829
51087200144,51085321202,11,Hanover County,-77.34349514,37.58490558,Henrico County,-77.60250445,37.64853829
51087200144,51085321300,15,Hanover County,-77.29680248,37.59112522,Henrico County,-77.60250445,37.64853829
51087200144,51085321401,10,Hanover County,-77.25895891,37.67861465,Henrico County,-77.60250445,37.64853829
51087200144,51085321402,7,Hanover County,-77.25179057,37.60113008,Henrico County,-77.60250445,37.64853829
51087200144,51085321403,2,Hanover County,-77.17923965,37.62402478,Henrico County,-77.60250445,37.64853829
51087200145,51085320300,3,Hanover County,-77.6706394,37.73181814,Henrico County,-77.62091788,37.69726831
51087200145,51085320500,1,Hanover County,-77.52199663,37.77211832,Henrico County,-77.62091788,37.69726831
51087200145,51085320701,2,Hanover County,-77.40541715,37.75339045,Henrico County,-77.62091788,37.69726831
51087200145,51085320801,2,Hanover County,-77.43517464,37.72101115,Henrico County,-77.62091788,37.69726831
51087200145,51085320901,1,Hanover County,-77.35950464,37.65874207,Henrico County,-77.62091788,37.69726831
51087200145,51085321100,1,Hanover County,-77.38262891,37.61242252,Henrico County,-77.62091788,37.69726831
51087200145,51085321300,4,Hanover County,-77.29680248,37.59112522,Henrico County,-77.62091788,37.69726831
51087200146,51085320200,1,Hanover County,-77.68504133,37.80777585,Henrico County,-77.6045801,37.69833912
51087200146,51085320300,3,Hanover County,-77.6706394,37.73181814,Henrico County,-77.6045801,37.69833912
51087200146,51085320500,3,Hanover County,-77.52199663,37.77211832,Henrico County,-77.6045801,37.69833912
51087200146,51085320803,2,Hanover County,-77.40178469,37.67555472,Henrico County,-77.6045801,37.69833912
51087200146,51085321403,2,Hanover County,-77.17923965,37.62402478,Henrico County,-77.6045801,37.69833912
51087200147,51085320200,2,Hanover County,-77.68504133,37.80777585,Henrico County,-77.62263732,37.67762241
51087200147,51085320300,3,Hanover County,-77.6706394,37.73181814,Henrico County,-77.62263732,37.67762241
51087200147,51085320400,2,Hanover County,-77.53119038,37.72350989,Henrico County,-77.62263732,37.67762241
51087200147,51085320500,3,Hanover County,-77.52199663,37.77211832,Henrico County,-77.62263732,37.67762241
51087200147,51085320601,2,Hanover County,-77.47144709,37.77593334,Henrico County,-77.62263732,37.67762241
51087200147,51085320803,2,Hanover County,-77.40178469,37.67555472,Henrico County,-77.62263732,37.67762241
51087200147,51085320804,1,Hanover County,-77.42040307,37.68215954,Henrico County,-77.62263732,37.67762241
51087200147,51085320805,2,Hanover County,-77.42512268,37.6646678,Henrico County,-77.62263732,37.67762241
51087200147,51085320901,2,Hanover County,-77.35950464,37.65874207,Henrico County,-77.62263732,37.67762241
51087200147,51085321004,4,Hanover County,-77.3166095,37.6515441,Henrico County,-77.62263732,37.67762241
51087200147,51085321100,1,Hanover County,-77.38262891,37.61242252,Henrico County,-77.62263732,37.67762241
51087200147,51085321201,4,Hanover County,-77.32329616,37.5880924,Henrico County,-77.62263732,37.67762241
51087200147,51085321402,3,Hanover County,-77.25179057,37.60113008,Henrico County,-77.62263732,37.67762241
51087200148,51085320100,7,Hanover County,-77.58500006,37.88594378,Henrico County,-77.57818533,37.68231409
51087200148,51085320200,18,Hanover County,-77.68504133,37.80777585,Henrico County,-77.57818533,37.68231409
51087200148,51085320300,23,Hanover County,-77.6706394,37.73181814,Henrico County,-77.57818533,37.68231409
51087200148,51085320400,18,Hanover County,-77.53119038,37.72350989,Henrico County,-77.57818533,37.68231409
51087200148,51085320500,2,Hanover County,-77.52199663,37.77211832,Henrico County,-77.57818533,37.68231409
51087200148,51085320601,4,Hanover County,-77.47144709,37.77593334,Henrico County,-77.57818533,37.68231409
51087200148,51085320602,3,Hanover County,-77.47318377,37.74416695,Henrico County,-77.57818533,37.68231409
51087200148,51085320701,19,Hanover County,-77.40541715,37.75339045,Henrico County,-77.57818533,37.68231409
51087200148,51085320702,9,Hanover County,-77.33973544,37.72429497,Henrico County,-77.57818533,37.68231409
51087200148,51085320801,1,Hanover County,-77.43517464,37.72101115,Henrico County,-77.57818533,37.68231409
51087200148,51085320803,24,Hanover County,-77.40178469,37.67555472,Henrico County,-77.57818533,37.68231409
51087200148,51085320804,9,Hanover County,-77.42040307,37.68215954,Henrico County,-77.57818533,37.68231409
51087200148,51085320805,10,Hanover County,-77.42512268,37.6646678,Henrico County,-77.57818533,37.68231409
51087200148,51085320901,15,Hanover County,-77.35950464,37.65874207,Henrico County,-77.57818533,37.68231409
51087200148,51085320902,3,Hanover County,-77.38681578,37.63660736,Henrico County,-77.57818533,37.68231409
51087200148,51085321001,3,Hanover County,-77.35319382,37.62262564,Henrico County,-77.57818533,37.68231409
51087200148,51085321003,9,Hanover County,-77.3176218,37.62396679,Henrico County,-77.57818533,37.68231409
51087200148,51085321004,7,Hanover County,-77.3166095,37.6515441,Henrico County,-77.57818533,37.68231409
51087200148,51085321100,7,Hanover County,-77.38262891,37.61242252,Henrico County,-77.57818533,37.68231409
51087200148,51085321201,10,Hanover County,-77.32329616,37.5880924,Henrico County,-77.57818533,37.68231409
51087200148,51085321202,9,Hanover County,-77.34349514,37.58490558,Henrico County,-77.57818533,37.68231409
51087200148,51085321300,9,Hanover County,-77.29680248,37.59112522,Henrico County,-77.57818533,37.68231409
51087200148,51085321401,6,Hanover County,-77.25895891,37.67861465,Henrico County,-77.57818533,37.68231409
51087200148,51085321402,5,Hanover County,-77.25179057,37.60113008,Henrico County,-77.57818533,37.68231409
51087200148,51085321403,6,Hanover County,-77.17923965,37.62402478,Henrico County,-77.57818533,37.68231409
51087200149,51085320100,7,Hanover County,-77.58500006,37.88594378,Henrico County,-77.60039992,37.66826832
51087200149,51085320200,4,Hanover County,-77.68504133,37.80777585,Henrico County,-77.60039992,37.66826832
51087200149,51085320300,6,Hanover County,-77.6706394,37.73181814,Henrico County,-77.60039992,37.66826832
51087200149,51085320400,9,Hanover County,-77.53119038,37.72350989,Henrico County,-77.60039992,37.66826832
51087200149,51085320500,6,Hanover County,-77.52199663,37.77211832,Henrico County,-77.60039992,37.66826832
51087200149,51085320601,2,Hanover County,-77.47144709,37.77593334,Henrico County,-77.60039992,37.66826832
51087200149,51085320602,1,Hanover County,-77.47318377,37.74416695,Henrico County,-77.60039992,37.66826832
51087200149,51085320701,10,Hanover County,-77.40541715,37.75339045,Henrico County,-77.60039992,37.66826832
51087200149,51085320801,4,Hanover County,-77.43517464,37.72101115,Henrico County,-77.60039992,37.66826832
51087200149,51085320803,11,Hanover County,-77.40178469,37.67555472,Henrico County,-77.60039992,37.66826832
51087200149,51085320804,12,Hanover County,-77.42040307,37.68215954,Henrico County,-77.60039992,37.66826832
51087200149,51085320805,1,Hanover County,-77.42512268,37.6646678,Henrico County,-77.60039992,37.66826832
51087200149,51085320901,3,Hanover County,-77.35950464,37.65874207,Henrico County,-77.60039992,37.66826832
51087200149,51085320902,1,Hanover County,-77.38681578,37.63660736,Henrico County,-77.60039992,37.66826832
51087200149,51085321001,2,Hanover County,-77.35319382,37.62262564,Henrico County,-77.60039992,37.66826832
51087200149,51085321003,5,Hanover County,-77.3176218,37.62396679,Henrico County,-77.60039992,37.66826832
51087200149,51085321004,8,Hanover County,-77.3166095,37.6515441,Henrico County,-77.60039992,37.66826832
51087200149,51085321100,4,Hanover County,-77.38262891,37.61242252,Henrico County,-77.60039992,37.66826832
51087200149,51085321201,6,Hanover County,-77.32329616,37.5880924,Henrico County,-77.60039992,37.66826832
51087200149,51085321202,1,Hanover County,-77.34349514,37.58490558,Henrico County,-77.60039992,37.66826832
51087200149,51085321300,6,Hanover County,-77.29680248,37.59112522,Henrico County,-77.60039992,37.66826832
51087200149,51085321401,3,Hanover County,-77.25895891,37.67861465,Henrico County,-77.60039992,37.66826832
51087200149,51085321403,3,Hanover County,-77.17923965,37.62402478,Henrico County,-77.60039992,37.66826832
51087200150,51085320100,70,Hanover County,-77.58500006,37.88594378,Henrico County,-77.5758222,37.66460693
51087200150,51085320200,97,Hanover County,-77.68504133,37.80777585,Henrico County,-77.5758222,37.66460693
51087200150,51085320300,61,Hanover County,-77.6706394,37.73181814,Henrico County,-77.5758222,37.66460693
51087200150,51085320400,51,Hanover County,-77.53119038,37.72350989,Henrico County,-77.5758222,37.66460693
51087200150,51085320500,34,Hanover County,-77.52199663,37.77211832,Henrico County,-77.5758222,37.66460693
51087200150,51085320601,41,Hanover County,-77.47144709,37.77593334,Henrico County,-77.5758222,37.66460693
51087200150,51085320602,27,Hanover County,-77.47318377,37.74416695,Henrico County,-77.5758222,37.66460693
51087200150,51085320701,51,Hanover County,-77.40541715,37.75339045,Henrico County,-77.5758222,37.66460693
51087200150,51085320702,26,Hanover County,-77.33973544,37.72429497,Henrico County,-77.5758222,37.66460693
51087200150,51085320801,45,Hanover County,-77.43517464,37.72101115,Henrico County,-77.5758222,37.66460693
51087200150,51085320803,151,Hanover County,-77.40178469,37.67555472,Henrico County,-77.5758222,37.66460693
51087200150,51085320804,81,Hanover County,-77.42040307,37.68215954,Henrico County,-77.5758222,37.66460693
51087200150,51085320805,50,Hanover County,-77.42512268,37.6646678,Henrico County,-77.5758222,37.66460693
51087200150,51085320901,77,Hanover County,-77.35950464,37.65874207,Henrico County,-77.5758222,37.66460693
51087200150,51085320902,33,Hanover County,-77.38681578,37.63660736,Henrico County,-77.5758222,37.66460693
51087200150,51085321001,28,Hanover County,-77.35319382,37.62262564,Henrico County,-77.5758222,37.66460693
51087200150,51085321003,27,Hanover County,-77.3176218,37.62396679,Henrico County,-77.5758222,37.66460693
51087200150,51085321004,55,Hanover County,-77.3166095,37.6515441,Henrico County,-77.5758222,37.66460693
51087200150,51085321100,54,Hanover County,-77.38262891,37.61242252,Henrico County,-77.5758222,37.66460693
51087200150,51085321201,58,Hanover County,-77.32329616,37.5880924,Henrico County,-77.5758222,37.66460693
51087200150,51085321202,48,Hanover County,-77.34349514,37.58490558,Henrico County,-77.5758222,37.66460693
51087200150,51085321300,78,Hanover County,-77.29680248,37.59112522,Henrico County,-77.5758222,37.66460693
51087200150,51085321401,19,Hanover County,-77.25895891,37.67861465,Henrico County,-77.5758222,37.66460693
51087200150,51085321402,35,Hanover County,-77.25179057,37.60113008,Henrico County,-77.5758222,37.66460693
51087200150,51085321403,42,Hanover County,-77.17923965,37.62402478,Henrico County,-77.5758222,37.66460693
51087200151,51085320100,44,Hanover County,-77.58500006,37.88594378,Henrico County,-77.57184309,37.64822505
51087200151,51085320200,68,Hanover County,-77.68504133,37.80777585,Henrico County,-77.57184309,37.64822505
51087200151,51085320300,55,Hanover County,-77.6706394,37.73181814,Henrico County,-77.57184309,37.64822505
51087200151,51085320400,71,Hanover County,-77.53119038,37.72350989,Henrico County,-77.57184309,37.64822505
51087200151,51085320500,41,Hanover County,-77.52199663,37.77211832,Henrico County,-77.57184309,37.64822505
51087200151,51085320601,27,Hanover County,-77.47144709,37.77593334,Henrico County,-77.57184309,37.64822505
51087200151,51085320602,22,Hanover County,-77.47318377,37.74416695,Henrico County,-77.57184309,37.64822505
51087200151,51085320701,38,Hanover County,-77.40541715,37.75339045,Henrico County,-77.57184309,37.64822505
51087200151,51085320702,11,Hanover County,-77.33973544,37.72429497,Henrico County,-77.57184309,37.64822505
51087200151,51085320801,41,Hanover County,-77.43517464,37.72101115,Henrico County,-77.57184309,37.64822505
51087200151,51085320803,77,Hanover County,-77.40178469,37.67555472,Henrico County,-77.57184309,37.64822505
51087200151,51085320804,66,Hanover County,-77.42040307,37.68215954,Henrico County,-77.57184309,37.64822505
51087200151,51085320805,36,Hanover County,-77.42512268,37.6646678,Henrico County,-77.57184309,37.64822505
51087200151,51085320901,35,Hanover County,-77.35950464,37.65874207,Henrico County,-77.57184309,37.64822505
51087200151,51085320902,36,Hanover County,-77.38681578,37.63660736,Henrico County,-77.57184309,37.64822505
51087200151,51085321001,20,Hanover County,-77.35319382,37.62262564,Henrico County,-77.57184309,37.64822505
51087200151,51085321003,22,Hanover County,-77.3176218,37.62396679,Henrico County,-77.57184309,37.64822505
51087200151,51085321004,44,Hanover County,-77.3166095,37.6515441,Henrico County,-77.57184309,37.64822505
51087200151,51085321100,50,Hanover County,-77.38262891,37.61242252,Henrico County,-77.57184309,37.64822505
51087200151,51085321201,34,Hanover County,-77.32329616,37.5880924,Henrico County,-77.57184309,37.64822505
51087200151,51085321202,41,Hanover County,-77.34349514,37.58490558,Henrico County,-77.57184309,37.64822505
51087200151,51085321300,77,Hanover County,-77.29680248,37.59112522,Henrico County,-77.57184309,37.64822505
51087200151,51085321401,20,Hanover County,-77.25895891,37.67861465,Henrico County,-77.57184309,37.64822505
51087200151,51085321402,23,Hanover County,-77.25179057,37.60113008,Henrico County,-77.57184309,37.64822505
51087200151,51085321403,18,Hanover County,-77.17923965,37.62402478,Henrico County,-77.57184309,37.64822505
51087200152,51085320300,5,Hanover County,-77.6706394,37.73181814,Henrico County,-77.56512365,37.62289285
51087200152,51085320601,1,Hanover County,-77.47144709,37.77593334,Henrico County,-77.56512365,37.62289285
51087200152,51085320803,1,Hanover County,-77.40178469,37.67555472,Henrico County,-77.56512365,37.62289285
51087200152,51085320901,2,Hanover County,-77.35950464,37.65874207,Henrico County,-77.56512365,37.62289285
51087200152,51085321004,2,Hanover County,-77.3166095,37.6515441,Henrico County,-77.56512365,37.62289285
51087200152,51085321100,3,Hanover County,-77.38262891,37.61242252,Henrico County,-77.56512365,37.62289285
51087200153,51085320100,6,Hanover County,-77.58500006,37.88594378,Henrico County,-77.57100175,37.6124798
51087200153,51085320200,4,Hanover County,-77.68504133,37.80777585,Henrico County,-77.57100175,37.6124798
51087200153,51085320300,11,Hanover County,-77.6706394,37.73181814,Henrico County,-77.57100175,37.6124798
51087200153,51085320400,7,Hanover County,-77.53119038,37.72350989,Henrico County,-77.57100175,37.6124798
51087200153,51085320500,5,Hanover County,-77.52199663,37.77211832,Henrico County,-77.57100175,37.6124798
51087200153,51085320601,9,Hanover County,-77.47144709,37.77593334,Henrico County,-77.57100175,37.6124798
51087200153,51085320602,6,Hanover County,-77.47318377,37.74416695,Henrico County,-77.57100175,37.6124798
51087200153,51085320701,5,Hanover County,-77.40541715,37.75339045,Henrico County,-77.57100175,37.6124798
51087200153,51085320702,3,Hanover County,-77.33973544,37.72429497,Henrico County,-77.57100175,37.6124798
51087200153,51085320801,6,Hanover County,-77.43517464,37.72101115,Henrico County,-77.57100175,37.6124798
51087200153,51085320803,4,Hanover County,-77.40178469,37.67555472,Henrico County,-77.57100175,37.6124798
51087200153,51085320804,12,Hanover County,-77.42040307,37.68215954,Henrico County,-77.57100175,37.6124798
51087200153,51085320805,6,Hanover County,-77.42512268,37.6646678,Henrico County,-77.57100175,37.6124798
51087200153,51085320901,5,Hanover County,-77.35950464,37.65874207,Henrico County,-77.57100175,37.6124798
51087200153,51085320902,2,Hanover County,-77.38681578,37.63660736,Henrico County,-77.57100175,37.6124798
51087200153,51085321001,1,Hanover County,-77.35319382,37.62262564,Henrico County,-77.57100175,37.6124798
51087200153,51085321003,10,Hanover County,-77.3176218,37.62396679,Henrico County,-77.57100175,37.6124798
51087200153,51085321004,7,Hanover County,-77.3166095,37.6515441,Henrico County,-77.57100175,37.6124798
51087200153,51085321100,12,Hanover County,-77.38262891,37.61242252,Henrico County,-77.57100175,37.6124798
51087200153,51085321201,6,Hanover County,-77.32329616,37.5880924,Henrico County,-77.57100175,37.6124798
51087200153,51085321202,3,Hanover County,-77.34349514,37.58490558,Henrico County,-77.57100175,37.6124798
51087200153,51085321300,5,Hanover County,-77.29680248,37.59112522,Henrico County,-77.57100175,37.6124798
51087200153,51085321401,7,Hanover County,-77.25895891,37.67861465,Henrico County,-77.57100175,37.6124798
51087200153,51085321402,9,Hanover County,-77.25179057,37.60113008,Henrico County,-77.57100175,37.6124798
51087200153,51085321403,4,Hanover County,-77.17923965,37.62402478,Henrico County,-77.57100175,37.6124798
51087200201,51085320100,1,Hanover County,-77.58500006,37.88594378,Henrico County,-77.55710982,37.5942083
51087200201,51085320200,4,Hanover County,-77.68504133,37.80777585,Henrico County,-77.55710982,37.5942083
51087200201,51085320702,1,Hanover County,-77.33973544,37.72429497,Henrico County,-77.55710982,37.5942083
51087200201,51085320801,1,Hanover County,-77.43517464,37.72101115,Henrico County,-77.55710982,37.5942083
51087200201,51085320803,4,Hanover County,-77.40178469,37.67555472,Henrico County,-77.55710982,37.5942083
51087200201,51085320805,3,Hanover County,-77.42512268,37.6646678,Henrico County,-77.55710982,37.5942083
51087200201,51085320901,2,Hanover County,-77.35950464,37.65874207,Henrico County,-77.55710982,37.5942083
51087200201,51085321003,1,Hanover County,-77.3176218,37.62396679,Henrico County,-77.55710982,37.5942083
51087200201,51085321004,4,Hanover County,-77.3166095,37.6515441,Henrico County,-77.55710982,37.5942083
51087200201,51085321100,1,Hanover County,-77.38262891,37.61242252,Henrico County,-77.55710982,37.5942083
51087200201,51085321202,5,Hanover County,-77.34349514,37.58490558,Henrico County,-77.55710982,37.5942083
51087200201,51085321402,7,Hanover County,-77.25179057,37.60113008,Henrico County,-77.55710982,37.5942083
51087200201,51085321403,1,Hanover County,-77.17923965,37.62402478,Henrico County,-77.55710982,37.5942083
51087200202,51085320100,1,Hanover County,-77.58500006,37.88594378,Henrico County,-77.5436194,37.58699555
51087200202,51085320200,8,Hanover County,-77.68504133,37.80777585,Henrico County,-77.5436194,37.58699555
51087200202,51085320300,1,Hanover County,-77.6706394,37.73181814,Henrico County,-77.5436194,37.58699555
51087200202,51085320400,2,Hanover County,-77.53119038,37.72350989,Henrico County,-77.5436194,37.58699555
51087200202,51085320500,1,Hanover County,-77.52199663,37.77211832,Henrico County,-77.5436194,37.58699555
51087200202,51085320601,4,Hanover County,-77.47144709,37.77593334,Henrico County,-77.5436194,37.58699555
51087200202,51085320701,2,Hanover County,-77.40541715,37.75339045,Henrico County,-77.5436194,37.58699555
51087200202,51085320801,2,Hanover County,-77.43517464,37.72101115,Henrico County,-77.5436194,37.58699555
51087200202,51085320803,2,Hanover County,-77.40178469,37.67555472,Henrico County,-77.5436194,37.58699555
51087200202,51085320902,1,Hanover County,-77.38681578,37.63660736,Henrico County,-77.5436194,37.58699555
51087200202,51085321001,1,Hanover County,-77.35319382,37.62262564,Henrico County,-77.5436194,37.58699555
51087200202,51085321004,1,Hanover County,-77.3166095,37.6515441,Henrico County,-77.5436194,37.58699555
51087200202,51085321100,3,Hanover County,-77.38262891,37.61242252,Henrico County,-77.5436194,37.58699555
51087200202,51085321300,1,Hanover County,-77.29680248,37.59112522,Henrico County,-77.5436194,37.58699555
51087200202,51085321402,1,Hanover County,-77.25179057,37.60113008,Henrico County,-77.5436194,37.58699555
51087200202,51085321403,3,Hanover County,-77.17923965,37.62402478,Henrico County,-77.5436194,37.58699555
51087200301,51085320100,7,Hanover County,-77.58500006,37.88594378,Henrico County,-77.50257913,37.58246563
51087200301,51085320200,20,Hanover County,-77.68504133,37.80777585,Henrico County,-77.50257913,37.58246563
51087200301,51085320300,4,Hanover County,-77.6706394,37.73181814,Henrico County,-77.50257913,37.58246563
51087200301,51085320400,9,Hanover County,-77.53119038,37.72350989,Henrico County,-77.50257913,37.58246563
51087200301,51085320500,7,Hanover County,-77.52199663,37.77211832,Henrico County,-77.50257913,37.58246563
51087200301,51085320601,3,Hanover County,-77.47144709,37.77593334,Henrico County,-77.50257913,37.58246563
51087200301,51085320602,5,Hanover County,-77.47318377,37.74416695,Henrico County,-77.50257913,37.58246563
51087200301,51085320701,15,Hanover County,-77.40541715,37.75339045,Henrico County,-77.50257913,37.58246563
51087200301,51085320702,3,Hanover County,-77.33973544,37.72429497,Henrico County,-77.50257913,37.58246563
51087200301,51085320801,15,Hanover County,-77.43517464,37.72101115,Henrico County,-77.50257913,37.58246563
51087200301,51085320803,16,Hanover County,-77.40178469,37.67555472,Henrico County,-77.50257913,37.58246563
51087200301,51085320804,29,Hanover County,-77.42040307,37.68215954,Henrico County,-77.50257913,37.58246563
51087200301,51085320805,7,Hanover County,-77.42512268,37.6646678,Henrico County,-77.50257913,37.58246563
51087200301,51085320901,29,Hanover County,-77.35950464,37.65874207,Henrico County,-77.50257913,37.58246563
51087200301,51085320902,8,Hanover County,-77.38681578,37.63660736,Henrico County,-77.50257913,37.58246563
51087200301,51085321001,6,Hanover County,-77.35319382,37.62262564,Henrico County,-77.50257913,37.58246563
51087200301,51085321003,11,Hanover County,-77.3176218,37.62396679,Henrico County,-77.50257913,37.58246563
51087200301,51085321004,16,Hanover County,-77.3166095,37.6515441,Henrico County,-77.50257913,37.58246563
51087200301,51085321100,26,Hanover County,-77.38262891,37.61242252,Henrico County,-77.50257913,37.58246563
51087200301,51085321201,11,Hanover County,-77.32329616,37.5880924,Henrico County,-77.50257913,37.58246563
51087200301,51085321202,17,Hanover County,-77.34349514,37.58490558,Henrico County,-77.50257913,37.58246563
51087200301,51085321300,26,Hanover County,-77.29680248,37.59112522,Henrico County,-77.50257913,37.58246563
51087200301,51085321401,2,Hanover County,-77.25895891,37.67861465,Henrico County,-77.50257913,37.58246563
51087200301,51085321402,12,Hanover County,-77.25179057,37.60113008,Henrico County,-77.50257913,37.58246563
51087200301,51085321403,9,Hanover County,-77.17923965,37.62402478,Henrico County,-77.50257913,37.58246563
51087200302,51085320100,24,Hanover County,-77.58500006,37.88594378,Henrico County,-77.5175129,37.58983732
51087200302,51085320200,19,Hanover County,-77.68504133,37.80777585,Henrico County,-77.5175129,37.58983732
51087200302,51085320300,24,Hanover County,-77.6706394,37.73181814,Henrico County,-77.5175129,37.58983732
51087200302,51085320400,20,Hanover County,-77.53119038,37.72350989,Henrico County,-77.5175129,37.58983732
51087200302,51085320500,15,Hanover County,-77.52199663,37.77211832,Henrico County,-77.5175129,37.58983732
51087200302,51085320601,8,Hanover County,-77.47144709,37.77593334,Henrico County,-77.5175129,37.58983732
51087200302,51085320602,9,Hanover County,-77.47318377,37.74416695,Henrico County,-77.5175129,37.58983732
51087200302,51085320701,29,Hanover County,-77.40541715,37.75339045,Henrico County,-77.5175129,37.58983732
51087200302,51085320702,31,Hanover County,-77.33973544,37.72429497,Henrico County,-77.5175129,37.58983732
51087200302,51085320801,13,Hanover County,-77.43517464,37.72101115,Henrico County,-77.5175129,37.58983732
51087200302,51085320803,33,Hanover County,-77.40178469,37.67555472,Henrico County,-77.5175129,37.58983732
51087200302,51085320804,40,Hanover County,-77.42040307,37.68215954,Henrico County,-77.5175129,37.58983732
51087200302,51085320805,23,Hanover County,-77.42512268,37.6646678,Henrico County,-77.5175129,37.58983732
51087200302,51085320901,38,Hanover County,-77.35950464,37.65874207,Henrico County,-77.5175129,37.58983732
51087200302,51085320902,19,Hanover County,-77.38681578,37.63660736,Henrico County,-77.5175129,37.58983732
51087200302,51085321001,22,Hanover County,-77.35319382,37.62262564,Henrico County,-77.5175129,37.58983732
51087200302,51085321003,26,Hanover County,-77.3176218,37.62396679,Henrico County,-77.5175129,37.58983732
51087200302,51085321004,42,Hanover County,-77.3166095,37.6515441,Henrico County,-77.5175129,37.58983732
51087200302,51085321100,43,Hanover County,-77.38262891,37.61242252,Henrico County,-77.5175129,37.58983732
51087200302,51085321201,26,Hanover County,-77.32329616,37.5880924,Henrico County,-77.5175129,37.58983732
51087200302,51085321202,19,Hanover County,-77.34349514,37.58490558,Henrico County,-77.5175129,37.58983732
51087200302,51085321300,51,Hanover County,-77.29680248,37.59112522,Henrico County,-77.5175129,37.58983732
51087200302,51085321401,7,Hanover County,-77.25895891,37.67861465,Henrico County,-77.5175129,37.58983732
51087200302,51085321402,26,Hanover County,-77.25179057,37.60113008,Henrico County,-77.5175129,37.58983732
51087200302,51085321403,18,Hanover County,-77.17923965,37.62402478,Henrico County,-77.5175129,37.58983732
51087200303,51085320100,30,Hanover County,-77.58500006,37.88594378,Henrico County,-77.52659472,37.60165473
51087200303,51085320200,30,Hanover County,-77.68504133,37.80777585,Henrico County,-77.52659472,37.60165473
51087200303,51085320300,29,Hanover County,-77.6706394,37.73181814,Henrico County,-77.52659472,37.60165473
51087200303,51085320400,23,Hanover County,-77.53119038,37.72350989,Henrico County,-77.52659472,37.60165473
51087200303,51085320500,11,Hanover County,-77.52199663,37.77211832,Henrico County,-77.52659472,37.60165473
51087200303,51085320601,12,Hanover County,-77.47144709,37.77593334,Henrico County,-77.52659472,37.60165473
51087200303,51085320602,13,Hanover County,-77.47318377,37.74416695,Henrico County,-77.52659472,37.60165473
51087200303,51085320701,30,Hanover County,-77.40541715,37.75339045,Henrico County,-77.52659472,37.60165473
51087200303,51085320702,26,Hanover County,-77.33973544,37.72429497,Henrico County,-77.52659472,37.60165473
51087200303,51085320801,15,Hanover County,-77.43517464,37.72101115,Henrico County,-77.52659472,37.60165473
51087200303,51085320803,56,Hanover County,-77.40178469,37.67555472,Henrico County,-77.52659472,37.60165473
51087200303,51085320804,45,Hanover County,-77.42040307,37.68215954,Henrico County,-77.52659472,37.60165473
51087200303,51085320805,17,Hanover County,-77.42512268,37.6646678,Henrico County,-77.52659472,37.60165473
51087200303,51085320901,42,Hanover County,-77.35950464,37.65874207,Henrico County,-77.52659472,37.60165473
51087200303,51085320902,29,Hanover County,-77.38681578,37.63660736,Henrico County,-77.52659472,37.60165473
51087200303,51085321001,19,Hanover County,-77.35319382,37.62262564,Henrico County,-77.52659472,37.60165473
51087200303,51085321003,13,Hanover County,-77.3176218,37.62396679,Henrico County,-77.52659472,37.60165473
51087200303,51085321004,27,Hanover County,-77.3166095,37.6515441,Henrico County,-77.52659472,37.60165473
51087200303,51085321100,19,Hanover County,-77.38262891,37.61242252,Henrico County,-77.52659472,37.60165473
51087200303,51085321201,20,Hanover County,-77.32329616,37.5880924,Henrico County,-77.52659472,37.60165473
51087200303,51085321202,9,Hanover County,-77.34349514,37.58490558,Henrico County,-77.52659472,37.60165473
51087200303,51085321300,48,Hanover County,-77.29680248,37.59112522,Henrico County,-77.52659472,37.60165473
51087200303,51085321401,9,Hanover County,-77.25895891,37.67861465,Henrico County,-77.52659472,37.60165473
51087200303,51085321402,20,Hanover County,-77.25179057,37.60113008,Henrico County,-77.52659472,37.60165473
51087200303,51085321403,22,Hanover County,-77.17923965,37.62402478,Henrico County,-77.52659472,37.60165473
51087200305,51085320100,10,Hanover County,-77.58500006,37.88594378,Henrico County,-77.53402557,37.61864238
51087200305,51085320200,20,Hanover County,-77.68504133,37.80777585,Henrico County,-77.53402557,37.61864238
51087200305,51085320300,9,Hanover County,-77.6706394,37.73181814,Henrico County,-77.53402557,37.61864238
51087200305,51085320400,8,Hanover County,-77.53119038,37.72350989,Henrico County,-77.53402557,37.61864238
51087200305,51085320500,6,Hanover County,-77.52199663,37.77211832,Henrico County,-77.53402557,37.61864238
51087200305,51085320601,5,Hanover County,-77.47144709,37.77593334,Henrico County,-77.53402557,37.61864238
51087200305,51085320602,3,Hanover County,-77.47318377,37.74416695,Henrico County,-77.53402557,37.61864238
51087200305,51085320701,14,Hanover County,-77.40541715,37.75339045,Henrico County,-77.53402557,37.61864238
51087200305,51085320702,7,Hanover County,-77.33973544,37.72429497,Henrico County,-77.53402557,37.61864238
51087200305,51085320801,6,Hanover County,-77.43517464,37.72101115,Henrico County,-77.53402557,37.61864238
51087200305,51085320803,20,Hanover County,-77.40178469,37.67555472,Henrico County,-77.53402557,37.61864238
51087200305,51085320804,18,Hanover County,-77.42040307,37.68215954,Henrico County,-77.53402557,37.61864238
51087200305,51085320805,10,Hanover County,-77.42512268,37.6646678,Henrico County,-77.53402557,37.61864238
51087200305,51085320901,15,Hanover County,-77.35950464,37.65874207,Henrico County,-77.53402557,37.61864238
51087200305,51085320902,6,Hanover County,-77.38681578,37.63660736,Henrico County,-77.53402557,37.61864238
51087200305,51085321001,10,Hanover County,-77.35319382,37.62262564,Henrico County,-77.53402557,37.61864238
51087200305,51085321003,4,Hanover County,-77.3176218,37.62396679,Henrico County,-77.53402557,37.61864238
51087200305,51085321004,7,Hanover County,-77.3166095,37.6515441,Henrico County,-77.53402557,37.61864238
51087200305,51085321100,15,Hanover County,-77.38262891,37.61242252,Henrico County,-77.53402557,37.61864238
51087200305,51085321201,12,Hanover County,-77.32329616,37.5880924,Henrico County,-77.53402557,37.61864238
51087200305,51085321202,10,Hanover County,-77.34349514,37.58490558,Henrico County,-77.53402557,37.61864238
51087200305,51085321300,11,Hanover County,-77.29680248,37.59112522,Henrico County,-77.53402557,37.61864238
51087200305,51085321401,4,Hanover County,-77.25895891,37.67861465,Henrico County,-77.53402557,37.61864238
51087200305,51085321402,12,Hanover County,-77.25179057,37.60113008,Henrico County,-77.53402557,37.61864238
51087200305,51085321403,6,Hanover County,-77.17923965,37.62402478,Henrico County,-77.53402557,37.61864238
51087200404,51085320100,3,Hanover County,-77.58500006,37.88594378,Henrico County,-77.50273764,37.60703991
51087200404,51085320200,3,Hanover County,-77.68504133,37.80777585,Henrico County,-77.50273764,37.60703991
51087200404,51085320300,5,Hanover County,-77.6706394,37.73181814,Henrico County,-77.50273764,37.60703991
51087200404,51085320400,12,Hanover County,-77.53119038,37.72350989,Henrico County,-77.50273764,37.60703991
51087200404,51085320500,2,Hanover County,-77.52199663,37.77211832,Henrico County,-77.50273764,37.60703991
51087200404,51085320601,9,Hanover County,-77.47144709,37.77593334,Henrico County,-77.50273764,37.60703991
51087200404,51085320602,9,Hanover County,-77.47318377,37.74416695,Henrico County,-77.50273764,37.60703991
51087200404,51085320701,4,Hanover County,-77.40541715,37.75339045,Henrico County,-77.50273764,37.60703991
51087200404,51085320702,6,Hanover County,-77.33973544,37.72429497,Henrico County,-77.50273764,37.60703991
51087200404,51085320801,8,Hanover County,-77.43517464,37.72101115,Henrico County,-77.50273764,37.60703991
51087200404,51085320803,15,Hanover County,-77.40178469,37.67555472,Henrico County,-77.50273764,37.60703991
51087200404,51085320804,15,Hanover County,-77.42040307,37.68215954,Henrico County,-77.50273764,37.60703991
51087200404,51085320805,6,Hanover County,-77.42512268,37.6646678,Henrico County,-77.50273764,37.60703991
51087200404,51085320901,9,Hanover County,-77.35950464,37.65874207,Henrico County,-77.50273764,37.60703991
51087200404,51085320902,4,Hanover County,-77.38681578,37.63660736,Henrico County,-77.50273764,37.60703991
51087200404,51085321001,11,Hanover County,-77.35319382,37.62262564,Henrico County,-77.50273764,37.60703991
51087200404,51085321003,4,Hanover County,-77.3176218,37.62396679,Henrico County,-77.50273764,37.60703991
51087200404,51085321004,15,Hanover County,-77.3166095,37.6515441,Henrico County,-77.50273764,37.60703991
51087200404,51085321100,13,Hanover County,-77.38262891,37.61242252,Henrico County,-77.50273764,37.60703991
51087200404,51085321201,6,Hanover County,-77.32329616,37.5880924,Henrico County,-77.50273764,37.60703991
51087200404,51085321202,4,Hanover County,-77.34349514,37.58490558,Henrico County,-77.50273764,37.60703991
51087200404,51085321300,4,Hanover County,-77.29680248,37.59112522,Henrico County,-77.50273764,37.60703991
51087200404,51085321401,3,Hanover County,-77.25895891,37.67861465,Henrico County,-77.50273764,37.60703991
51087200404,51085321402,2,Hanover County,-77.25179057,37.60113008,Henrico County,-77.50273764,37.60703991
51087200404,51085321403,1,Hanover County,-77.17923965,37.62402478,Henrico County,-77.50273764,37.60703991
51087200407,51085320100,9,Hanover County,-77.58500006,37.88594378,Henrico County,-77.54576825,37.64290272
51087200407,51085320200,18,Hanover County,-77.68504133,37.80777585,Henrico County,-77.54576825,37.64290272
51087200407,51085320300,7,Hanover County,-77.6706394,37.73181814,Henrico County,-77.54576825,37.64290272
51087200407,51085320400,5,Hanover County,-77.53119038,37.72350989,Henrico County,-77.54576825,37.64290272
51087200407,51085320500,4,Hanover County,-77.52199663,37.77211832,Henrico County,-77.54576825,37.64290272
51087200407,51085320601,11,Hanover County,-77.47144709,37.77593334,Henrico County,-77.54576825,37.64290272
51087200407,51085320602,4,Hanover County,-77.47318377,37.74416695,Henrico County,-77.54576825,37.64290272
51087200407,51085320701,3,Hanover County,-77.40541715,37.75339045,Henrico County,-77.54576825,37.64290272
51087200407,51085320702,2,Hanover County,-77.33973544,37.72429497,Henrico County,-77.54576825,37.64290272
51087200407,51085320801,14,Hanover County,-77.43517464,37.72101115,Henrico County,-77.54576825,37.64290272
51087200407,51085320803,12,Hanover County,-77.40178469,37.67555472,Henrico County,-77.54576825,37.64290272
51087200407,51085320804,9,Hanover County,-77.42040307,37.68215954,Henrico County,-77.54576825,37.64290272
51087200407,51085320805,7,Hanover County,-77.42512268,37.6646678,Henrico County,-77.54576825,37.64290272
51087200407,51085320901,5,Hanover County,-77.35950464,37.65874207,Henrico County,-77.54576825,37.64290272
51087200407,51085320902,2,Hanover County,-77.38681578,37.63660736,Henrico County,-77.54576825,37.64290272
51087200407,51085321001,3,Hanover County,-77.35319382,37.62262564,Henrico County,-77.54576825,37.64290272
51087200407,51085321003,4,Hanover County,-77.3176218,37.62396679,Henrico County,-77.54576825,37.64290272
51087200407,51085321004,11,Hanover County,-77.3166095,37.6515441,Henrico County,-77.54576825,37.64290272
51087200407,51085321100,4,Hanover County,-77.38262891,37.61242252,Henrico County,-77.54576825,37.64290272
51087200407,51085321201,10,Hanover County,-77.32329616,37.5880924,Henrico County,-77.54576825,37.64290272
51087200407,51085321202,4,Hanover County,-77.34349514,37.58490558,Henrico County,-77.54576825,37.64290272
51087200407,51085321300,11,Hanover County,-77.29680248,37.59112522,Henrico County,-77.54576825,37.64290272
51087200407,51085321401,4,Hanover County,-77.25895891,37.67861465,Henrico County,-77.54576825,37.64290272
51087200407,51085321402,1,Hanover County,-77.25179057,37.60113008,Henrico County,-77.54576825,37.64290272
51087200407,51085321403,3,Hanover County,-77.17923965,37.62402478,Henrico County,-77.54576825,37.64290272
51087200409,51085320100,30,Hanover County,-77.58500006,37.88594378,Henrico County,-77.51825817,37.62639342
51087200409,51085320200,39,Hanover County,-77.68504133,37.80777585,Henrico County,-77.51825817,37.62639342
51087200409,51085320300,24,Hanover County,-77.6706394,37.73181814,Henrico County,-77.51825817,37.62639342
51087200409,51085320400,26,Hanover County,-77.53119038,37.72350989,Henrico County,-77.51825817,37.62639342
51087200409,51085320500,15,Hanover County,-77.52199663,37.77211832,Henrico County,-77.51825817,37.62639342
51087200409,51085320601,11,Hanover County,-77.47144709,37.77593334,Henrico County,-77.51825817,37.62639342
51087200409,51085320602,6,Hanover County,-77.47318377,37.74416695,Henrico County,-77.51825817,37.62639342
51087200409,51085320701,27,Hanover County,-77.40541715,37.75339045,Henrico County,-77.51825817,37.62639342
51087200409,51085320702,17,Hanover County,-77.33973544,37.72429497,Henrico County,-77.51825817,37.62639342
51087200409,51085320801,9,Hanover County,-77.43517464,37.72101115,Henrico County,-77.51825817,37.62639342
51087200409,51085320803,41,Hanover County,-77.40178469,37.67555472,Henrico County,-77.51825817,37.62639342
51087200409,51085320804,26,Hanover County,-77.42040307,37.68215954,Henrico County,-77.51825817,37.62639342
51087200409,51085320805,21,Hanover County,-77.42512268,37.6646678,Henrico County,-77.51825817,37.62639342
51087200409,51085320901,34,Hanover County,-77.35950464,37.65874207,Henrico County,-77.51825817,37.62639342
51087200409,51085320902,17,Hanover County,-77.38681578,37.63660736,Henrico County,-77.51825817,37.62639342
51087200409,51085321001,8,Hanover County,-77.35319382,37.62262564,Henrico County,-77.51825817,37.62639342
51087200409,51085321003,16,Hanover County,-77.3176218,37.62396679,Henrico County,-77.51825817,37.62639342
51087200409,51085321004,27,Hanover County,-77.3166095,37.6515441,Henrico County,-77.51825817,37.62639342
51087200409,51085321100,33,Hanover County,-77.38262891,37.61242252,Henrico County,-77.51825817,37.62639342
51087200409,51085321201,30,Hanover County,-77.32329616,37.5880924,Henrico County,-77.51825817,37.62639342
51087200409,51085321202,18,Hanover County,-77.34349514,37.58490558,Henrico County,-77.51825817,37.62639342
51087200409,51085321300,28,Hanover County,-77.29680248,37.59112522,Henrico County,-77.51825817,37.62639342
51087200409,51085321401,11,Hanover County,-77.25895891,37.67861465,Henrico County,-77.51825817,37.62639342
51087200409,51085321402,19,Hanover County,-77.25179057,37.60113008,Henrico County,-77.51825817,37.62639342
51087200409,51085321403,18,Hanover County,-77.17923965,37.62402478,Henrico County,-77.51825817,37.62639342
51087200411,51085320100,4,Hanover County,-77.58500006,37.88594378,Henrico County,-77.52773459,37.63924298
51087200411,51085320300,3,Hanover County,-77.6706394,37.73181814,Henrico County,-77.52773459,37.63924298
51087200411,51085320701,2,Hanover County,-77.40541715,37.75339045,Henrico County,-77.52773459,37.63924298
51087200411,51085320702,1,Hanover County,-77.33973544,37.72429497,Henrico County,-77.52773459,37.63924298
51087200411,51085320803,2,Hanover County,-77.40178469,37.67555472,Henrico County,-77.52773459,37.63924298
51087200411,51085320804,2,Hanover County,-77.42040307,37.68215954,Henrico County,-77.52773459,37.63924298
51087200411,51085320805,1,Hanover County,-77.42512268,37.6646678,Henrico County,-77.52773459,37.63924298
51087200411,51085320901,1,Hanover County,-77.35950464,37.65874207,Henrico County,-77.52773459,37.63924298
51087200411,51085320902,1,Hanover County,-77.38681578,37.63660736,Henrico County,-77.52773459,37.63924298
51087200411,51085321003,1,Hanover County,-77.3176218,37.62396679,Henrico County,-77.52773459,37.63924298
51087200411,51085321100,6,Hanover County,-77.38262891,37.61242252,Henrico County,-77.52773459,37.63924298
51087200411,51085321201,2,Hanover County,-77.32329616,37.5880924,Henrico County,-77.52773459,37.63924298
51087200411,51085321202,2,Hanover County,-77.34349514,37.58490558,Henrico County,-77.52773459,37.63924298
51087200412,51085320100,3,Hanover County,-77.58500006,37.88594378,Henrico County,-77.51814096,37.63357193
51087200412,51085320200,8,Hanover County,-77.68504133,37.80777585,Henrico County,-77.51814096,37.63357193
51087200412,51085320300,4,Hanover County,-77.6706394,37.73181814,Henrico County,-77.51814096,37.63357193
51087200412,51085320400,10,Hanover County,-77.53119038,37.72350989,Henrico County,-77.51814096,37.63357193
51087200412,51085320500,5,Hanover County,-77.52199663,37.77211832,Henrico County,-77.51814096,37.63357193
51087200412,51085320601,2,Hanover County,-77.47144709,37.77593334,Henrico County,-77.51814096,37.63357193
51087200412,51085320602,2,Hanover County,-77.47318377,37.74416695,Henrico County,-77.51814096,37.63357193
51087200412,51085320701,6,Hanover County,-77.40541715,37.75339045,Henrico County,-77.51814096,37.63357193
51087200412,51085320702,1,Hanover County,-77.33973544,37.72429497,Henrico County,-77.51814096,37.63357193
51087200412,51085320801,1,Hanover County,-77.43517464,37.72101115,Henrico County,-77.51814096,37.63357193
51087200412,51085320803,8,Hanover County,-77.40178469,37.67555472,Henrico County,-77.51814096,37.63357193
51087200412,51085320804,7,Hanover County,-77.42040307,37.68215954,Henrico County,-77.51814096,37.63357193
51087200412,51085320805,3,Hanover County,-77.42512268,37.6646678,Henrico County,-77.51814096,37.63357193
51087200412,51085320901,6,Hanover County,-77.35950464,37.65874207,Henrico County,-77.51814096,37.63357193
51087200412,51085320902,4,Hanover County,-77.38681578,37.63660736,Henrico County,-77.51814096,37.63357193
51087200412,51085321001,3,Hanover County,-77.35319382,37.62262564,Henrico County,-77.51814096,37.63357193
51087200412,51085321003,2,Hanover County,-77.3176218,37.62396679,Henrico County,-77.51814096,37.63357193
51087200412,51085321004,2,Hanover County,-77.3166095,37.6515441,Henrico County,-77.51814096,37.63357193
51087200412,51085321100,4,Hanover County,-77.38262891,37.61242252,Henrico County,-77.51814096,37.63357193
51087200412,51085321201,6,Hanover County,-77.32329616,37.5880924,Henrico County,-77.51814096,37.63357193
51087200412,51085321202,1,Hanover County,-77.34349514,37.58490558,Henrico County,-77.51814096,37.63357193
51087200412,51085321300,4,Hanover County,-77.29680248,37.59112522,Henrico County,-77.51814096,37.63357193
51087200412,51085321401,1,Hanover County,-77.25895891,37.67861465,Henrico County,-77.51814096,37.63357193
51087200412,51085321402,4,Hanover County,-77.25179057,37.60113008,Henrico County,-77.51814096,37.63357193
51087200413,51085320100,3,Hanover County,-77.58500006,37.88594378,Henrico County,-77.53430458,37.6575813
51087200413,51085320200,1,Hanover County,-77.68504133,37.80777585,Henrico County,-77.53430458,37.6575813
51087200413,51085320300,1,Hanover County,-77.6706394,37.73181814,Henrico County,-77.53430458,37.6575813
51087200413,51085320400,1,Hanover County,-77.53119038,37.72350989,Henrico County,-77.53430458,37.6575813
51087200413,51085320601,3,Hanover County,-77.47144709,37.77593334,Henrico County,-77.53430458,37.6575813
51087200413,51085320701,1,Hanover County,-77.40541715,37.75339045,Henrico County,-77.53430458,37.6575813
51087200413,51085320702,1,Hanover County,-77.33973544,37.72429497,Henrico County,-77.53430458,37.6575813
51087200413,51085320801,2,Hanover County,-77.43517464,37.72101115,Henrico County,-77.53430458,37.6575813
51087200413,51085320805,1,Hanover County,-77.42512268,37.6646678,Henrico County,-77.53430458,37.6575813
51087200413,51085320901,1,Hanover County,-77.35950464,37.65874207,Henrico County,-77.53430458,37.6575813
51087200413,51085320902,1,Hanover County,-77.38681578,37.63660736,Henrico County,-77.53430458,37.6575813
51087200413,51085321001,2,Hanover County,-77.35319382,37.62262564,Henrico County,-77.53430458,37.6575813
51087200413,51085321003,5,Hanover County,-77.3176218,37.62396679,Henrico County,-77.53430458,37.6575813
51087200413,51085321004,3,Hanover County,-77.3166095,37.6515441,Henrico County,-77.53430458,37.6575813
51087200413,51085321100,5,Hanover County,-77.38262891,37.61242252,Henrico County,-77.53430458,37.6575813
51087200413,51085321201,4,Hanover County,-77.32329616,37.5880924,Henrico County,-77.53430458,37.6575813
51087200413,51085321202,5,Hanover County,-77.34349514,37.58490558,Henrico County,-77.53430458,37.6575813
51087200413,51085321300,2,Hanover County,-77.29680248,37.59112522,Henrico County,-77.53430458,37.6575813
51087200413,51085321401,5,Hanover County,-77.25895891,37.67861465,Henrico County,-77.53430458,37.6575813
51087200413,51085321402,2,Hanover County,-77.25179057,37.60113008,Henrico County,-77.53430458,37.6575813
51087200413,51085321403,3,Hanover County,-77.17923965,37.62402478,Henrico County,-77.53430458,37.6575813
51087200414,51085320300,2,Hanover County,-77.6706394,37.73181814,Henrico County,-77.55239917,37.66159884
51087200414,51085320400,1,Hanover County,-77.53119038,37.72350989,Henrico County,-77.55239917,37.66159884
51087200414,51085320500,3,Hanover County,-77.52199663,37.77211832,Henrico County,-77.55239917,37.66159884
51087200414,51085320602,1,Hanover County,-77.47318377,37.74416695,Henrico County,-77.55239917,37.66159884
51087200414,51085320901,1,Hanover County,-77.35950464,37.65874207,Henrico County,-77.55239917,37.66159884
51087200415,51085320100,1,Hanover County,-77.58500006,37.88594378,Henrico County,-77.51746876,37.68940593
51087200415,51085320400,3,Hanover County,-77.53119038,37.72350989,Henrico County,-77.51746876,37.68940593
51087200415,51085320601,2,Hanover County,-77.47144709,37.77593334,Henrico County,-77.51746876,37.68940593
51087200415,51085320701,4,Hanover County,-77.40541715,37.75339045,Henrico County,-77.51746876,37.68940593
51087200415,51085320702,1,Hanover County,-77.33973544,37.72429497,Henrico County,-77.51746876,37.68940593
51087200415,51085320804,1,Hanover County,-77.42040307,37.68215954,Henrico County,-77.51746876,37.68940593
51087200415,51085320901,5,Hanover County,-77.35950464,37.65874207,Henrico County,-77.51746876,37.68940593
51087200415,51085321001,5,Hanover County,-77.35319382,37.62262564,Henrico County,-77.51746876,37.68940593
51087200415,51085321003,1,Hanover County,-77.3176218,37.62396679,Henrico County,-77.51746876,37.68940593
51087200415,51085321100,11,Hanover County,-77.38262891,37.61242252,Henrico County,-77.51746876,37.68940593
51087200415,51085321401,2,Hanover County,-77.25895891,37.67861465,Henrico County,-77.51746876,37.68940593
51087200416,51085320200,2,Hanover County,-77.68504133,37.80777585,Henrico County,-77.51857493,37.66649495
51087200416,51085320300,6,Hanover County,-77.6706394,37.73181814,Henrico County,-77.51857493,37.66649495
51087200416,51085320400,1,Hanover County,-77.53119038,37.72350989,Henrico County,-77.51857493,37.66649495
51087200416,51085320601,2,Hanover County,-77.47144709,37.77593334,Henrico County,-77.51857493,37.66649495
51087200416,51085320602,2,Hanover County,-77.47318377,37.74416695,Henrico County,-77.51857493,37.66649495
51087200416,51085320701,2,Hanover County,-77.40541715,37.75339045,Henrico County,-77.51857493,37.66649495
51087200416,51085320803,1,Hanover County,-77.40178469,37.67555472,Henrico County,-77.51857493,37.66649495
51087200416,51085320804,1,Hanover County,-77.42040307,37.68215954,Henrico County,-77.51857493,37.66649495
51087200416,51085320805,5,Hanover County,-77.42512268,37.6646678,Henrico County,-77.51857493,37.66649495
51087200416,51085320901,3,Hanover County,-77.35950464,37.65874207,Henrico County,-77.51857493,37.66649495
51087200416,51085320902,1,Hanover County,-77.38681578,37.63660736,Henrico County,-77.51857493,37.66649495
51087200416,51085321003,4,Hanover County,-77.3176218,37.62396679,Henrico County,-77.51857493,37.66649495
51087200416,51085321004,1,Hanover County,-77.3166095,37.6515441,Henrico County,-77.51857493,37.66649495
51087200416,51085321201,1,Hanover County,-77.32329616,37.5880924,Henrico County,-77.51857493,37.66649495
51087200416,51085321202,2,Hanover County,-77.34349514,37.58490558,Henrico County,-77.51857493,37.66649495
51087200416,51085321300,5,Hanover County,-77.29680248,37.59112522,Henrico County,-77.51857493,37.66649495
51087200416,51085321401,2,Hanover County,-77.25895891,37.67861465,Henrico County,-77.51857493,37.66649495
51087200416,51085321402,7,Hanover County,-77.25179057,37.60113008,Henrico County,-77.51857493,37.66649495
51087200417,51085320100,4,Hanover County,-77.58500006,37.88594378,Henrico County,-77.50921201,37.61422594
51087200417,51085320200,4,Hanover County,-77.68504133,37.80777585,Henrico County,-77.50921201,37.61422594
51087200417,51085320300,3,Hanover County,-77.6706394,37.73181814,Henrico County,-77.50921201,37.61422594
51087200417,51085320400,5,Hanover County,-77.53119038,37.72350989,Henrico County,-77.50921201,37.61422594
51087200417,51085320500,2,Hanover County,-77.52199663,37.77211832,Henrico County,-77.50921201,37.61422594
51087200417,51085320601,6,Hanover County,-77.47144709,37.77593334,Henrico County,-77.50921201,37.61422594
51087200417,51085320701,2,Hanover County,-77.40541715,37.75339045,Henrico County,-77.50921201,37.61422594
51087200417,51085320702,1,Hanover County,-77.33973544,37.72429497,Henrico County,-77.50921201,37.61422594
51087200417,51085320801,3,Hanover County,-77.43517464,37.72101115,Henrico County,-77.50921201,37.61422594
51087200417,51085320803,5,Hanover County,-77.40178469,37.67555472,Henrico County,-77.50921201,37.61422594
51087200417,51085320805,2,Hanover County,-77.42512268,37.6646678,Henrico County,-77.50921201,37.61422594
51087200417,51085320902,1,Hanover County,-77.38681578,37.63660736,Henrico County,-77.50921201,37.61422594
51087200417,51085321001,2,Hanover County,-77.35319382,37.62262564,Henrico County,-77.50921201,37.61422594
51087200417,51085321003,2,Hanover County,-77.3176218,37.62396679,Henrico County,-77.50921201,37.61422594
51087200417,51085321004,8,Hanover County,-77.3166095,37.6515441,Henrico County,-77.50921201,37.61422594
51087200417,51085321100,2,Hanover County,-77.38262891,37.61242252,Henrico County,-77.50921201,37.61422594
51087200417,51085321201,5,Hanover County,-77.32329616,37.5880924,Henrico County,-77.50921201,37.61422594
51087200417,51085321202,2,Hanover County,-77.34349514,37.58490558,Henrico County,-77.50921201,37.61422594
51087200417,51085321300,1,Hanover County,-77.29680248,37.59112522,Henrico County,-77.50921201,37.61422594
51087200418,51085320100,5,Hanover County,-77.58500006,37.88594378,Henrico County,-77.51315144,37.61902476
51087200418,51085320200,5,Hanover County,-77.68504133,37.80777585,Henrico County,-77.51315144,37.61902476
51087200418,51085320300,3,Hanover County,-77.6706394,37.73181814,Henrico County,-77.51315144,37.61902476
51087200418,51085320400,2,Hanover County,-77.53119038,37.72350989,Henrico County,-77.51315144,37.61902476
51087200418,51085320500,1,Hanover County,-77.52199663,37.77211832,Henrico County,-77.51315144,37.61902476
51087200418,51085320601,1,Hanover County,-77.47144709,37.77593334,Henrico County,-77.51315144,37.61902476
51087200418,51085320602,1,Hanover County,-77.47318377,37.74416695,Henrico County,-77.51315144,37.61902476
51087200418,51085320701,4,Hanover County,-77.40541715,37.75339045,Henrico County,-77.51315144,37.61902476
51087200418,51085320702,1,Hanover County,-77.33973544,37.72429497,Henrico County,-77.51315144,37.61902476
51087200418,51085320801,2,Hanover County,-77.43517464,37.72101115,Henrico County,-77.51315144,37.61902476
51087200418,51085320803,5,Hanover County,-77.40178469,37.67555472,Henrico County,-77.51315144,37.61902476
51087200418,51085320804,2,Hanover County,-77.42040307,37.68215954,Henrico County,-77.51315144,37.61902476
51087200418,51085320805,1,Hanover County,-77.42512268,37.6646678,Henrico County,-77.51315144,37.61902476
51087200418,51085320901,7,Hanover County,-77.35950464,37.65874207,Henrico County,-77.51315144,37.61902476
51087200418,51085320902,1,Hanover County,-77.38681578,37.63660736,Henrico County,-77.51315144,37.61902476
51087200418,51085321001,5,Hanover County,-77.35319382,37.62262564,Henrico County,-77.51315144,37.61902476
51087200418,51085321003,2,Hanover County,-77.3176218,37.62396679,Henrico County,-77.51315144,37.61902476
51087200418,51085321004,2,Hanover County,-77.3166095,37.6515441,Henrico County,-77.51315144,37.61902476
51087200418,51085321100,1,Hanover County,-77.38262891,37.61242252,Henrico County,-77.51315144,37.61902476
51087200418,51085321201,2,Hanover County,-77.32329616,37.5880924,Henrico County,-77.51315144,37.61902476
51087200418,51085321300,2,Hanover County,-77.29680248,37.59112522,Henrico County,-77.51315144,37.61902476
51087200418,51085321401,2,Hanover County,-77.25895891,37.67861465,Henrico County,-77.51315144,37.61902476
51087200418,51085321403,1,Hanover County,-77.17923965,37.62402478,Henrico County,-77.51315144,37.61902476
51087200501,51085320100,23,Hanover County,-77.58500006,37.88594378,Henrico County,-77.50228344,37.59564632
51087200501,51085320200,32,Hanover County,-77.68504133,37.80777585,Henrico County,-77.50228344,37.59564632
51087200501,51085320300,31,Hanover County,-77.6706394,37.73181814,Henrico County,-77.50228344,37.59564632
51087200501,51085320400,37,Hanover County,-77.53119038,37.72350989,Henrico County,-77.50228344,37.59564632
51087200501,51085320500,15,Hanover County,-77.52199663,37.77211832,Henrico County,-77.50228344,37.59564632
51087200501,51085320601,19,Hanover County,-77.47144709,37.77593334,Henrico County,-77.50228344,37.59564632
51087200501,51085320602,13,Hanover County,-77.47318377,37.74416695,Henrico County,-77.50228344,37.59564632
51087200501,51085320701,11,Hanover County,-77.40541715,37.75339045,Henrico County,-77.50228344,37.59564632
51087200501,51085320702,11,Hanover County,-77.33973544,37.72429497,Henrico County,-77.50228344,37.59564632
51087200501,51085320801,26,Hanover County,-77.43517464,37.72101115,Henrico County,-77.50228344,37.59564632
51087200501,51085320803,28,Hanover County,-77.40178469,37.67555472,Henrico County,-77.50228344,37.59564632
51087200501,51085320804,30,Hanover County,-77.42040307,37.68215954,Henrico County,-77.50228344,37.59564632
51087200501,51085320805,21,Hanover County,-77.42512268,37.6646678,Henrico County,-77.50228344,37.59564632
51087200501,51085320901,33,Hanover County,-77.35950464,37.65874207,Henrico County,-77.50228344,37.59564632
51087200501,51085320902,10,Hanover County,-77.38681578,37.63660736,Henrico County,-77.50228344,37.59564632
51087200501,51085321001,27,Hanover County,-77.35319382,37.62262564,Henrico County,-77.50228344,37.59564632
51087200501,51085321003,16,Hanover County,-77.3176218,37.62396679,Henrico County,-77.50228344,37.59564632
51087200501,51085321004,30,Hanover County,-77.3166095,37.6515441,Henrico County,-77.50228344,37.59564632
51087200501,51085321100,30,Hanover County,-77.38262891,37.61242252,Henrico County,-77.50228344,37.59564632
51087200501,51085321201,22,Hanover County,-77.32329616,37.5880924,Henrico County,-77.50228344,37.59564632
51087200501,51085321202,16,Hanover County,-77.34349514,37.58490558,Henrico County,-77.50228344,37.59564632
51087200501,51085321300,37,Hanover County,-77.29680248,37.59112522,Henrico County,-77.50228344,37.59564632
51087200501,51085321401,12,Hanover County,-77.25895891,37.67861465,Henrico County,-77.50228344,37.59564632
51087200501,51085321402,15,Hanover County,-77.25179057,37.60113008,Henrico County,-77.50228344,37.59564632
51087200501,51085321403,11,Hanover County,-77.17923965,37.62402478,Henrico County,-77.50228344,37.59564632
51087200502,51085320100,27,Hanover County,-77.58500006,37.88594378,Henrico County,-77.48519758,37.59358062
51087200502,51085320200,35,Hanover County,-77.68504133,37.80777585,Henrico County,-77.48519758,37.59358062
51087200502,51085320300,48,Hanover County,-77.6706394,37.73181814,Henrico County,-77.48519758,37.59358062
51087200502,51085320400,45,Hanover County,-77.53119038,37.72350989,Henrico County,-77.48519758,37.59358062
51087200502,51085320500,28,Hanover County,-77.52199663,37.77211832,Henrico County,-77.48519758,37.59358062
51087200502,51085320601,17,Hanover County,-77.47144709,37.77593334,Henrico County,-77.48519758,37.59358062
51087200502,51085320602,4,Hanover County,-77.47318377,37.74416695,Henrico County,-77.48519758,37.59358062
51087200502,51085320701,42,Hanover County,-77.40541715,37.75339045,Henrico County,-77.48519758,37.59358062
51087200502,51085320702,26,Hanover County,-77.33973544,37.72429497,Henrico County,-77.48519758,37.59358062
51087200502,51085320801,19,Hanover County,-77.43517464,37.72101115,Henrico County,-77.48519758,37.59358062
51087200502,51085320803,55,Hanover County,-77.40178469,37.67555472,Henrico County,-77.48519758,37.59358062
51087200502,51085320804,38,Hanover County,-77.42040307,37.68215954,Henrico County,-77.48519758,37.59358062
51087200502,51085320805,35,Hanover County,-77.42512268,37.6646678,Henrico County,-77.48519758,37.59358062
51087200502,51085320901,56,Hanover County,-77.35950464,37.65874207,Henrico County,-77.48519758,37.59358062
51087200502,51085320902,22,Hanover County,-77.38681578,37.63660736,Henrico County,-77.48519758,37.59358062
51087200502,51085321001,28,Hanover County,-77.35319382,37.62262564,Henrico County,-77.48519758,37.59358062
51087200502,51085321003,27,Hanover County,-77.3176218,37.62396679,Henrico County,-77.48519758,37.59358062
51087200502,51085321004,39,Hanover County,-77.3166095,37.6515441,Henrico County,-77.48519758,37.59358062
51087200502,51085321100,55,Hanover County,-77.38262891,37.61242252,Henrico County,-77.48519758,37.59358062
51087200502,51085321201,51,Hanover County,-77.32329616,37.5880924,Henrico County,-77.48519758,37.59358062
51087200502,51085321202,33,Hanover County,-77.34349514,37.58490558,Henrico County,-77.48519758,37.59358062
51087200502,51085321300,63,Hanover County,-77.29680248,37.59112522,Henrico County,-77.48519758,37.59358062
51087200502,51085321401,6,Hanover County,-77.25895891,37.67861465,Henrico County,-77.48519758,37.59358062
51087200502,51085321402,37,Hanover County,-77.25179057,37.60113008,Henrico County,-77.48519758,37.59358062
51087200502,51085321403,13,Hanover County,-77.17923965,37.62402478,Henrico County,-77.48519758,37.59358062
51087200503,51085320100,24,Hanover County,-77.58500006,37.88594378,Henrico County,-77.49654127,37.63008676
51087200503,51085320200,25,Hanover County,-77.68504133,37.80777585,Henrico County,-77.49654127,37.63008676
51087200503,51085320300,23,Hanover County,-77.6706394,37.73181814,Henrico County,-77.49654127,37.63008676
51087200503,51085320400,27,Hanover County,-77.53119038,37.72350989,Henrico County,-77.49654127,37.63008676
51087200503,51085320500,16,Hanover County,-77.52199663,37.77211832,Henrico County,-77.49654127,37.63008676
51087200503,51085320601,22,Hanover County,-77.47144709,37.77593334,Henrico County,-77.49654127,37.63008676
51087200503,51085320602,9,Hanover County,-77.47318377,37.74416695,Henrico County,-77.49654127,37.63008676
51087200503,51085320701,30,Hanover County,-77.40541715,37.75339045,Henrico County,-77.49654127,37.63008676
51087200503,51085320702,14,Hanover County,-77.33973544,37.72429497,Henrico County,-77.49654127,37.63008676
51087200503,51085320801,11,Hanover County,-77.43517464,37.72101115,Henrico County,-77.49654127,37.63008676
51087200503,51085320803,19,Hanover County,-77.40178469,37.67555472,Henrico County,-77.49654127,37.63008676
51087200503,51085320804,23,Hanover County,-77.42040307,37.68215954,Henrico County,-77.49654127,37.63008676
51087200503,51085320805,31,Hanover County,-77.42512268,37.6646678,Henrico County,-77.49654127,37.63008676
51087200503,51085320901,36,Hanover County,-77.35950464,37.65874207,Henrico County,-77.49654127,37.63008676
51087200503,51085320902,21,Hanover County,-77.38681578,37.63660736,Henrico County,-77.49654127,37.63008676
51087200503,51085321001,6,Hanover County,-77.35319382,37.62262564,Henrico County,-77.49654127,37.63008676
51087200503,51085321003,13,Hanover County,-77.3176218,37.62396679,Henrico County,-77.49654127,37.63008676
51087200503,51085321004,22,Hanover County,-77.3166095,37.6515441,Henrico County,-77.49654127,37.63008676
51087200503,51085321100,31,Hanover County,-77.38262891,37.61242252,Henrico County,-77.49654127,37.63008676
51087200503,51085321201,23,Hanover County,-77.32329616,37.5880924,Henrico County,-77.49654127,37.63008676
51087200503,51085321202,28,Hanover County,-77.34349514,37.58490558,Henrico County,-77.49654127,37.63008676
51087200503,51085321300,49,Hanover County,-77.29680248,37.59112522,Henrico County,-77.49654127,37.63008676
51087200503,51085321401,8,Hanover County,-77.25895891,37.67861465,Henrico County,-77.49654127,37.63008676
51087200503,51085321402,8,Hanover County,-77.25179057,37.60113008,Henrico County,-77.49654127,37.63008676
51087200503,51085321403,9,Hanover County,-77.17923965,37.62402478,Henrico County,-77.49654127,37.63008676
51087200600,51085320200,2,Hanover County,-77.68504133,37.80777585,Henrico County,-77.47840852,37.61144682
51087200600,51085320701,4,Hanover County,-77.40541715,37.75339045,Henrico County,-77.47840852,37.61144682
51087200600,51085320702,2,Hanover County,-77.33973544,37.72429497,Henrico County,-77.47840852,37.61144682
51087200600,51085320801,1,Hanover County,-77.43517464,37.72101115,Henrico County,-77.47840852,37.61144682
51087200600,51085320804,4,Hanover County,-77.42040307,37.68215954,Henrico County,-77.47840852,37.61144682
51087200600,51085320901,1,Hanover County,-77.35950464,37.65874207,Henrico County,-77.47840852,37.61144682
51087200600,51085321100,1,Hanover County,-77.38262891,37.61242252,Henrico County,-77.47840852,37.61144682
51087200700,51085320100,4,Hanover County,-77.58500006,37.88594378,Henrico County,-77.46366725,37.60727901
51087200700,51085320200,18,Hanover County,-77.68504133,37.80777585,Henrico County,-77.46366725,37.60727901
51087200700,51085320300,8,Hanover County,-77.6706394,37.73181814,Henrico County,-77.46366725,37.60727901
51087200700,51085320400,7,Hanover County,-77.53119038,37.72350989,Henrico County,-77.46366725,37.60727901
51087200700,51085320500,5,Hanover County,-77.52199663,37.77211832,Henrico County,-77.46366725,37.60727901
51087200700,51085320601,5,Hanover County,-77.47144709,37.77593334,Henrico County,-77.46366725,37.60727901
51087200700,51085320602,3,Hanover County,-77.47318377,37.74416695,Henrico County,-77.46366725,37.60727901
51087200700,51085320701,3,Hanover County,-77.40541715,37.75339045,Henrico County,-77.46366725,37.60727901
51087200700,51085320702,2,Hanover County,-77.33973544,37.72429497,Henrico County,-77.46366725,37.60727901
51087200700,51085320801,2,Hanover County,-77.43517464,37.72101115,Henrico County,-77.46366725,37.60727901
51087200700,51085320803,11,Hanover County,-77.40178469,37.67555472,Henrico County,-77.46366725,37.60727901
51087200700,51085320804,3,Hanover County,-77.42040307,37.68215954,Henrico County,-77.46366725,37.60727901
51087200700,51085320805,8,Hanover County,-77.42512268,37.6646678,Henrico County,-77.46366725,37.60727901
51087200700,51085320901,5,Hanover County,-77.35950464,37.65874207,Henrico County,-77.46366725,37.60727901
51087200700,51085320902,5,Hanover County,-77.38681578,37.63660736,Henrico County,-77.46366725,37.60727901
51087200700,51085321001,5,Hanover County,-77.35319382,37.62262564,Henrico County,-77.46366725,37.60727901
51087200700,51085321003,7,Hanover County,-77.3176218,37.62396679,Henrico County,-77.46366725,37.60727901
51087200700,51085321004,4,Hanover County,-77.3166095,37.6515441,Henrico County,-77.46366725,37.60727901
51087200700,51085321100,14,Hanover County,-77.38262891,37.61242252,Henrico County,-77.46366725,37.60727901
51087200700,51085321201,4,Hanover County,-77.32329616,37.5880924,Henrico County,-77.46366725,37.60727901
51087200700,51085321202,20,Hanover County,-77.34349514,37.58490558,Henrico County,-77.46366725,37.60727901
51087200700,51085321300,6,Hanover County,-77.29680248,37.59112522,Henrico County,-77.46366725,37.60727901
51087200700,51085321402,6,Hanover County,-77.25179057,37.60113008,Henrico County,-77.46366725,37.60727901
51087200700,51085321403,2,Hanover County,-77.17923965,37.62402478,Henrico County,-77.46366725,37.60727901
51087200801,51085320100,19,Hanover County,-77.58500006,37.88594378,Henrico County,-77.47242397,37.6309301
51087200801,51085320200,29,Hanover County,-77.68504133,37.80777585,Henrico County,-77.47242397,37.6309301
51087200801,51085320300,6,Hanover County,-77.6706394,37.73181814,Henrico County,-77.47242397,37.6309301
51087200801,51085320400,19,Hanover County,-77.53119038,37.72350989,Henrico County,-77.47242397,37.6309301
51087200801,51085320500,23,Hanover County,-77.52199663,37.77211832,Henrico County,-77.47242397,37.6309301
51087200801,51085320601,18,Hanover County,-77.47144709,37.77593334,Henrico County,-77.47242397,37.6309301
51087200801,51085320602,10,Hanover County,-77.47318377,37.74416695,Henrico County,-77.47242397,37.6309301
51087200801,51085320701,22,Hanover County,-77.40541715,37.75339045,Henrico County,-77.47242397,37.6309301
51087200801,51085320702,14,Hanover County,-77.33973544,37.72429497,Henrico County,-77.47242397,37.6309301
51087200801,51085320801,10,Hanover County,-77.43517464,37.72101115,Henrico County,-77.47242397,37.6309301
51087200801,51085320803,33,Hanover County,-77.40178469,37.67555472,Henrico County,-77.47242397,37.6309301
51087200801,51085320804,34,Hanover County,-77.42040307,37.68215954,Henrico County,-77.47242397,37.6309301
51087200801,51085320805,23,Hanover County,-77.42512268,37.6646678,Henrico County,-77.47242397,37.6309301
51087200801,51085320901,33,Hanover County,-77.35950464,37.65874207,Henrico County,-77.47242397,37.6309301
51087200801,51085320902,11,Hanover County,-77.38681578,37.63660736,Henrico County,-77.47242397,37.6309301
51087200801,51085321001,8,Hanover County,-77.35319382,37.62262564,Henrico County,-77.47242397,37.6309301
51087200801,51085321003,16,Hanover County,-77.3176218,37.62396679,Henrico County,-77.47242397,37.6309301
51087200801,51085321004,26,Hanover County,-77.3166095,37.6515441,Henrico County,-77.47242397,37.6309301
51087200801,51085321100,33,Hanover County,-77.38262891,37.61242252,Henrico County,-77.47242397,37.6309301
51087200801,51085321201,22,Hanover County,-77.32329616,37.5880924,Henrico County,-77.47242397,37.6309301
51087200801,51085321202,15,Hanover County,-77.34349514,37.58490558,Henrico County,-77.47242397,37.6309301
51087200801,51085321300,39,Hanover County,-77.29680248,37.59112522,Henrico County,-77.47242397,37.6309301
51087200801,51085321401,10,Hanover County,-77.25895891,37.67861465,Henrico County,-77.47242397,37.6309301
51087200801,51085321402,14,Hanover County,-77.25179057,37.60113008,Henrico County,-77.47242397,37.6309301
51087200801,51085321403,7,Hanover County,-77.17923965,37.62402478,Henrico County,-77.47242397,37.6309301
51087200802,51085320100,1,Hanover County,-77.58500006,37.88594378,Henrico County,-77.44920793,37.61916469
51087200802,51085320200,4,Hanover County,-77.68504133,37.80777585,Henrico County,-77.44920793,37.61916469
51087200802,51085320300,1,Hanover County,-77.6706394,37.73181814,Henrico County,-77.44920793,37.61916469
51087200802,51085320400,1,Hanover County,-77.53119038,37.72350989,Henrico County,-77.44920793,37.61916469
51087200802,51085320602,1,Hanover County,-77.47318377,37.74416695,Henrico County,-77.44920793,37.61916469
51087200802,51085320701,4,Hanover County,-77.40541715,37.75339045,Henrico County,-77.44920793,37.61916469
51087200802,51085320702,1,Hanover County,-77.33973544,37.72429497,Henrico County,-77.44920793,37.61916469
51087200802,51085320803,4,Hanover County,-77.40178469,37.67555472,Henrico County,-77.44920793,37.61916469
51087200802,51085320804,1,Hanover County,-77.42040307,37.68215954,Henrico County,-77.44920793,37.61916469
51087200802,51085320805,1,Hanover County,-77.42512268,37.6646678,Henrico County,-77.44920793,37.61916469
51087200802,51085320901,3,Hanover County,-77.35950464,37.65874207,Henrico County,-77.44920793,37.61916469
51087200802,51085320902,1,Hanover County,-77.38681578,37.63660736,Henrico County,-77.44920793,37.61916469
51087200802,51085321001,3,Hanover County,-77.35319382,37.62262564,Henrico County,-77.44920793,37.61916469
51087200802,51085321003,3,Hanover County,-77.3176218,37.62396679,Henrico County,-77.44920793,37.61916469
51087200802,51085321004,3,Hanover County,-77.3166095,37.6515441,Henrico County,-77.44920793,37.61916469
51087200802,51085321100,6,Hanover County,-77.38262891,37.61242252,Henrico County,-77.44920793,37.61916469
51087200802,51085321300,5,Hanover County,-77.29680248,37.59112522,Henrico County,-77.44920793,37.61916469
51087200802,51085321403,3,Hanover County,-77.17923965,37.62402478,Henrico County,-77.44920793,37.61916469
51087200805,51085320100,8,Hanover County,-77.58500006,37.88594378,Henrico County,-77.42365611,37.59105613
51087200805,51085320300,3,Hanover County,-77.6706394,37.73181814,Henrico County,-77.42365611,37.59105613
51087200805,51085320400,4,Hanover County,-77.53119038,37.72350989,Henrico County,-77.42365611,37.59105613
51087200805,51085320500,2,Hanover County,-77.52199663,37.77211832,Henrico County,-77.42365611,37.59105613
51087200805,51085320601,5,Hanover County,-77.47144709,37.77593334,Henrico County,-77.42365611,37.59105613
51087200805,51085320602,6,Hanover County,-77.47318377,37.74416695,Henrico County,-77.42365611,37.59105613
51087200805,51085320701,3,Hanover County,-77.40541715,37.75339045,Henrico County,-77.42365611,37.59105613
51087200805,51085320702,4,Hanover County,-77.33973544,37.72429497,Henrico County,-77.42365611,37.59105613
51087200805,51085320801,4,Hanover County,-77.43517464,37.72101115,Henrico County,-77.42365611,37.59105613
51087200805,51085320803,7,Hanover County,-77.40178469,37.67555472,Henrico County,-77.42365611,37.59105613
51087200805,51085320804,7,Hanover County,-77.42040307,37.68215954,Henrico County,-77.42365611,37.59105613
51087200805,51085320805,1,Hanover County,-77.42512268,37.6646678,Henrico County,-77.42365611,37.59105613
51087200805,51085320901,9,Hanover County,-77.35950464,37.65874207,Henrico County,-77.42365611,37.59105613
51087200805,51085320902,1,Hanover County,-77.38681578,37.63660736,Henrico County,-77.42365611,37.59105613
51087200805,51085321001,4,Hanover County,-77.35319382,37.62262564,Henrico County,-77.42365611,37.59105613
51087200805,51085321003,4,Hanover County,-77.3176218,37.62396679,Henrico County,-77.42365611,37.59105613
51087200805,51085321004,6,Hanover County,-77.3166095,37.6515441,Henrico County,-77.42365611,37.59105613
51087200805,51085321100,15,Hanover County,-77.38262891,37.61242252,Henrico County,-77.42365611,37.59105613
51087200805,51085321201,15,Hanover County,-77.32329616,37.5880924,Henrico County,-77.42365611,37.59105613
51087200805,51085321202,12,Hanover County,-77.34349514,37.58490558,Henrico County,-77.42365611,37.59105613
51087200805,51085321300,10,Hanover County,-77.29680248,37.59112522,Henrico County,-77.42365611,37.59105613
51087200805,51085321401,6,Hanover County,-77.25895891,37.67861465,Henrico County,-77.42365611,37.59105613
51087200805,51085321402,8,Hanover County,-77.25179057,37.60113008,Henrico County,-77.42365611,37.59105613
51087200805,51085321403,4,Hanover County,-77.17923965,37.62402478,Henrico County,-77.42365611,37.59105613
51087200806,51085320804,1,Hanover County,-77.42040307,37.68215954,Henrico County,-77.4375449,37.60239843
51087200806,51085321300,2,Hanover County,-77.29680248,37.59112522,Henrico County,-77.4375449,37.60239843
51087200807,51085320100,3,Hanover County,-77.58500006,37.88594378,Henrico County,-77.42789836,37.6086521
51087200807,51085320200,1,Hanover County,-77.68504133,37.80777585,Henrico County,-77.42789836,37.6086521
51087200807,51085320400,1,Hanover County,-77.53119038,37.72350989,Henrico County,-77.42789836,37.6086521
51087200807,51085320702,2,Hanover County,-77.33973544,37.72429497,Henrico County,-77.42789836,37.6086521
51087200807,51085320803,1,Hanover County,-77.40178469,37.67555472,Henrico County,-77.42789836,37.6086521
51087200807,51085320804,5,Hanover County,-77.42040307,37.68215954,Henrico County,-77.42789836,37.6086521
51087200807,51085320901,1,Hanover County,-77.35950464,37.65874207,Henrico County,-77.42789836,37.6086521
51087200807,51085321004,3,Hanover County,-77.3166095,37.6515441,Henrico County,-77.42789836,37.6086521
51087200807,51085321201,1,Hanover County,-77.32329616,37.5880924,Henrico County,-77.42789836,37.6086521
51087200807,51085321300,2,Hanover County,-77.29680248,37.59112522,Henrico County,-77.42789836,37.6086521
51087200807,51085321401,1,Hanover County,-77.25895891,37.67861465,Henrico County,-77.42789836,37.6086521
51087200807,51085321402,1,Hanover County,-77.25179057,37.60113008,Henrico County,-77.42789836,37.6086521
51087200807,51085321403,2,Hanover County,-77.17923965,37.62402478,Henrico County,-77.42789836,37.6086521
51087200904,51085320100,15,Hanover County,-77.58500006,37.88594378,Henrico County,-77.43370261,37.64087913
51087200904,51085320200,15,Hanover County,-77.68504133,37.80777585,Henrico County,-77.43370261,37.64087913
51087200904,51085320300,13,Hanover County,-77.6706394,37.73181814,Henrico County,-77.43370261,37.64087913
51087200904,51085320400,9,Hanover County,-77.53119038,37.72350989,Henrico County,-77.43370261,37.64087913
51087200904,51085320500,5,Hanover County,-77.52199663,37.77211832,Henrico County,-77.43370261,37.64087913
51087200904,51085320601,6,Hanover County,-77.47144709,37.77593334,Henrico County,-77.43370261,37.64087913
51087200904,51085320602,6,Hanover County,-77.47318377,37.74416695,Henrico County,-77.43370261,37.64087913
51087200904,51085320701,13,Hanover County,-77.40541715,37.75339045,Henrico County,-77.43370261,37.64087913
51087200904,51085320702,7,Hanover County,-77.33973544,37.72429497,Henrico County,-77.43370261,37.64087913
51087200904,51085320801,2,Hanover County,-77.43517464,37.72101115,Henrico County,-77.43370261,37.64087913
51087200904,51085320803,14,Hanover County,-77.40178469,37.67555472,Henrico County,-77.43370261,37.64087913
51087200904,51085320804,20,Hanover County,-77.42040307,37.68215954,Henrico County,-77.43370261,37.64087913
51087200904,51085320805,18,Hanover County,-77.42512268,37.6646678,Henrico County,-77.43370261,37.64087913
51087200904,51085320901,18,Hanover County,-77.35950464,37.65874207,Henrico County,-77.43370261,37.64087913
51087200904,51085320902,16,Hanover County,-77.38681578,37.63660736,Henrico County,-77.43370261,37.64087913
51087200904,51085321001,8,Hanover County,-77.35319382,37.62262564,Henrico County,-77.43370261,37.64087913
51087200904,51085321003,10,Hanover County,-77.3176218,37.62396679,Henrico County,-77.43370261,37.64087913
51087200904,51085321004,13,Hanover County,-77.3166095,37.6515441,Henrico County,-77.43370261,37.64087913
51087200904,51085321100,23,Hanover County,-77.38262891,37.61242252,Henrico County,-77.43370261,37.64087913
51087200904,51085321201,18,Hanover County,-77.32329616,37.5880924,Henrico County,-77.43370261,37.64087913
51087200904,51085321202,8,Hanover County,-77.34349514,37.58490558,Henrico County,-77.43370261,37.64087913
51087200904,51085321300,18,Hanover County,-77.29680248,37.59112522,Henrico County,-77.43370261,37.64087913
51087200904,51085321401,11,Hanover County,-77.25895891,37.67861465,Henrico County,-77.43370261,37.64087913
51087200904,51085321402,12,Hanover County,-77.25179057,37.60113008,Henrico County,-77.43370261,37.64087913
51087200904,51085321403,4,Hanover County,-77.17923965,37.62402478,Henrico County,-77.43370261,37.64087913
51087200905,51085320100,15,Hanover County,-77.58500006,37.88594378,Henrico County,-77.47985562,37.65196309
51087200905,51085320200,14,Hanover County,-77.68504133,37.80777585,Henrico County,-77.47985562,37.65196309
51087200905,51085320300,2,Hanover County,-77.6706394,37.73181814,Henrico County,-77.47985562,37.65196309
51087200905,51085320400,7,Hanover County,-77.53119038,37.72350989,Henrico County,-77.47985562,37.65196309
51087200905,51085320500,5,Hanover County,-77.52199663,37.77211832,Henrico County,-77.47985562,37.65196309
51087200905,51085320601,7,Hanover County,-77.47144709,37.77593334,Henrico County,-77.47985562,37.65196309
51087200905,51085320602,2,Hanover County,-77.47318377,37.74416695,Henrico County,-77.47985562,37.65196309
51087200905,51085320701,10,Hanover County,-77.40541715,37.75339045,Henrico County,-77.47985562,37.65196309
51087200905,51085320702,4,Hanover County,-77.33973544,37.72429497,Henrico County,-77.47985562,37.65196309
51087200905,51085320801,6,Hanover County,-77.43517464,37.72101115,Henrico County,-77.47985562,37.65196309
51087200905,51085320803,9,Hanover County,-77.40178469,37.67555472,Henrico County,-77.47985562,37.65196309
51087200905,51085320804,5,Hanover County,-77.42040307,37.68215954,Henrico County,-77.47985562,37.65196309
51087200905,51085320805,6,Hanover County,-77.42512268,37.6646678,Henrico County,-77.47985562,37.65196309
51087200905,51085320901,17,Hanover County,-77.35950464,37.65874207,Henrico County,-77.47985562,37.65196309
51087200905,51085320902,5,Hanover County,-77.38681578,37.63660736,Henrico County,-77.47985562,37.65196309
51087200905,51085321001,5,Hanover County,-77.35319382,37.62262564,Henrico County,-77.47985562,37.65196309
51087200905,51085321003,5,Hanover County,-77.3176218,37.62396679,Henrico County,-77.47985562,37.65196309
51087200905,51085321004,7,Hanover County,-77.3166095,37.6515441,Henrico County,-77.47985562,37.65196309
51087200905,51085321100,9,Hanover County,-77.38262891,37.61242252,Henrico County,-77.47985562,37.65196309
51087200905,51085321201,9,Hanover County,-77.32329616,37.5880924,Henrico County,-77.47985562,37.65196309
51087200905,51085321202,4,Hanover County,-77.34349514,37.58490558,Henrico County,-77.47985562,37.65196309
51087200905,51085321300,12,Hanover County,-77.29680248,37.59112522,Henrico County,-77.47985562,37.65196309
51087200905,51085321401,4,Hanover County,-77.25895891,37.67861465,Henrico County,-77.47985562,37.65196309
51087200905,51085321402,5,Hanover County,-77.25179057,37.60113008,Henrico County,-77.47985562,37.65196309
51087200905,51085321403,5,Hanover County,-77.17923965,37.62402478,Henrico County,-77.47985562,37.65196309
51087200906,51085320200,2,Hanover County,-77.68504133,37.80777585,Henrico County,-77.49754446,37.66379474
51087200906,51085320300,5,Hanover County,-77.6706394,37.73181814,Henrico County,-77.49754446,37.66379474
51087200906,51085320400,3,Hanover County,-77.53119038,37.72350989,Henrico County,-77.49754446,37.66379474
51087200906,51085320500,2,Hanover County,-77.52199663,37.77211832,Henrico County,-77.49754446,37.66379474
51087200906,51085320803,2,Hanover County,-77.40178469,37.67555472,Henrico County,-77.49754446,37.66379474
51087200906,51085320805,3,Hanover County,-77.42512268,37.6646678,Henrico County,-77.49754446,37.66379474
51087200906,51085320902,1,Hanover County,-77.38681578,37.63660736,Henrico County,-77.49754446,37.66379474
51087200906,51085321004,1,Hanover County,-77.3166095,37.6515441,Henrico County,-77.49754446,37.66379474
51087200906,51085321201,1,Hanover County,-77.32329616,37.5880924,Henrico County,-77.49754446,37.66379474
51087200906,51085321402,1,Hanover County,-77.25179057,37.60113008,Henrico County,-77.49754446,37.66379474
51087200907,51085320100,28,Hanover County,-77.58500006,37.88594378,Henrico County,-77.47297721,37.67600809
51087200907,51085320200,18,Hanover County,-77.68504133,37.80777585,Henrico County,-77.47297721,37.67600809
51087200907,51085320300,13,Hanover County,-77.6706394,37.73181814,Henrico County,-77.47297721,37.67600809
51087200907,51085320400,36,Hanover County,-77.53119038,37.72350989,Henrico County,-77.47297721,37.67600809
51087200907,51085320500,7,Hanover County,-77.52199663,37.77211832,Henrico County,-77.47297721,37.67600809
51087200907,51085320601,25,Hanover County,-77.47144709,37.77593334,Henrico County,-77.47297721,37.67600809
51087200907,51085320602,24,Hanover County,-77.47318377,37.74416695,Henrico County,-77.47297721,37.67600809
51087200907,51085320701,23,Hanover County,-77.40541715,37.75339045,Henrico County,-77.47297721,37.67600809
51087200907,51085320702,11,Hanover County,-77.33973544,37.72429497,Henrico County,-77.47297721,37.67600809
51087200907,51085320801,21,Hanover County,-77.43517464,37.72101115,Henrico County,-77.47297721,37.67600809
51087200907,51085320803,31,Hanover County,-77.40178469,37.67555472,Henrico County,-77.47297721,37.67600809
51087200907,51085320804,31,Hanover County,-77.42040307,37.68215954,Henrico County,-77.47297721,37.67600809
51087200907,51085320805,17,Hanover County,-77.42512268,37.6646678,Henrico County,-77.47297721,37.67600809
51087200907,51085320901,31,Hanover County,-77.35950464,37.65874207,Henrico County,-77.47297721,37.67600809
51087200907,51085320902,15,Hanover County,-77.38681578,37.63660736,Henrico County,-77.47297721,37.67600809
51087200907,51085321001,8,Hanover County,-77.35319382,37.62262564,Henrico County,-77.47297721,37.67600809
51087200907,51085321003,10,Hanover County,-77.3176218,37.62396679,Henrico County,-77.47297721,37.67600809
51087200907,51085321004,20,Hanover County,-77.3166095,37.6515441,Henrico County,-77.47297721,37.67600809
51087200907,51085321100,26,Hanover County,-77.38262891,37.61242252,Henrico County,-77.47297721,37.67600809
51087200907,51085321201,11,Hanover County,-77.32329616,37.5880924,Henrico County,-77.47297721,37.67600809
51087200907,51085321202,31,Hanover County,-77.34349514,37.58490558,Henrico County,-77.47297721,37.67600809
51087200907,51085321300,22,Hanover County,-77.29680248,37.59112522,Henrico County,-77.47297721,37.67600809
51087200907,51085321401,3,Hanover County,-77.25895891,37.67861465,Henrico County,-77.47297721,37.67600809
51087200907,51085321402,12,Hanover County,-77.25179057,37.60113008,Henrico County,-77.47297721,37.67600809
51087200907,51085321403,13,Hanover County,-77.17923965,37.62402478,Henrico County,-77.47297721,37.67600809
51087200908,51085320100,14,Hanover County,-77.58500006,37.88594378,Henrico County,-77.45942307,37.64756437
51087200908,51085320200,10,Hanover County,-77.68504133,37.80777585,Henrico County,-77.45942307,37.64756437
51087200908,51085320300,10,Hanover County,-77.6706394,37.73181814,Henrico County,-77.45942307,37.64756437
51087200908,51085320400,8,Hanover County,-77.53119038,37.72350989,Henrico County,-77.45942307,37.64756437
51087200908,51085320500,4,Hanover County,-77.52199663,37.77211832,Henrico County,-77.45942307,37.64756437
51087200908,51085320601,3,Hanover County,-77.47144709,37.77593334,Henrico County,-77.45942307,37.64756437
51087200908,51085320602,6,Hanover County,-77.47318377,37.74416695,Henrico County,-77.45942307,37.64756437
51087200908,51085320701,5,Hanover County,-77.40541715,37.75339045,Henrico County,-77.45942307,37.64756437
51087200908,51085320702,1,Hanover County,-77.33973544,37.72429497,Henrico County,-77.45942307,37.64756437
51087200908,51085320801,2,Hanover County,-77.43517464,37.72101115,Henrico County,-77.45942307,37.64756437
51087200908,51085320803,4,Hanover County,-77.40178469,37.67555472,Henrico County,-77.45942307,37.64756437
51087200908,51085320804,8,Hanover County,-77.42040307,37.68215954,Henrico County,-77.45942307,37.64756437
51087200908,51085320805,3,Hanover County,-77.42512268,37.6646678,Henrico County,-77.45942307,37.64756437
51087200908,51085320901,14,Hanover County,-77.35950464,37.65874207,Henrico County,-77.45942307,37.64756437
51087200908,51085320902,4,Hanover County,-77.38681578,37.63660736,Henrico County,-77.45942307,37.64756437
51087200908,51085321001,4,Hanover County,-77.35319382,37.62262564,Henrico County,-77.45942307,37.64756437
51087200908,51085321003,4,Hanover County,-77.3176218,37.62396679,Henrico County,-77.45942307,37.64756437
51087200908,51085321004,6,Hanover County,-77.3166095,37.6515441,Henrico County,-77.45942307,37.64756437
51087200908,51085321100,4,Hanover County,-77.38262891,37.61242252,Henrico County,-77.45942307,37.64756437
51087200908,51085321201,15,Hanover County,-77.32329616,37.5880924,Henrico County,-77.45942307,37.64756437
51087200908,51085321202,6,Hanover County,-77.34349514,37.58490558,Henrico County,-77.45942307,37.64756437
51087200908,51085321300,12,Hanover County,-77.29680248,37.59112522,Henrico County,-77.45942307,37.64756437
51087200908,51085321401,4,Hanover County,-77.25895891,37.67861465,Henrico County,-77.45942307,37.64756437
51087200908,51085321402,2,Hanover County,-77.25179057,37.60113008,Henrico County,-77.45942307,37.64756437
51087200908,51085321403,3,Hanover County,-77.17923965,37.62402478,Henrico County,-77.45942307,37.64756437
51087201001,51085320100,4,Hanover County,-77.58500006,37.88594378,Henrico County,-77.38063857,37.58368851
51087201001,51085320200,1,Hanover County,-77.68504133,37.80777585,Henrico County,-77.38063857,37.58368851
51087201001,51085320300,2,Hanover County,-77.6706394,37.73181814,Henrico County,-77.38063857,37.58368851
51087201001,51085320400,1,Hanover County,-77.53119038,37.72350989,Henrico County,-77.38063857,37.58368851
51087201001,51085320500,2,Hanover County,-77.52199663,37.77211832,Henrico County,-77.38063857,37.58368851
51087201001,51085320602,2,Hanover County,-77.47318377,37.74416695,Henrico County,-77.38063857,37.58368851
51087201001,51085320801,2,Hanover County,-77.43517464,37.72101115,Henrico County,-77.38063857,37.58368851
51087201001,51085320803,7,Hanover County,-77.40178469,37.67555472,Henrico County,-77.38063857,37.58368851
51087201001,51085320804,1,Hanover County,-77.42040307,37.68215954,Henrico County,-77.38063857,37.58368851
51087201001,51085320805,3,Hanover County,-77.42512268,37.6646678,Henrico County,-77.38063857,37.58368851
51087201001,51085320901,1,Hanover County,-77.35950464,37.65874207,Henrico County,-77.38063857,37.58368851
51087201001,51085320902,4,Hanover County,-77.38681578,37.63660736,Henrico County,-77.38063857,37.58368851
51087201001,51085321001,1,Hanover County,-77.35319382,37.62262564,Henrico County,-77.38063857,37.58368851
51087201001,51085321003,1,Hanover County,-77.3176218,37.62396679,Henrico County,-77.38063857,37.58368851
51087201001,51085321004,2,Hanover County,-77.3166095,37.6515441,Henrico County,-77.38063857,37.58368851
51087201001,51085321100,6,Hanover County,-77.38262891,37.61242252,Henrico County,-77.38063857,37.58368851
51087201001,51085321201,12,Hanover County,-77.32329616,37.5880924,Henrico County,-77.38063857,37.58368851
51087201001,51085321202,2,Hanover County,-77.34349514,37.58490558,Henrico County,-77.38063857,37.58368851
51087201001,51085321300,2,Hanover County,-77.29680248,37.59112522,Henrico County,-77.38063857,37.58368851
51087201001,51085321401,3,Hanover County,-77.25895891,37.67861465,Henrico County,-77.38063857,37.58368851
51087201001,51085321402,6,Hanover County,-77.25179057,37.60113008,Henrico County,-77.38063857,37.58368851
51087201002,51085320100,2,Hanover County,-77.58500006,37.88594378,Henrico County,-77.40366528,37.57246398
51087201002,51085320200,3,Hanover County,-77.68504133,37.80777585,Henrico County,-77.40366528,37.57246398
51087201002,51085320300,3,Hanover County,-77.6706394,37.73181814,Henrico County,-77.40366528,37.57246398
51087201002,51085320400,1,Hanover County,-77.53119038,37.72350989,Henrico County,-77.40366528,37.57246398
51087201002,51085320500,1,Hanover County,-77.52199663,37.77211832,Henrico County,-77.40366528,37.57246398
51087201002,51085320601,3,Hanover County,-77.47144709,37.77593334,Henrico County,-77.40366528,37.57246398
51087201002,51085320602,3,Hanover County,-77.47318377,37.74416695,Henrico County,-77.40366528,37.57246398
51087201002,51085320701,4,Hanover County,-77.40541715,37.75339045,Henrico County,-77.40366528,37.57246398
51087201002,51085320801,9,Hanover County,-77.43517464,37.72101115,Henrico County,-77.40366528,37.57246398
51087201002,51085320803,4,Hanover County,-77.40178469,37.67555472,Henrico County,-77.40366528,37.57246398
51087201002,51085320804,1,Hanover County,-77.42040307,37.68215954,Henrico County,-77.40366528,37.57246398
51087201002,51085320805,4,Hanover County,-77.42512268,37.6646678,Henrico County,-77.40366528,37.57246398
51087201002,51085320901,1,Hanover County,-77.35950464,37.65874207,Henrico County,-77.40366528,37.57246398
51087201002,51085320902,5,Hanover County,-77.38681578,37.63660736,Henrico County,-77.40366528,37.57246398
51087201002,51085321001,1,Hanover County,-77.35319382,37.62262564,Henrico County,-77.40366528,37.57246398
51087201002,51085321003,4,Hanover County,-77.3176218,37.62396679,Henrico County,-77.40366528,37.57246398
51087201002,51085321004,6,Hanover County,-77.3166095,37.6515441,Henrico County,-77.40366528,37.57246398
51087201002,51085321100,3,Hanover County,-77.38262891,37.61242252,Henrico County,-77.40366528,37.57246398
51087201002,51085321201,1,Hanover County,-77.32329616,37.5880924,Henrico County,-77.40366528,37.57246398
51087201002,51085321202,6,Hanover County,-77.34349514,37.58490558,Henrico County,-77.40366528,37.57246398
51087201002,51085321300,5,Hanover County,-77.29680248,37.59112522,Henrico County,-77.40366528,37.57246398
51087201002,51085321402,8,Hanover County,-77.25179057,37.60113008,Henrico County,-77.40366528,37.57246398
51087201002,51085321403,3,Hanover County,-77.17923965,37.62402478,Henrico County,-77.40366528,37.57246398
51087201003,51085320100,1,Hanover County,-77.58500006,37.88594378,Henrico County,-77.39359536,37.56040555
51087201003,51085320300,3,Hanover County,-77.6706394,37.73181814,Henrico County,-77.39359536,37.56040555
51087201003,51085320400,1,Hanover County,-77.53119038,37.72350989,Henrico County,-77.39359536,37.56040555
51087201003,51085320500,5,Hanover County,-77.52199663,37.77211832,Henrico County,-77.39359536,37.56040555
51087201003,51085320601,5,Hanover County,-77.47144709,37.77593334,Henrico County,-77.39359536,37.56040555
51087201003,51085320701,1,Hanover County,-77.40541715,37.75339045,Henrico County,-77.39359536,37.56040555
51087201003,51085320702,1,Hanover County,-77.33973544,37.72429497,Henrico County,-77.39359536,37.56040555
51087201003,51085320803,5,Hanover County,-77.40178469,37.67555472,Henrico County,-77.39359536,37.56040555
51087201003,51085320804,2,Hanover County,-77.42040307,37.68215954,Henrico County,-77.39359536,37.56040555
51087201003,51085320805,1,Hanover County,-77.42512268,37.6646678,Henrico County,-77.39359536,37.56040555
51087201003,51085321003,7,Hanover County,-77.3176218,37.62396679,Henrico County,-77.39359536,37.56040555
51087201003,51085321004,5,Hanover County,-77.3166095,37.6515441,Henrico County,-77.39359536,37.56040555
51087201003,51085321100,3,Hanover County,-77.38262891,37.61242252,Henrico County,-77.39359536,37.56040555
51087201003,51085321201,4,Hanover County,-77.32329616,37.5880924,Henrico County,-77.39359536,37.56040555
51087201003,51085321401,2,Hanover County,-77.25895891,37.67861465,Henrico County,-77.39359536,37.56040555
51087201003,51085321403,2,Hanover County,-77.17923965,37.62402478,Henrico County,-77.39359536,37.56040555
51087201102,51085320500,1,Hanover County,-77.52199663,37.77211832,Henrico County,-77.38015228,37.52699392
51087201102,51085320701,1,Hanover County,-77.40541715,37.75339045,Henrico County,-77.38015228,37.52699392
51087201102,51085321202,2,Hanover County,-77.34349514,37.58490558,Henrico County,-77.38015228,37.52699392
51087201102,51085321300,3,Hanover County,-77.29680248,37.59112522,Henrico County,-77.38015228,37.52699392
51087201103,51085320200,1,Hanover County,-77.68504133,37.80777585,Henrico County,-77.36663372,37.55620836
51087201103,51085320901,1,Hanover County,-77.35950464,37.65874207,Henrico County,-77.36663372,37.55620836
51087201103,51085320902,1,Hanover County,-77.38681578,37.63660736,Henrico County,-77.36663372,37.55620836
51087201103,51085321003,1,Hanover County,-77.3176218,37.62396679,Henrico County,-77.36663372,37.55620836
51087201103,51085321100,1,Hanover County,-77.38262891,37.61242252,Henrico County,-77.36663372,37.55620836
51087201103,51085321201,5,Hanover County,-77.32329616,37.5880924,Henrico County,-77.36663372,37.55620836
51087201103,51085321300,6,Hanover County,-77.29680248,37.59112522,Henrico County,-77.36663372,37.55620836
51087201103,51085321401,3,Hanover County,-77.25895891,37.67861465,Henrico County,-77.36663372,37.55620836
51087201103,51085321402,1,Hanover County,-77.25179057,37.60113008,Henrico County,-77.36663372,37.55620836
51087201104,51085320100,36,Hanover County,-77.58500006,37.88594378,Henrico County,-77.37815208,37.54418254
51087201104,51085320200,46,Hanover County,-77.68504133,37.80777585,Henrico County,-77.37815208,37.54418254
51087201104,51085320300,38,Hanover County,-77.6706394,37.73181814,Henrico County,-77.37815208,37.54418254
51087201104,51085320400,62,Hanover County,-77.53119038,37.72350989,Henrico County,-77.37815208,37.54418254
51087201104,51085320500,21,Hanover County,-77.52199663,37.77211832,Henrico County,-77.37815208,37.54418254
51087201104,51085320601,23,Hanover County,-77.47144709,37.77593334,Henrico County,-77.37815208,37.54418254
51087201104,51085320602,10,Hanover County,-77.47318377,37.74416695,Henrico County,-77.37815208,37.54418254
51087201104,51085320701,40,Hanover County,-77.40541715,37.75339045,Henrico County,-77.37815208,37.54418254
51087201104,51085320702,14,Hanover County,-77.33973544,37.72429497,Henrico County,-77.37815208,37.54418254
51087201104,51085320801,28,Hanover County,-77.43517464,37.72101115,Henrico County,-77.37815208,37.54418254
51087201104,51085320803,70,Hanover County,-77.40178469,37.67555472,Henrico County,-77.37815208,37.54418254
51087201104,51085320804,51,Hanover County,-77.42040307,37.68215954,Henrico County,-77.37815208,37.54418254
51087201104,51085320805,42,Hanover County,-77.42512268,37.6646678,Henrico County,-77.37815208,37.54418254
51087201104,51085320901,72,Hanover County,-77.35950464,37.65874207,Henrico County,-77.37815208,37.54418254
51087201104,51085320902,35,Hanover County,-77.38681578,37.63660736,Henrico County,-77.37815208,37.54418254
51087201104,51085321001,19,Hanover County,-77.35319382,37.62262564,Henrico County,-77.37815208,37.54418254
51087201104,51085321003,44,Hanover County,-77.3176218,37.62396679,Henrico County,-77.37815208,37.54418254
51087201104,51085321004,50,Hanover County,-77.3166095,37.6515441,Henrico County,-77.37815208,37.54418254
51087201104,51085321100,38,Hanover County,-77.38262891,37.61242252,Henrico County,-77.37815208,37.54418254
51087201104,51085321201,28,Hanover County,-77.32329616,37.5880924,Henrico County,-77.37815208,37.54418254
51087201104,51085321202,33,Hanover County,-77.34349514,37.58490558,Henrico County,-77.37815208,37.54418254
51087201104,51085321300,60,Hanover County,-77.29680248,37.59112522,Henrico County,-77.37815208,37.54418254
51087201104,51085321401,19,Hanover County,-77.25895891,37.67861465,Henrico County,-77.37815208,37.54418254
51087201104,51085321402,22,Hanover County,-77.25179057,37.60113008,Henrico County,-77.37815208,37.54418254
51087201104,51085321403,45,Hanover County,-77.17923965,37.62402478,Henrico County,-77.37815208,37.54418254
51087201203,51085320901,2,Hanover County,-77.35950464,37.65874207,Henrico County,-77.3340907,37.56062161
51087201203,51085321003,1,Hanover County,-77.3176218,37.62396679,Henrico County,-77.3340907,37.56062161
51087201203,51085321100,1,Hanover County,-77.38262891,37.61242252,Henrico County,-77.3340907,37.56062161
51087201203,51085321201,1,Hanover County,-77.32329616,37.5880924,Henrico County,-77.3340907,37.56062161
51087201203,51085321300,1,Hanover County,-77.29680248,37.59112522,Henrico County,-77.3340907,37.56062161
51087201203,51085321401,1,Hanover County,-77.25895891,37.67861465,Henrico County,-77.3340907,37.56062161
51087201203,51085321402,1,Hanover County,-77.25179057,37.60113008,Henrico County,-77.3340907,37.56062161
51087201203,51085321403,1,Hanover County,-77.17923965,37.62402478,Henrico County,-77.3340907,37.56062161
51087201204,51085320100,1,Hanover County,-77.58500006,37.88594378,Henrico County,-77.32738466,37.54985594
51087201204,51085320400,4,Hanover County,-77.53119038,37.72350989,Henrico County,-77.32738466,37.54985594
51087201204,51085320901,2,Hanover County,-77.35950464,37.65874207,Henrico County,-77.32738466,37.54985594
51087201204,51085321100,2,Hanover County,-77.38262891,37.61242252,Henrico County,-77.32738466,37.54985594
51087201204,51085321201,2,Hanover County,-77.32329616,37.5880924,Henrico County,-77.32738466,37.54985594
51087201204,51085321202,1,Hanover County,-77.34349514,37.58490558,Henrico County,-77.32738466,37.54985594
51087201204,51085321300,1,Hanover County,-77.29680248,37.59112522,Henrico County,-77.32738466,37.54985594
51087201204,51085321403,9,Hanover County,-77.17923965,37.62402478,Henrico County,-77.32738466,37.54985594
51087201205,51085320100,3,Hanover County,-77.58500006,37.88594378,Henrico County,-77.3313738,37.53882433
51087201205,51085320200,4,Hanover County,-77.68504133,37.80777585,Henrico County,-77.3313738,37.53882433
51087201205,51085320300,1,Hanover County,-77.6706394,37.73181814,Henrico County,-77.3313738,37.53882433
51087201205,51085320400,2,Hanover County,-77.53119038,37.72350989,Henrico County,-77.3313738,37.53882433
51087201205,51085320601,8,Hanover County,-77.47144709,37.77593334,Henrico County,-77.3313738,37.53882433
51087201205,51085320602,1,Hanover County,-77.47318377,37.74416695,Henrico County,-77.3313738,37.53882433
51087201205,51085320701,8,Hanover County,-77.40541715,37.75339045,Henrico County,-77.3313738,37.53882433
51087201205,51085320702,4,Hanover County,-77.33973544,37.72429497,Henrico County,-77.3313738,37.53882433
51087201205,51085320801,1,Hanover County,-77.43517464,37.72101115,Henrico County,-77.3313738,37.53882433
51087201205,51085320803,5,Hanover County,-77.40178469,37.67555472,Henrico County,-77.3313738,37.53882433
51087201205,51085320804,4,Hanover County,-77.42040307,37.68215954,Henrico County,-77.3313738,37.53882433
51087201205,51085320805,5,Hanover County,-77.42512268,37.6646678,Henrico County,-77.3313738,37.53882433
51087201205,51085320901,7,Hanover County,-77.35950464,37.65874207,Henrico County,-77.3313738,37.53882433
51087201205,51085320902,1,Hanover County,-77.38681578,37.63660736,Henrico County,-77.3313738,37.53882433
51087201205,51085321001,2,Hanover County,-77.35319382,37.62262564,Henrico County,-77.3313738,37.53882433
51087201205,51085321003,4,Hanover County,-77.3176218,37.62396679,Henrico County,-77.3313738,37.53882433
51087201205,51085321004,6,Hanover County,-77.3166095,37.6515441,Henrico County,-77.3313738,37.53882433
51087201205,51085321100,6,Hanover County,-77.38262891,37.61242252,Henrico County,-77.3313738,37.53882433
51087201205,51085321201,5,Hanover County,-77.32329616,37.5880924,Henrico County,-77.3313738,37.53882433
51087201205,51085321202,3,Hanover County,-77.34349514,37.58490558,Henrico County,-77.3313738,37.53882433
51087201205,51085321300,5,Hanover County,-77.29680248,37.59112522,Henrico County,-77.3313738,37.53882433
51087201205,51085321401,1,Hanover County,-77.25895891,37.67861465,Henrico County,-77.3313738,37.53882433
51087201205,51085321402,8,Hanover County,-77.25179057,37.60113008,Henrico County,-77.3313738,37.53882433
51087201205,51085321403,2,Hanover County,-77.17923965,37.62402478,Henrico County,-77.3313738,37.53882433
51087201206,51085320602,1,Hanover County,-77.47318377,37.74416695,Henrico County,-77.34764569,37.54408058
51087201403,51085320200,1,Hanover County,-77.68504133,37.80777585,Henrico County,-77.2683449,37.53480774
51087201403,51085320400,1,Hanover County,-77.53119038,37.72350989,Henrico County,-77.2683449,37.53480774
51087201403,51085320804,1,Hanover County,-77.42040307,37.68215954,Henrico County,-77.2683449,37.53480774
51087201403,51085320901,1,Hanover County,-77.35950464,37.65874207,Henrico County,-77.2683449,37.53480774
51087201403,51085320902,3,Hanover County,-77.38681578,37.63660736,Henrico County,-77.2683449,37.53480774
51087201403,51085321001,1,Hanover County,-77.35319382,37.62262564,Henrico County,-77.2683449,37.53480774
51087201403,51085321003,2,Hanover County,-77.3176218,37.62396679,Henrico County,-77.2683449,37.53480774
51087201403,51085321004,4,Hanover County,-77.3166095,37.6515441,Henrico County,-77.2683449,37.53480774
51087201403,51085321201,1,Hanover County,-77.32329616,37.5880924,Henrico County,-77.2683449,37.53480774
51087201403,51085321202,1,Hanover County,-77.34349514,37.58490558,Henrico County,-77.2683449,37.53480774
51087201403,51085321300,4,Hanover County,-77.29680248,37.59112522,Henrico County,-77.2683449,37.53480774
51087201403,51085321401,2,Hanover County,-77.25895891,37.67861465,Henrico County,-77.2683449,37.53480774
51087201403,51085321402,2,Hanover County,-77.25179057,37.60113008,Henrico County,-77.2683449,37.53480774
51087201403,51085321403,2,Hanover County,-77.17923965,37.62402478,Henrico County,-77.2683449,37.53480774
51087201404,51085320100,4,Hanover County,-77.58500006,37.88594378,Henrico County,-77.24402336,37.4958059
51087201404,51085320200,2,Hanover County,-77.68504133,37.80777585,Henrico County,-77.24402336,37.4958059
51087201404,51085320300,2,Hanover County,-77.6706394,37.73181814,Henrico County,-77.24402336,37.4958059
51087201404,51085320400,4,Hanover County,-77.53119038,37.72350989,Henrico County,-77.24402336,37.4958059
51087201404,51085320500,1,Hanover County,-77.52199663,37.77211832,Henrico County,-77.24402336,37.4958059
51087201404,51085320601,2,Hanover County,-77.47144709,37.77593334,Henrico County,-77.24402336,37.4958059
51087201404,51085320701,6,Hanover County,-77.40541715,37.75339045,Henrico County,-77.24402336,37.4958059
51087201404,51085320702,7,Hanover County,-77.33973544,37.72429497,Henrico County,-77.24402336,37.4958059
51087201404,51085320801,2,Hanover County,-77.43517464,37.72101115,Henrico County,-77.24402336,37.4958059
51087201404,51085320803,5,Hanover County,-77.40178469,37.67555472,Henrico County,-77.24402336,37.4958059
51087201404,51085320804,11,Hanover County,-77.42040307,37.68215954,Henrico County,-77.24402336,37.4958059
51087201404,51085320805,2,Hanover County,-77.42512268,37.6646678,Henrico County,-77.24402336,37.4958059
51087201404,51085320901,10,Hanover County,-77.35950464,37.65874207,Henrico County,-77.24402336,37.4958059
51087201404,51085320902,1,Hanover County,-77.38681578,37.63660736,Henrico County,-77.24402336,37.4958059
51087201404,51085321001,7,Hanover County,-77.35319382,37.62262564,Henrico County,-77.24402336,37.4958059
51087201404,51085321003,1,Hanover County,-77.3176218,37.62396679,Henrico County,-77.24402336,37.4958059
51087201404,51085321004,8,Hanover County,-77.3166095,37.6515441,Henrico County,-77.24402336,37.4958059
51087201404,51085321100,8,Hanover County,-77.38262891,37.61242252,Henrico County,-77.24402336,37.4958059
51087201404,51085321201,9,Hanover County,-77.32329616,37.5880924,Henrico County,-77.24402336,37.4958059
51087201404,51085321202,5,Hanover County,-77.34349514,37.58490558,Henrico County,-77.24402336,37.4958059
51087201404,51085321300,6,Hanover County,-77.29680248,37.59112522,Henrico County,-77.24402336,37.4958059
51087201404,51085321402,2,Hanover County,-77.25179057,37.60113008,Henrico County,-77.24402336,37.4958059
51087201404,51085321403,11,Hanover County,-77.17923965,37.62402478,Henrico County,-77.24402336,37.4958059
51087201405,51085320100,1,Hanover County,-77.58500006,37.88594378,Henrico County,-77.35729804,37.53901678
51087201405,51085320200,1,Hanover County,-77.68504133,37.80777585,Henrico County,-77.35729804,37.53901678
51087201405,51085320400,1,Hanover County,-77.53119038,37.72350989,Henrico County,-77.35729804,37.53901678
51087201405,51085320500,1,Hanover County,-77.52199663,37.77211832,Henrico County,-77.35729804,37.53901678
51087201405,51085320602,1,Hanover County,-77.47318377,37.74416695,Henrico County,-77.35729804,37.53901678
51087201405,51085320701,1,Hanover County,-77.40541715,37.75339045,Henrico County,-77.35729804,37.53901678
51087201405,51085320702,1,Hanover County,-77.33973544,37.72429497,Henrico County,-77.35729804,37.53901678
51087201405,51085320803,2,Hanover County,-77.40178469,37.67555472,Henrico County,-77.35729804,37.53901678
51087201405,51085320804,3,Hanover County,-77.42040307,37.68215954,Henrico County,-77.35729804,37.53901678
51087201405,51085320901,2,Hanover County,-77.35950464,37.65874207,Henrico County,-77.35729804,37.53901678
51087201405,51085320902,8,Hanover County,-77.38681578,37.63660736,Henrico County,-77.35729804,37.53901678
51087201405,51085321004,6,Hanover County,-77.3166095,37.6515441,Henrico County,-77.35729804,37.53901678
51087201405,51085321100,4,Hanover County,-77.38262891,37.61242252,Henrico County,-77.35729804,37.53901678
51087201405,51085321201,3,Hanover County,-77.32329616,37.5880924,Henrico County,-77.35729804,37.53901678
51087201405,51085321202,1,Hanover County,-77.34349514,37.58490558,Henrico County,-77.35729804,37.53901678
51087201405,51085321300,4,Hanover County,-77.29680248,37.59112522,Henrico County,-77.35729804,37.53901678
51087201405,51085321401,1,Hanover County,-77.25895891,37.67861465,Henrico County,-77.35729804,37.53901678
51087201405,51085321402,1,Hanover County,-77.25179057,37.60113008,Henrico County,-77.35729804,37.53901678
51087201406,51085320100,11,Hanover County,-77.58500006,37.88594378,Henrico County,-77.34681993,37.52143731
51087201406,51085320200,9,Hanover County,-77.68504133,37.80777585,Henrico County,-77.34681993,37.52143731
51087201406,51085320300,7,Hanover County,-77.6706394,37.73181814,Henrico County,-77.34681993,37.52143731
51087201406,51085320400,17,Hanover County,-77.53119038,37.72350989,Henrico County,-77.34681993,37.52143731
51087201406,51085320500,3,Hanover County,-77.52199663,37.77211832,Henrico County,-77.34681993,37.52143731
51087201406,51085320601,9,Hanover County,-77.47144709,37.77593334,Henrico County,-77.34681993,37.52143731
51087201406,51085320602,7,Hanover County,-77.47318377,37.74416695,Henrico County,-77.34681993,37.52143731
51087201406,51085320701,14,Hanover County,-77.40541715,37.75339045,Henrico County,-77.34681993,37.52143731
51087201406,51085320702,11,Hanover County,-77.33973544,37.72429497,Henrico County,-77.34681993,37.52143731
51087201406,51085320801,9,Hanover County,-77.43517464,37.72101115,Henrico County,-77.34681993,37.52143731
51087201406,51085320803,17,Hanover County,-77.40178469,37.67555472,Henrico County,-77.34681993,37.52143731
51087201406,51085320804,23,Hanover County,-77.42040307,37.68215954,Henrico County,-77.34681993,37.52143731
51087201406,51085320805,21,Hanover County,-77.42512268,37.6646678,Henrico County,-77.34681993,37.52143731
51087201406,51085320901,16,Hanover County,-77.35950464,37.65874207,Henrico County,-77.34681993,37.52143731
51087201406,51085320902,14,Hanover County,-77.38681578,37.63660736,Henrico County,-77.34681993,37.52143731
51087201406,51085321001,18,Hanover County,-77.35319382,37.62262564,Henrico County,-77.34681993,37.52143731
51087201406,51085321003,6,Hanover County,-77.3176218,37.62396679,Henrico County,-77.34681993,37.52143731
51087201406,51085321004,22,Hanover County,-77.3166095,37.6515441,Henrico County,-77.34681993,37.52143731
51087201406,51085321100,25,Hanover County,-77.38262891,37.61242252,Henrico County,-77.34681993,37.52143731
51087201406,51085321201,31,Hanover County,-77.32329616,37.5880924,Henrico County,-77.34681993,37.52143731
51087201406,51085321202,31,Hanover County,-77.34349514,37.58490558,Henrico County,-77.34681993,37.52143731
51087201406,51085321300,30,Hanover County,-77.29680248,37.59112522,Henrico County,-77.34681993,37.52143731
51087201406,51085321401,14,Hanover County,-77.25895891,37.67861465,Henrico County,-77.34681993,37.52143731
51087201406,51085321402,16,Hanover County,-77.25179057,37.60113008,Henrico County,-77.34681993,37.52143731
51087201406,51085321403,17,Hanover County,-77.17923965,37.62402478,Henrico County,-77.34681993,37.52143731
51087201502,51085320100,7,Hanover County,-77.58500006,37.88594378,Henrico County,-77.33376795,37.46556736
51087201502,51085320300,3,Hanover County,-77.6706394,37.73181814,Henrico County,-77.33376795,37.46556736
51087201502,51085320400,4,Hanover County,-77.53119038,37.72350989,Henrico County,-77.33376795,37.46556736
51087201502,51085320500,1,Hanover County,-77.52199663,37.77211832,Henrico County,-77.33376795,37.46556736
51087201502,51085320701,2,Hanover County,-77.40541715,37.75339045,Henrico County,-77.33376795,37.46556736
51087201502,51085320702,2,Hanover County,-77.33973544,37.72429497,Henrico County,-77.33376795,37.46556736
51087201502,51085320801,1,Hanover County,-77.43517464,37.72101115,Henrico County,-77.33376795,37.46556736
51087201502,51085320803,3,Hanover County,-77.40178469,37.67555472,Henrico County,-77.33376795,37.46556736
51087201502,51085320804,2,Hanover County,-77.42040307,37.68215954,Henrico County,-77.33376795,37.46556736
51087201502,51085320805,2,Hanover County,-77.42512268,37.6646678,Henrico County,-77.33376795,37.46556736
51087201502,51085320901,4,Hanover County,-77.35950464,37.65874207,Henrico County,-77.33376795,37.46556736
51087201502,51085320902,1,Hanover County,-77.38681578,37.63660736,Henrico County,-77.33376795,37.46556736
51087201502,51085321001,3,Hanover County,-77.35319382,37.62262564,Henrico County,-77.33376795,37.46556736
51087201502,51085321003,3,Hanover County,-77.3176218,37.62396679,Henrico County,-77.33376795,37.46556736
51087201502,51085321004,4,Hanover County,-77.3166095,37.6515441,Henrico County,-77.33376795,37.46556736
51087201502,51085321100,3,Hanover County,-77.38262891,37.61242252,Henrico County,-77.33376795,37.46556736
51087201502,51085321201,1,Hanover County,-77.32329616,37.5880924,Henrico County,-77.33376795,37.46556736
51087201502,51085321202,5,Hanover County,-77.34349514,37.58490558,Henrico County,-77.33376795,37.46556736
51087201502,51085321300,5,Hanover County,-77.29680248,37.59112522,Henrico County,-77.33376795,37.46556736
51087201502,51085321401,6,Hanover County,-77.25895891,37.67861465,Henrico County,-77.33376795,37.46556736
51087201502,51085321403,3,Hanover County,-77.17923965,37.62402478,Henrico County,-77.33376795,37.46556736
51087201503,51085320200,2,Hanover County,-77.68504133,37.80777585,Henrico County,-77.39550375,37.49795547
51087201503,51085320602,1,Hanover County,-77.47318377,37.74416695,Henrico County,-77.39550375,37.49795547
51087201503,51085320701,2,Hanover County,-77.40541715,37.75339045,Henrico County,-77.39550375,37.49795547
51087201503,51085320803,1,Hanover County,-77.40178469,37.67555472,Henrico County,-77.39550375,37.49795547
51087201503,51085321100,3,Hanover County,-77.38262891,37.61242252,Henrico County,-77.39550375,37.49795547
51087201504,51085320100,15,Hanover County,-77.58500006,37.88594378,Henrico County,-77.37121097,37.49660947
51087201504,51085320200,14,Hanover County,-77.68504133,37.80777585,Henrico County,-77.37121097,37.49660947
51087201504,51085320300,17,Hanover County,-77.6706394,37.73181814,Henrico County,-77.37121097,37.49660947
51087201504,51085320400,10,Hanover County,-77.53119038,37.72350989,Henrico County,-77.37121097,37.49660947
51087201504,51085320500,4,Hanover County,-77.52199663,37.77211832,Henrico County,-77.37121097,37.49660947
51087201504,51085320601,5,Hanover County,-77.47144709,37.77593334,Henrico County,-77.37121097,37.49660947
51087201504,51085320602,6,Hanover County,-77.47318377,37.74416695,Henrico County,-77.37121097,37.49660947
51087201504,51085320701,19,Hanover County,-77.40541715,37.75339045,Henrico County,-77.37121097,37.49660947
51087201504,51085320702,9,Hanover County,-77.33973544,37.72429497,Henrico County,-77.37121097,37.49660947
51087201504,51085320801,7,Hanover County,-77.43517464,37.72101115,Henrico County,-77.37121097,37.49660947
51087201504,51085320803,24,Hanover County,-77.40178469,37.67555472,Henrico County,-77.37121097,37.49660947
51087201504,51085320804,7,Hanover County,-77.42040307,37.68215954,Henrico County,-77.37121097,37.49660947
51087201504,51085320805,6,Hanover County,-77.42512268,37.6646678,Henrico County,-77.37121097,37.49660947
51087201504,51085320901,10,Hanover County,-77.35950464,37.65874207,Henrico County,-77.37121097,37.49660947
51087201504,51085320902,7,Hanover County,-77.38681578,37.63660736,Henrico County,-77.37121097,37.49660947
51087201504,51085321001,14,Hanover County,-77.35319382,37.62262564,Henrico County,-77.37121097,37.49660947
51087201504,51085321003,14,Hanover County,-77.3176218,37.62396679,Henrico County,-77.37121097,37.49660947
51087201504,51085321004,16,Hanover County,-77.3166095,37.6515441,Henrico County,-77.37121097,37.49660947
51087201504,51085321100,18,Hanover County,-77.38262891,37.61242252,Henrico County,-77.37121097,37.49660947
51087201504,51085321201,48,Hanover County,-77.32329616,37.5880924,Henrico County,-77.37121097,37.49660947
51087201504,51085321202,14,Hanover County,-77.34349514,37.58490558,Henrico County,-77.37121097,37.49660947
51087201504,51085321300,43,Hanover County,-77.29680248,37.59112522,Henrico County,-77.37121097,37.49660947
51087201504,51085321401,6,Hanover County,-77.25895891,37.67861465,Henrico County,-77.37121097,37.49660947
51087201504,51085321402,15,Hanover County,-77.25179057,37.60113008,Henrico County,-77.37121097,37.49660947
51087201504,51085321403,29,Hanover County,-77.17923965,37.62402478,Henrico County,-77.37121097,37.49660947
51087201601,51085320200,1,Hanover County,-77.68504133,37.80777585,Henrico County,-77.25938321,37.4257625
51087201601,51085320400,1,Hanover County,-77.53119038,37.72350989,Henrico County,-77.25938321,37.4257625
51087201601,51085320701,1,Hanover County,-77.40541715,37.75339045,Henrico County,-77.25938321,37.4257625
51087201601,51085320803,2,Hanover County,-77.40178469,37.67555472,Henrico County,-77.25938321,37.4257625
51087201601,51085320901,1,Hanover County,-77.35950464,37.65874207,Henrico County,-77.25938321,37.4257625
51087201601,51085321004,4,Hanover County,-77.3166095,37.6515441,Henrico County,-77.25938321,37.4257625
51087201601,51085321100,6,Hanover County,-77.38262891,37.61242252,Henrico County,-77.25938321,37.4257625
51087201601,51085321201,1,Hanover County,-77.32329616,37.5880924,Henrico County,-77.25938321,37.4257625
51087201601,51085321202,1,Hanover County,-77.34349514,37.58490558,Henrico County,-77.25938321,37.4257625
51087201601,51085321300,1,Hanover County,-77.29680248,37.59112522,Henrico County,-77.25938321,37.4257625
51087201601,51085321403,1,Hanover County,-77.17923965,37.62402478,Henrico County,-77.25938321,37.4257625
51087201602,51085320100,1,Hanover County,-77.58500006,37.88594378,Henrico County,-77.36904638,37.42826207
51087201602,51085320200,10,Hanover County,-77.68504133,37.80777585,Henrico County,-77.36904638,37.42826207
51087201602,51085320500,1,Hanover County,-77.52199663,37.77211832,Henrico County,-77.36904638,37.42826207
51087201602,51085320602,3,Hanover County,-77.47318377,37.74416695,Henrico County,-77.36904638,37.42826207
51087201602,51085320701,5,Hanover County,-77.40541715,37.75339045,Henrico County,-77.36904638,37.42826207
51087201602,51085320702,3,Hanover County,-77.33973544,37.72429497,Henrico County,-77.36904638,37.42826207
51087201602,51085320801,1,Hanover County,-77.43517464,37.72101115,Henrico County,-77.36904638,37.42826207
51087201602,51085320803,4,Hanover County,-77.40178469,37.67555472,Henrico County,-77.36904638,37.42826207
51087201602,51085320804,9,Hanover County,-77.42040307,37.68215954,Henrico County,-77.36904638,37.42826207
51087201602,51085320805,4,Hanover County,-77.42512268,37.6646678,Henrico County,-77.36904638,37.42826207
51087201602,51085320901,2,Hanover County,-77.35950464,37.65874207,Henrico County,-77.36904638,37.42826207
51087201602,51085320902,8,Hanover County,-77.38681578,37.63660736,Henrico County,-77.36904638,37.42826207
51087201602,51085321001,5,Hanover County,-77.35319382,37.62262564,Henrico County,-77.36904638,37.42826207
51087201602,51085321003,2,Hanover County,-77.3176218,37.62396679,Henrico County,-77.36904638,37.42826207
51087201602,51085321004,4,Hanover County,-77.3166095,37.6515441,Henrico County,-77.36904638,37.42826207
51087201602,51085321100,4,Hanover County,-77.38262891,37.61242252,Henrico County,-77.36904638,37.42826207
51087201602,51085321201,2,Hanover County,-77.32329616,37.5880924,Henrico County,-77.36904638,37.42826207
51087201602,51085321202,1,Hanover County,-77.34349514,37.58490558,Henrico County,-77.36904638,37.42826207
51087201602,51085321300,6,Hanover County,-77.29680248,37.59112522,Henrico County,-77.36904638,37.42826207
51087201602,51085321401,4,Hanover County,-77.25895891,37.67861465,Henrico County,-77.36904638,37.42826207
51087201602,51085321403,2,Hanover County,-77.17923965,37.62402478,Henrico County,-77.36904638,37.42826207
51087201701,51085320100,8,Hanover County,-77.58500006,37.88594378,Henrico County,-77.30662179,37.52247621
51087201701,51085320200,2,Hanover County,-77.68504133,37.80777585,Henrico County,-77.30662179,37.52247621
51087201701,51085320400,1,Hanover County,-77.53119038,37.72350989,Henrico County,-77.30662179,37.52247621
51087201701,51085320602,1,Hanover County,-77.47318377,37.74416695,Henrico County,-77.30662179,37.52247621
51087201701,51085320701,4,Hanover County,-77.40541715,37.75339045,Henrico County,-77.30662179,37.52247621
51087201701,51085320702,5,Hanover County,-77.33973544,37.72429497,Henrico County,-77.30662179,37.52247621
51087201701,51085320801,1,Hanover County,-77.43517464,37.72101115,Henrico County,-77.30662179,37.52247621
51087201701,51085320803,1,Hanover County,-77.40178469,37.67555472,Henrico County,-77.30662179,37.52247621
51087201701,51085320804,1,Hanover County,-77.42040307,37.68215954,Henrico County,-77.30662179,37.52247621
51087201701,51085321001,1,Hanover County,-77.35319382,37.62262564,Henrico County,-77.30662179,37.52247621
51087201701,51085321003,1,Hanover County,-77.3176218,37.62396679,Henrico County,-77.30662179,37.52247621
51087201701,51085321004,4,Hanover County,-77.3166095,37.6515441,Henrico County,-77.30662179,37.52247621
51087201701,51085321100,3,Hanover County,-77.38262891,37.61242252,Henrico County,-77.30662179,37.52247621
51087201701,51085321201,4,Hanover County,-77.32329616,37.5880924,Henrico County,-77.30662179,37.52247621
51087201701,51085321202,1,Hanover County,-77.34349514,37.58490558,Henrico County,-77.30662179,37.52247621
51087201701,51085321300,8,Hanover County,-77.29680248,37.59112522,Henrico County,-77.30662179,37.52247621
51087201701,51085321402,9,Hanover County,-77.25179057,37.60113008,Henrico County,-77.30662179,37.52247621
51087201701,51085321403,9,Hanover County,-77.17923965,37.62402478,Henrico County,-77.30662179,37.52247621
51087980100,51085320100,1,Hanover County,-77.58500006,37.88594378,Henrico County,-77.32234849,37.50573624
51087980100,51085320200,1,Hanover County,-77.68504133,37.80777585,Henrico County,-77.32234849,37.50573624
51087980100,51085320300,6,Hanover County,-77.6706394,37.73181814,Henrico County,-77.32234849,37.50573624
51087980100,51085320400,1,Hanover County,-77.53119038,37.72350989,Henrico County,-77.32234849,37.50573624
51087980100,51085320500,3,Hanover County,-77.52199663,37.77211832,Henrico County,-77.32234849,37.50573624
51087980100,51085320601,3,Hanover County,-77.47144709,37.77593334,Henrico County,-77.32234849,37.50573624
51087980100,51085320701,5,Hanover County,-77.40541715,37.75339045,Henrico County,-77.32234849,37.50573624
51087980100,51085320702,3,Hanover County,-77.33973544,37.72429497,Henrico County,-77.32234849,37.50573624
51087980100,51085320801,5,Hanover County,-77.43517464,37.72101115,Henrico County,-77.32234849,37.50573624
51087980100,51085320803,5,Hanover County,-77.40178469,37.67555472,Henrico County,-77.32234849,37.50573624
51087980100,51085320804,13,Hanover County,-77.42040307,37.68215954,Henrico County,-77.32234849,37.50573624
51087980100,51085320805,11,Hanover County,-77.42512268,37.6646678,Henrico County,-77.32234849,37.50573624
51087980100,51085320901,8,Hanover County,-77.35950464,37.65874207,Henrico County,-77.32234849,37.50573624
51087980100,51085320902,6,Hanover County,-77.38681578,37.63660736,Henrico County,-77.32234849,37.50573624
51087980100,51085321001,5,Hanover County,-77.35319382,37.62262564,Henrico County,-77.32234849,37.50573624
51087980100,51085321003,7,Hanover County,-77.3176218,37.62396679,Henrico County,-77.32234849,37.50573624
51087980100,51085321004,12,Hanover County,-77.3166095,37.6515441,Henrico County,-77.32234849,37.50573624
51087980100,51085321100,7,Hanover County,-77.38262891,37.61242252,Henrico County,-77.32234849,37.50573624
51087980100,51085321201,13,Hanover County,-77.32329616,37.5880924,Henrico County,-77.32234849,37.50573624
51087980100,51085321202,4,Hanover County,-77.34349514,37.58490558,Henrico County,-77.32234849,37.50573624
51087980100,51085321300,1,Hanover County,-77.29680248,37.59112522,Henrico County,-77.32234849,37.50573624
51087980100,51085321401,3,Hanover County,-77.25895891,37.67861465,Henrico County,-77.32234849,37.50573624
51087980100,51085321402,12,Hanover County,-77.25179057,37.60113008,Henrico County,-77.32234849,37.50573624
51087980100,51085321403,8,Hanover County,-77.17923965,37.62402478,Henrico County,-77.32234849,37.50573624
51127700100,51085320100,3,Hanover County,-77.58500006,37.88594378,New Kent County,-77.15258488,37.55150403
51127700100,51085320300,3,Hanover County,-77.6706394,37.73181814,New Kent County,-77.15258488,37.55150403
51127700100,51085320602,5,Hanover County,-77.47318377,37.74416695,New Kent County,-77.15258488,37.55150403
51127700100,51085320701,2,Hanover County,-77.40541715,37.75339045,New Kent County,-77.15258488,37.55150403
51127700100,51085320801,4,Hanover County,-77.43517464,37.72101115,New Kent County,-77.15258488,37.55150403
51127700100,51085320803,7,Hanover County,-77.40178469,37.67555472,New Kent County,-77.15258488,37.55150403
51127700100,51085320804,4,Hanover County,-77.42040307,37.68215954,New Kent County,-77.15258488,37.55150403
51127700100,51085320901,1,Hanover County,-77.35950464,37.65874207,New Kent County,-77.15258488,37.55150403
51127700100,51085320902,1,Hanover County,-77.38681578,37.63660736,New Kent County,-77.15258488,37.55150403
51127700100,51085321001,2,Hanover County,-77.35319382,37.62262564,New Kent County,-77.15258488,37.55150403
51127700100,51085321003,3,Hanover County,-77.3176218,37.62396679,New Kent County,-77.15258488,37.55150403
51127700100,51085321004,7,Hanover County,-77.3166095,37.6515441,New Kent County,-77.15258488,37.55150403
51127700100,51085321201,4,Hanover County,-77.32329616,37.5880924,New Kent County,-77.15258488,37.55150403
51127700100,51085321202,6,Hanover County,-77.34349514,37.58490558,New Kent County,-77.15258488,37.55150403
51127700100,51085321300,3,Hanover County,-77.29680248,37.59112522,New Kent County,-77.15258488,37.55150403
51127700100,51085321401,3,Hanover County,-77.25895891,37.67861465,New Kent County,-77.15258488,37.55150403
51127700100,51085321402,1,Hanover County,-77.25179057,37.60113008,New Kent County,-77.15258488,37.55150403
51127700100,51085321403,6,Hanover County,-77.17923965,37.62402478,New Kent County,-77.15258488,37.55150403
51127700200,51085320100,4,Hanover County,-77.58500006,37.88594378,New Kent County,-77.0683817,37.51758466
51127700200,51085320300,1,Hanover County,-77.6706394,37.73181814,New Kent County,-77.0683817,37.51758466
51127700200,51085320400,2,Hanover County,-77.53119038,37.72350989,New Kent County,-77.0683817,37.51758466
51127700200,51085320601,2,Hanover County,-77.47144709,37.77593334,New Kent County,-77.0683817,37.51758466
51127700200,51085320702,1,Hanover County,-77.33973544,37.72429497,New Kent County,-77.0683817,37.51758466
51127700200,51085320801,1,Hanover County,-77.43517464,37.72101115,New Kent County,-77.0683817,37.51758466
51127700200,51085320803,2,Hanover County,-77.40178469,37.67555472,New Kent County,-77.0683817,37.51758466
51127700200,51085320804,2,Hanover County,-77.42040307,37.68215954,New Kent County,-77.0683817,37.51758466
51127700200,51085320805,2,Hanover County,-77.42512268,37.6646678,New Kent County,-77.0683817,37.51758466
51127700200,51085320901,1,Hanover County,-77.35950464,37.65874207,New Kent County,-77.0683817,37.51758466
51127700200,51085320902,2,Hanover County,-77.38681578,37.63660736,New Kent County,-77.0683817,37.51758466
51127700200,51085321001,2,Hanover County,-77.35319382,37.62262564,New Kent County,-77.0683817,37.51758466
51127700200,51085321004,3,Hanover County,-77.3166095,37.6515441,New Kent County,-77.0683817,37.51758466
51127700200,51085321100,4,Hanover County,-77.38262891,37.61242252,New Kent County,-77.0683817,37.51758466
51127700200,51085321201,4,Hanover County,-77.32329616,37.5880924,New Kent County,-77.0683817,37.51758466
51127700200,51085321202,4,Hanover County,-77.34349514,37.58490558,New Kent County,-77.0683817,37.51758466
51127700200,51085321300,1,Hanover County,-77.29680248,37.59112522,New Kent County,-77.0683817,37.51758466
51127700200,51085321403,6,Hanover County,-77.17923965,37.62402478,New Kent County,-77.0683817,37.51758466
51127700301,51085320100,1,Hanover County,-77.58500006,37.88594378,New Kent County,-76.96241525,37.44593983
51127700301,51085320400,1,Hanover County,-77.53119038,37.72350989,New Kent County,-76.96241525,37.44593983
51127700301,51085320601,4,Hanover County,-77.47144709,37.77593334,New Kent County,-76.96241525,37.44593983
51127700301,51085320702,1,Hanover County,-77.33973544,37.72429497,New Kent County,-76.96241525,37.44593983
51127700301,51085320803,2,Hanover County,-77.40178469,37.67555472,New Kent County,-76.96241525,37.44593983
51127700301,51085320804,1,Hanover County,-77.42040307,37.68215954,New Kent County,-76.96241525,37.44593983
51127700301,51085320901,4,Hanover County,-77.35950464,37.65874207,New Kent County,-76.96241525,37.44593983
51127700301,51085320902,1,Hanover County,-77.38681578,37.63660736,New Kent County,-76.96241525,37.44593983
51127700301,51085321001,1,Hanover County,-77.35319382,37.62262564,New Kent County,-76.96241525,37.44593983
51127700301,51085321003,3,Hanover County,-77.3176218,37.62396679,New Kent County,-76.96241525,37.44593983
51127700301,51085321004,1,Hanover County,-77.3166095,37.6515441,New Kent County,-76.96241525,37.44593983
51127700301,51085321100,6,Hanover County,-77.38262891,37.61242252,New Kent County,-76.96241525,37.44593983
51127700301,51085321201,9,Hanover County,-77.32329616,37.5880924,New Kent County,-76.96241525,37.44593983
51127700301,51085321300,1,Hanover County,-77.29680248,37.59112522,New Kent County,-76.96241525,37.44593983
51127700301,51085321402,2,Hanover County,-77.25179057,37.60113008,New Kent County,-76.96241525,37.44593983
51127700301,51085321403,1,Hanover County,-77.17923965,37.62402478,New Kent County,-76.96241525,37.44593983
51127700302,51085320100,5,Hanover County,-77.58500006,37.88594378,New Kent County,-76.8819588,37.50599597
51127700302,51085320200,3,Hanover County,-77.68504133,37.80777585,New Kent County,-76.8819588,37.50599597
51127700302,51085320400,4,Hanover County,-77.53119038,37.72350989,New Kent County,-76.8819588,37.50599597
51127700302,51085320500,1,Hanover County,-77.52199663,37.77211832,New Kent County,-76.8819588,37.50599597
51127700302,51085320602,1,Hanover County,-77.47318377,37.74416695,New Kent County,-76.8819588,37.50599597
51127700302,51085320702,2,Hanover County,-77.33973544,37.72429497,New Kent County,-76.8819588,37.50599597
51127700302,51085320801,7,Hanover County,-77.43517464,37.72101115,New Kent County,-76.8819588,37.50599597
51127700302,51085320803,4,Hanover County,-77.40178469,37.67555472,New Kent County,-76.8819588,37.50599597
51127700302,51085320804,2,Hanover County,-77.42040307,37.68215954,New Kent County,-76.8819588,37.50599597
51127700302,51085320805,7,Hanover County,-77.42512268,37.6646678,New Kent County,-76.8819588,37.50599597
51127700302,51085320901,6,Hanover County,-77.35950464,37.65874207,New Kent County,-76.8819588,37.50599597
51127700302,51085320902,2,Hanover County,-77.38681578,37.63660736,New Kent County,-76.8819588,37.50599597
51127700302,51085321001,3,Hanover County,-77.35319382,37.62262564,New Kent County,-76.8819588,37.50599597
51127700302,51085321003,5,Hanover County,-77.3176218,37.62396679,New Kent County,-76.8819588,37.50599597
51127700302,51085321004,8,Hanover County,-77.3166095,37.6515441,New Kent County,-76.8819588,37.50599597
51127700302,51085321100,2,Hanover County,-77.38262891,37.61242252,New Kent County,-76.8819588,37.50599597
51127700302,51085321201,3,Hanover County,-77.32329616,37.5880924,New Kent County,-76.8819588,37.50599597
51127700302,51085321202,9,Hanover County,-77.34349514,37.58490558,New Kent County,-76.8819588,37.50599597
51127700302,51085321300,6,Hanover County,-77.29680248,37.59112522,New Kent County,-76.8819588,37.50599597
51127700302,51085321401,2,Hanover County,-77.25895891,37.67861465,New Kent County,-76.8819588,37.50599597
51127700302,51085321402,3,Hanover County,-77.25179057,37.60113008,New Kent County,-76.8819588,37.50599597
51127700302,51085321403,3,Hanover County,-77.17923965,37.62402478,New Kent County,-76.8819588,37.50599597
51145500101,51085320100,6,Hanover County,-77.58500006,37.88594378,Powhatan County,-77.76191667,37.55767063
51145500101,51085320200,7,Hanover County,-77.68504133,37.80777585,Powhatan County,-77.76191667,37.55767063
51145500101,51085320300,5,Hanover County,-77.6706394,37.73181814,Powhatan County,-77.76191667,37.55767063
51145500101,51085320400,1,Hanover County,-77.53119038,37.72350989,Powhatan County,-77.76191667,37.55767063
51145500101,51085320500,2,Hanover County,-77.52199663,37.77211832,Powhatan County,-77.76191667,37.55767063
51145500101,51085320601,1,Hanover County,-77.47144709,37.77593334,Powhatan County,-77.76191667,37.55767063
51145500101,51085320602,1,Hanover County,-77.47318377,37.74416695,Powhatan County,-77.76191667,37.55767063
51145500101,51085320701,3,Hanover County,-77.40541715,37.75339045,Powhatan County,-77.76191667,37.55767063
51145500101,51085320702,1,Hanover County,-77.33973544,37.72429497,Powhatan County,-77.76191667,37.55767063
51145500101,51085320803,2,Hanover County,-77.40178469,37.67555472,Powhatan County,-77.76191667,37.55767063
51145500101,51085320804,8,Hanover County,-77.42040307,37.68215954,Powhatan County,-77.76191667,37.55767063
51145500101,51085320805,6,Hanover County,-77.42512268,37.6646678,Powhatan County,-77.76191667,37.55767063
51145500101,51085320901,13,Hanover County,-77.35950464,37.65874207,Powhatan County,-77.76191667,37.55767063
51145500101,51085320902,2,Hanover County,-77.38681578,37.63660736,Powhatan County,-77.76191667,37.55767063
51145500101,51085321001,7,Hanover County,-77.35319382,37.62262564,Powhatan County,-77.76191667,37.55767063
51145500101,51085321004,1,Hanover County,-77.3166095,37.6515441,Powhatan County,-77.76191667,37.55767063
51145500101,51085321100,4,Hanover County,-77.38262891,37.61242252,Powhatan County,-77.76191667,37.55767063
51145500101,51085321202,1,Hanover County,-77.34349514,37.58490558,Powhatan County,-77.76191667,37.55767063
51145500101,51085321300,5,Hanover County,-77.29680248,37.59112522,Powhatan County,-77.76191667,37.55767063
51145500101,51085321403,2,Hanover County,-77.17923965,37.62402478,Powhatan County,-77.76191667,37.55767063
51145500102,51085320100,1,Hanover County,-77.58500006,37.88594378,Powhatan County,-77.82617795,37.47522126
51145500102,51085320200,1,Hanover County,-77.68504133,37.80777585,Powhatan County,-77.82617795,37.47522126
51145500102,51085320300,3,Hanover County,-77.6706394,37.73181814,Powhatan County,-77.82617795,37.47522126
51145500102,51085320400,4,Hanover County,-77.53119038,37.72350989,Powhatan County,-77.82617795,37.47522126
51145500102,51085320500,1,Hanover County,-77.52199663,37.77211832,Powhatan County,-77.82617795,37.47522126
51145500102,51085320602,5,Hanover County,-77.47318377,37.74416695,Powhatan County,-77.82617795,37.47522126
51145500102,51085320701,9,Hanover County,-77.40541715,37.75339045,Powhatan County,-77.82617795,37.47522126
51145500102,51085320702,3,Hanover County,-77.33973544,37.72429497,Powhatan County,-77.82617795,37.47522126
51145500102,51085320801,1,Hanover County,-77.43517464,37.72101115,Powhatan County,-77.82617795,37.47522126
51145500102,51085320803,2,Hanover County,-77.40178469,37.67555472,Powhatan County,-77.82617795,37.47522126
51145500102,51085320804,3,Hanover County,-77.42040307,37.68215954,Powhatan County,-77.82617795,37.47522126
51145500102,51085320805,1,Hanover County,-77.42512268,37.6646678,Powhatan County,-77.82617795,37.47522126
51145500102,51085320901,1,Hanover County,-77.35950464,37.65874207,Powhatan County,-77.82617795,37.47522126
51145500102,51085321001,2,Hanover County,-77.35319382,37.62262564,Powhatan County,-77.82617795,37.47522126
51145500102,51085321003,1,Hanover County,-77.3176218,37.62396679,Powhatan County,-77.82617795,37.47522126
51145500102,51085321004,1,Hanover County,-77.3166095,37.6515441,Powhatan County,-77.82617795,37.47522126
51145500102,51085321100,6,Hanover County,-77.38262891,37.61242252,Powhatan County,-77.82617795,37.47522126
51145500102,51085321201,2,Hanover County,-77.32329616,37.5880924,Powhatan County,-77.82617795,37.47522126
51145500102,51085321202,1,Hanover County,-77.34349514,37.58490558,Powhatan County,-77.82617795,37.47522126
51145500102,51085321300,4,Hanover County,-77.29680248,37.59112522,Powhatan County,-77.82617795,37.47522126
51145500102,51085321401,1,Hanover County,-77.25895891,37.67861465,Powhatan County,-77.82617795,37.47522126
51145500102,51085321402,1,Hanover County,-77.25179057,37.60113008,Powhatan County,-77.82617795,37.47522126
51145500102,51085321403,2,Hanover County,-77.17923965,37.62402478,Powhatan County,-77.82617795,37.47522126
51145500201,51085320100,1,Hanover County,-77.58500006,37.88594378,Powhatan County,-77.89555426,37.59482961
51145500201,51085320200,1,Hanover County,-77.68504133,37.80777585,Powhatan County,-77.89555426,37.59482961
51145500201,51085320300,4,Hanover County,-77.6706394,37.73181814,Powhatan County,-77.89555426,37.59482961
51145500201,51085320602,2,Hanover County,-77.47318377,37.74416695,Powhatan County,-77.89555426,37.59482961
51145500201,51085320801,5,Hanover County,-77.43517464,37.72101115,Powhatan County,-77.89555426,37.59482961
51145500201,51085320803,1,Hanover County,-77.40178469,37.67555472,Powhatan County,-77.89555426,37.59482961
51145500201,51085320804,1,Hanover County,-77.42040307,37.68215954,Powhatan County,-77.89555426,37.59482961
51145500201,51085321300,1,Hanover County,-77.29680248,37.59112522,Powhatan County,-77.89555426,37.59482961
51145500201,51085321402,2,Hanover County,-77.25179057,37.60113008,Powhatan County,-77.89555426,37.59482961
51145500202,51085320100,2,Hanover County,-77.58500006,37.88594378,Powhatan County,-77.90999398,37.5125689
51145500202,51085320200,1,Hanover County,-77.68504133,37.80777585,Powhatan County,-77.90999398,37.5125689
51145500202,51085320300,2,Hanover County,-77.6706394,37.73181814,Powhatan County,-77.90999398,37.5125689
51145500202,51085320500,1,Hanover County,-77.52199663,37.77211832,Powhatan County,-77.90999398,37.5125689
51145500202,51085320601,2,Hanover County,-77.47144709,37.77593334,Powhatan County,-77.90999398,37.5125689
51145500202,51085320602,3,Hanover County,-77.47318377,37.74416695,Powhatan County,-77.90999398,37.5125689
51145500202,51085320701,2,Hanover County,-77.40541715,37.75339045,Powhatan County,-77.90999398,37.5125689
51145500202,51085320702,1,Hanover County,-77.33973544,37.72429497,Powhatan County,-77.90999398,37.5125689
51145500202,51085320803,1,Hanover County,-77.40178469,37.67555472,Powhatan County,-77.90999398,37.5125689
51145500202,51085320804,2,Hanover County,-77.42040307,37.68215954,Powhatan County,-77.90999398,37.5125689
51145500202,51085320805,1,Hanover County,-77.42512268,37.6646678,Powhatan County,-77.90999398,37.5125689
51145500202,51085320901,2,Hanover County,-77.35950464,37.65874207,Powhatan County,-77.90999398,37.5125689
51145500202,51085320902,2,Hanover County,-77.38681578,37.63660736,Powhatan County,-77.90999398,37.5125689
51145500202,51085321001,1,Hanover County,-77.35319382,37.62262564,Powhatan County,-77.90999398,37.5125689
51145500202,51085321004,1,Hanover County,-77.3166095,37.6515441,Powhatan County,-77.90999398,37.5125689
51145500202,51085321201,1,Hanover County,-77.32329616,37.5880924,Powhatan County,-77.90999398,37.5125689
51145500300,51085320100,3,Hanover County,-77.58500006,37.88594378,Powhatan County,-77.87952952,37.6446798
51145500300,51085320200,1,Hanover County,-77.68504133,37.80777585,Powhatan County,-77.87952952,37.6446798
51145500300,51085320300,3,Hanover County,-77.6706394,37.73181814,Powhatan County,-77.87952952,37.6446798
51145500300,51085320701,1,Hanover County,-77.40541715,37.75339045,Powhatan County,-77.87952952,37.6446798
51145500300,51085320702,1,Hanover County,-77.33973544,37.72429497,Powhatan County,-77.87952952,37.6446798
51145500300,51085320901,1,Hanover County,-77.35950464,37.65874207,Powhatan County,-77.87952952,37.6446798
51145500300,51085321004,4,Hanover County,-77.3166095,37.6515441,Powhatan County,-77.87952952,37.6446798
51145500300,51085321201,1,Hanover County,-77.32329616,37.5880924,Powhatan County,-77.87952952,37.6446798
51145500400,51085320100,3,Hanover County,-77.58500006,37.88594378,Powhatan County,-78.03659791,37.55038368
51145500400,51085320200,1,Hanover County,-77.68504133,37.80777585,Powhatan County,-78.03659791,37.55038368
51145500400,51085320300,2,Hanover County,-77.6706394,37.73181814,Powhatan County,-78.03659791,37.55038368
51145500400,51085320602,2,Hanover County,-77.47318377,37.74416695,Powhatan County,-78.03659791,37.55038368
51145500400,51085320901,3,Hanover County,-77.35950464,37.65874207,Powhatan County,-78.03659791,37.55038368
51145500400,51085321300,4,Hanover County,-77.29680248,37.59112522,Powhatan County,-78.03659791,37.55038368
51760010201,51085320100,1,Hanover County,-77.58500006,37.88594378,Richmond city,-77.45650288,37.5956666
51760010201,51085320400,3,Hanover County,-77.53119038,37.72350989,Richmond city,-77.45650288,37.5956666
51760010201,51085320601,1,Hanover County,-77.47144709,37.77593334,Richmond city,-77.45650288,37.5956666
51760010201,51085320701,4,Hanover County,-77.40541715,37.75339045,Richmond city,-77.45650288,37.5956666
51760010201,51085320804,1,Hanover County,-77.42040307,37.68215954,Richmond city,-77.45650288,37.5956666
51760010201,51085320805,4,Hanover County,-77.42512268,37.6646678,Richmond city,-77.45650288,37.5956666
51760010201,51085320901,1,Hanover County,-77.35950464,37.65874207,Richmond city,-77.45650288,37.5956666
51760010201,51085320902,3,Hanover County,-77.38681578,37.63660736,Richmond city,-77.45650288,37.5956666
51760010201,51085321004,5,Hanover County,-77.3166095,37.6515441,Richmond city,-77.45650288,37.5956666
51760010201,51085321100,3,Hanover County,-77.38262891,37.61242252,Richmond city,-77.45650288,37.5956666
51760010201,51085321201,3,Hanover County,-77.32329616,37.5880924,Richmond city,-77.45650288,37.5956666
51760010201,51085321202,4,Hanover County,-77.34349514,37.58490558,Richmond city,-77.45650288,37.5956666
51760010201,51085321300,3,Hanover County,-77.29680248,37.59112522,Richmond city,-77.45650288,37.5956666
51760010201,51085321401,1,Hanover County,-77.25895891,37.67861465,Richmond city,-77.45650288,37.5956666
51760010201,51085321403,1,Hanover County,-77.17923965,37.62402478,Richmond city,-77.45650288,37.5956666
51760010202,51085320100,6,Hanover County,-77.58500006,37.88594378,Richmond city,-77.47046992,37.58825494
51760010202,51085320200,3,Hanover County,-77.68504133,37.80777585,Richmond city,-77.47046992,37.58825494
51760010202,51085320300,4,Hanover County,-77.6706394,37.73181814,Richmond city,-77.47046992,37.58825494
51760010202,51085320500,4,Hanover County,-77.52199663,37.77211832,Richmond city,-77.47046992,37.58825494
51760010202,51085320601,1,Hanover County,-77.47144709,37.77593334,Richmond city,-77.47046992,37.58825494
51760010202,51085320602,2,Hanover County,-77.47318377,37.74416695,Richmond city,-77.47046992,37.58825494
51760010202,51085320702,3,Hanover County,-77.33973544,37.72429497,Richmond city,-77.47046992,37.58825494
51760010202,51085320801,1,Hanover County,-77.43517464,37.72101115,Richmond city,-77.47046992,37.58825494
51760010202,51085320803,2,Hanover County,-77.40178469,37.67555472,Richmond city,-77.47046992,37.58825494
51760010202,51085320804,5,Hanover County,-77.42040307,37.68215954,Richmond city,-77.47046992,37.58825494
51760010202,51085320805,10,Hanover County,-77.42512268,37.6646678,Richmond city,-77.47046992,37.58825494
51760010202,51085320901,4,Hanover County,-77.35950464,37.65874207,Richmond city,-77.47046992,37.58825494
51760010202,51085320902,7,Hanover County,-77.38681578,37.63660736,Richmond city,-77.47046992,37.58825494
51760010202,51085321001,2,Hanover County,-77.35319382,37.62262564,Richmond city,-77.47046992,37.58825494
51760010202,51085321003,7,Hanover County,-77.3176218,37.62396679,Richmond city,-77.47046992,37.58825494
51760010202,51085321004,8,Hanover County,-77.3166095,37.6515441,Richmond city,-77.47046992,37.58825494
51760010202,51085321100,9,Hanover County,-77.38262891,37.61242252,Richmond city,-77.47046992,37.58825494
51760010202,51085321201,6,Hanover County,-77.32329616,37.5880924,Richmond city,-77.47046992,37.58825494
51760010202,51085321202,3,Hanover County,-77.34349514,37.58490558,Richmond city,-77.47046992,37.58825494
51760010202,51085321300,4,Hanover County,-77.29680248,37.59112522,Richmond city,-77.47046992,37.58825494
51760010202,51085321401,2,Hanover County,-77.25895891,37.67861465,Richmond city,-77.47046992,37.58825494
51760010202,51085321402,2,Hanover County,-77.25179057,37.60113008,Richmond city,-77.47046992,37.58825494
51760010300,51085320500,1,Hanover County,-77.52199663,37.77211832,Richmond city,-77.44334733,37.59396412
51760010300,51085320702,1,Hanover County,-77.33973544,37.72429497,Richmond city,-77.44334733,37.59396412
51760010300,51085320804,2,Hanover County,-77.42040307,37.68215954,Richmond city,-77.44334733,37.59396412
51760010300,51085320901,1,Hanover County,-77.35950464,37.65874207,Richmond city,-77.44334733,37.59396412
51760010300,51085320902,1,Hanover County,-77.38681578,37.63660736,Richmond city,-77.44334733,37.59396412
51760010300,51085321003,1,Hanover County,-77.3176218,37.62396679,Richmond city,-77.44334733,37.59396412
51760010300,51085321402,2,Hanover County,-77.25179057,37.60113008,Richmond city,-77.44334733,37.59396412
51760010401,51085320100,2,Hanover County,-77.58500006,37.88594378,Richmond city,-77.45359412,37.58808447
51760010401,51085320200,4,Hanover County,-77.68504133,37.80777585,Richmond city,-77.45359412,37.58808447
51760010401,51085320300,2,Hanover County,-77.6706394,37.73181814,Richmond city,-77.45359412,37.58808447
51760010401,51085320601,1,Hanover County,-77.47144709,37.77593334,Richmond city,-77.45359412,37.58808447
51760010401,51085320602,1,Hanover County,-77.47318377,37.74416695,Richmond city,-77.45359412,37.58808447
51760010401,51085320801,1,Hanover County,-77.43517464,37.72101115,Richmond city,-77.45359412,37.58808447
51760010401,51085320803,2,Hanover County,-77.40178469,37.67555472,Richmond city,-77.45359412,37.58808447
51760010401,51085320902,3,Hanover County,-77.38681578,37.63660736,Richmond city,-77.45359412,37.58808447
51760010401,51085321403,1,Hanover County,-77.17923965,37.62402478,Richmond city,-77.45359412,37.58808447
51760010402,51085320100,2,Hanover County,-77.58500006,37.88594378,Richmond city,-77.45209,37.57866911
51760010402,51085320300,2,Hanover County,-77.6706394,37.73181814,Richmond city,-77.45209,37.57866911
51760010402,51085320400,2,Hanover County,-77.53119038,37.72350989,Richmond city,-77.45209,37.57866911
51760010402,51085320500,1,Hanover County,-77.52199663,37.77211832,Richmond city,-77.45209,37.57866911
51760010402,51085320602,2,Hanover County,-77.47318377,37.74416695,Richmond city,-77.45209,37.57866911
51760010402,51085320701,3,Hanover County,-77.40541715,37.75339045,Richmond city,-77.45209,37.57866911
51760010402,51085320702,2,Hanover County,-77.33973544,37.72429497,Richmond city,-77.45209,37.57866911
51760010402,51085320803,4,Hanover County,-77.40178469,37.67555472,Richmond city,-77.45209,37.57866911
51760010402,51085320804,2,Hanover County,-77.42040307,37.68215954,Richmond city,-77.45209,37.57866911
51760010402,51085320805,3,Hanover County,-77.42512268,37.6646678,Richmond city,-77.45209,37.57866911
51760010402,51085320901,5,Hanover County,-77.35950464,37.65874207,Richmond city,-77.45209,37.57866911
51760010402,51085321003,1,Hanover County,-77.3176218,37.62396679,Richmond city,-77.45209,37.57866911
51760010402,51085321004,1,Hanover County,-77.3166095,37.6515441,Richmond city,-77.45209,37.57866911
51760010402,51085321100,3,Hanover County,-77.38262891,37.61242252,Richmond city,-77.45209,37.57866911
51760010402,51085321201,1,Hanover County,-77.32329616,37.5880924,Richmond city,-77.45209,37.57866911
51760010402,51085321202,2,Hanover County,-77.34349514,37.58490558,Richmond city,-77.45209,37.57866911
51760010402,51085321300,4,Hanover County,-77.29680248,37.59112522,Richmond city,-77.45209,37.57866911
51760010600,51085320100,2,Hanover County,-77.58500006,37.88594378,Richmond city,-77.44178703,37.57199039
51760010600,51085320300,1,Hanover County,-77.6706394,37.73181814,Richmond city,-77.44178703,37.57199039
51760010600,51085320400,6,Hanover County,-77.53119038,37.72350989,Richmond city,-77.44178703,37.57199039
51760010600,51085320500,2,Hanover County,-77.52199663,37.77211832,Richmond city,-77.44178703,37.57199039
51760010600,51085320601,3,Hanover County,-77.47144709,37.77593334,Richmond city,-77.44178703,37.57199039
51760010600,51085320702,1,Hanover County,-77.33973544,37.72429497,Richmond city,-77.44178703,37.57199039
51760010600,51085320801,2,Hanover County,-77.43517464,37.72101115,Richmond city,-77.44178703,37.57199039
51760010600,51085320803,1,Hanover County,-77.40178469,37.67555472,Richmond city,-77.44178703,37.57199039
51760010600,51085320804,1,Hanover County,-77.42040307,37.68215954,Richmond city,-77.44178703,37.57199039
51760010600,51085320805,3,Hanover County,-77.42512268,37.6646678,Richmond city,-77.44178703,37.57199039
51760010600,51085320901,2,Hanover County,-77.35950464,37.65874207,Richmond city,-77.44178703,37.57199039
51760010600,51085320902,1,Hanover County,-77.38681578,37.63660736,Richmond city,-77.44178703,37.57199039
51760010600,51085321001,2,Hanover County,-77.35319382,37.62262564,Richmond city,-77.44178703,37.57199039
51760010600,51085321004,2,Hanover County,-77.3166095,37.6515441,Richmond city,-77.44178703,37.57199039
51760010600,51085321100,4,Hanover County,-77.38262891,37.61242252,Richmond city,-77.44178703,37.57199039
51760010600,51085321201,1,Hanover County,-77.32329616,37.5880924,Richmond city,-77.44178703,37.57199039
51760010600,51085321202,4,Hanover County,-77.34349514,37.58490558,Richmond city,-77.44178703,37.57199039
51760010600,51085321300,2,Hanover County,-77.29680248,37.59112522,Richmond city,-77.44178703,37.57199039
51760010600,51085321401,1,Hanover County,-77.25895891,37.67861465,Richmond city,-77.44178703,37.57199039
51760010600,51085321403,2,Hanover County,-77.17923965,37.62402478,Richmond city,-77.44178703,37.57199039
51760010700,51085320701,2,Hanover County,-77.40541715,37.75339045,Richmond city,-77.42996025,37.57441823
51760010700,51085320801,1,Hanover County,-77.43517464,37.72101115,Richmond city,-77.42996025,37.57441823
51760010800,51085320803,1,Hanover County,-77.40178469,37.67555472,Richmond city,-77.42070543,37.57527886
51760010800,51085320804,1,Hanover County,-77.42040307,37.68215954,Richmond city,-77.42070543,37.57527886
51760010800,51085321003,1,Hanover County,-77.3176218,37.62396679,Richmond city,-77.42070543,37.57527886
51760010800,51085321403,2,Hanover County,-77.17923965,37.62402478,Richmond city,-77.42070543,37.57527886
51760010900,51085320200,2,Hanover County,-77.68504133,37.80777585,Richmond city,-77.41765284,37.56396963
51760010900,51085320300,2,Hanover County,-77.6706394,37.73181814,Richmond city,-77.41765284,37.56396963
51760010900,51085320602,3,Hanover County,-77.47318377,37.74416695,Richmond city,-77.41765284,37.56396963
51760010900,51085320701,3,Hanover County,-77.40541715,37.75339045,Richmond city,-77.41765284,37.56396963
51760010900,51085320801,1,Hanover County,-77.43517464,37.72101115,Richmond city,-77.41765284,37.56396963
51760010900,51085320803,4,Hanover County,-77.40178469,37.67555472,Richmond city,-77.41765284,37.56396963
51760010900,51085320804,4,Hanover County,-77.42040307,37.68215954,Richmond city,-77.41765284,37.56396963
51760010900,51085320901,6,Hanover County,-77.35950464,37.65874207,Richmond city,-77.41765284,37.56396963
51760010900,51085320902,3,Hanover County,-77.38681578,37.63660736,Richmond city,-77.41765284,37.56396963
51760010900,51085321001,4,Hanover County,-77.35319382,37.62262564,Richmond city,-77.41765284,37.56396963
51760010900,51085321003,2,Hanover County,-77.3176218,37.62396679,Richmond city,-77.41765284,37.56396963
51760010900,51085321004,7,Hanover County,-77.3166095,37.6515441,Richmond city,-77.41765284,37.56396963
51760010900,51085321100,3,Hanover County,-77.38262891,37.61242252,Richmond city,-77.41765284,37.56396963
51760010900,51085321201,5,Hanover County,-77.32329616,37.5880924,Richmond city,-77.41765284,37.56396963
51760010900,51085321202,8,Hanover County,-77.34349514,37.58490558,Richmond city,-77.41765284,37.56396963
51760010900,51085321300,6,Hanover County,-77.29680248,37.59112522,Richmond city,-77.41765284,37.56396963
51760010900,51085321401,4,Hanover County,-77.25895891,37.67861465,Richmond city,-77.41765284,37.56396963
51760010900,51085321402,3,Hanover County,-77.25179057,37.60113008,Richmond city,-77.41765284,37.56396963
51760010900,51085321403,3,Hanover County,-77.17923965,37.62402478,Richmond city,-77.41765284,37.56396963
51760011000,51085320804,1,Hanover County,-77.42040307,37.68215954,Richmond city,-77.42977247,37.56257549
51760011000,51085320805,2,Hanover County,-77.42512268,37.6646678,Richmond city,-77.42977247,37.56257549
51760011000,51085321202,3,Hanover County,-77.34349514,37.58490558,Richmond city,-77.42977247,37.56257549
51760011000,51085321403,1,Hanover County,-77.17923965,37.62402478,Richmond city,-77.42977247,37.56257549
51760011100,51085320100,7,Hanover County,-77.58500006,37.88594378,Richmond city,-77.44428733,37.56218053
51760011100,51085320200,5,Hanover County,-77.68504133,37.80777585,Richmond city,-77.44428733,37.56218053
51760011100,51085320300,4,Hanover County,-77.6706394,37.73181814,Richmond city,-77.44428733,37.56218053
51760011100,51085320400,13,Hanover County,-77.53119038,37.72350989,Richmond city,-77.44428733,37.56218053
51760011100,51085320500,8,Hanover County,-77.52199663,37.77211832,Richmond city,-77.44428733,37.56218053
51760011100,51085320601,3,Hanover County,-77.47144709,37.77593334,Richmond city,-77.44428733,37.56218053
51760011100,51085320602,8,Hanover County,-77.47318377,37.74416695,Richmond city,-77.44428733,37.56218053
51760011100,51085320701,4,Hanover County,-77.40541715,37.75339045,Richmond city,-77.44428733,37.56218053
51760011100,51085320702,1,Hanover County,-77.33973544,37.72429497,Richmond city,-77.44428733,37.56218053
51760011100,51085320801,7,Hanover County,-77.43517464,37.72101115,Richmond city,-77.44428733,37.56218053
51760011100,51085320803,14,Hanover County,-77.40178469,37.67555472,Richmond city,-77.44428733,37.56218053
51760011100,51085320804,9,Hanover County,-77.42040307,37.68215954,Richmond city,-77.44428733,37.56218053
51760011100,51085320805,3,Hanover County,-77.42512268,37.6646678,Richmond city,-77.44428733,37.56218053
51760011100,51085320901,3,Hanover County,-77.35950464,37.65874207,Richmond city,-77.44428733,37.56218053
51760011100,51085320902,13,Hanover County,-77.38681578,37.63660736,Richmond city,-77.44428733,37.56218053
51760011100,51085321001,7,Hanover County,-77.35319382,37.62262564,Richmond city,-77.44428733,37.56218053
51760011100,51085321003,5,Hanover County,-77.3176218,37.62396679,Richmond city,-77.44428733,37.56218053
51760011100,51085321004,9,Hanover County,-77.3166095,37.6515441,Richmond city,-77.44428733,37.56218053
51760011100,51085321100,7,Hanover County,-77.38262891,37.61242252,Richmond city,-77.44428733,37.56218053
51760011100,51085321201,5,Hanover County,-77.32329616,37.5880924,Richmond city,-77.44428733,37.56218053
51760011100,51085321202,11,Hanover County,-77.34349514,37.58490558,Richmond city,-77.44428733,37.56218053
51760011100,51085321300,8,Hanover County,-77.29680248,37.59112522,Richmond city,-77.44428733,37.56218053
51760011100,51085321401,3,Hanover County,-77.25895891,37.67861465,Richmond city,-77.44428733,37.56218053
51760011100,51085321402,9,Hanover County,-77.25179057,37.60113008,Richmond city,-77.44428733,37.56218053
51760011100,51085321403,1,Hanover County,-77.17923965,37.62402478,Richmond city,-77.44428733,37.56218053
51760020100,51085320500,2,Hanover County,-77.52199663,37.77211832,Richmond city,-77.41799847,37.5546446
51760020100,51085320804,2,Hanover County,-77.42040307,37.68215954,Richmond city,-77.41799847,37.5546446
51760020100,51085321201,2,Hanover County,-77.32329616,37.5880924,Richmond city,-77.41799847,37.5546446
51760020100,51085321300,1,Hanover County,-77.29680248,37.59112522,Richmond city,-77.41799847,37.5546446
51760020300,51085320200,1,Hanover County,-77.68504133,37.80777585,Richmond city,-77.40809179,37.54203317
51760020300,51085320400,6,Hanover County,-77.53119038,37.72350989,Richmond city,-77.40809179,37.54203317
51760020300,51085320701,1,Hanover County,-77.40541715,37.75339045,Richmond city,-77.40809179,37.54203317
51760020300,51085320803,3,Hanover County,-77.40178469,37.67555472,Richmond city,-77.40809179,37.54203317
51760020300,51085320804,6,Hanover County,-77.42040307,37.68215954,Richmond city,-77.40809179,37.54203317
51760020300,51085320901,1,Hanover County,-77.35950464,37.65874207,Richmond city,-77.40809179,37.54203317
51760020300,51085320902,2,Hanover County,-77.38681578,37.63660736,Richmond city,-77.40809179,37.54203317
51760020300,51085321001,1,Hanover County,-77.35319382,37.62262564,Richmond city,-77.40809179,37.54203317
51760020300,51085321003,4,Hanover County,-77.3176218,37.62396679,Richmond city,-77.40809179,37.54203317
51760020300,51085321004,1,Hanover County,-77.3166095,37.6515441,Richmond city,-77.40809179,37.54203317
51760020300,51085321100,3,Hanover County,-77.38262891,37.61242252,Richmond city,-77.40809179,37.54203317
51760020300,51085321201,5,Hanover County,-77.32329616,37.5880924,Richmond city,-77.40809179,37.54203317
51760020300,51085321202,8,Hanover County,-77.34349514,37.58490558,Richmond city,-77.40809179,37.54203317
51760020300,51085321300,2,Hanover County,-77.29680248,37.59112522,Richmond city,-77.40809179,37.54203317
51760020300,51085321401,1,Hanover County,-77.25895891,37.67861465,Richmond city,-77.40809179,37.54203317
51760020300,51085321402,2,Hanover County,-77.25179057,37.60113008,Richmond city,-77.40809179,37.54203317
51760020300,51085321403,2,Hanover County,-77.17923965,37.62402478,Richmond city,-77.40809179,37.54203317
51760020400,51085320100,1,Hanover County,-77.58500006,37.88594378,Richmond city,-77.42088542,37.546529
51760020400,51085320500,1,Hanover County,-77.52199663,37.77211832,Richmond city,-77.42088542,37.546529
51760020400,51085320601,1,Hanover County,-77.47144709,37.77593334,Richmond city,-77.42088542,37.546529
51760020400,51085320702,4,Hanover County,-77.33973544,37.72429497,Richmond city,-77.42088542,37.546529
51760020400,51085320803,2,Hanover County,-77.40178469,37.67555472,Richmond city,-77.42088542,37.546529
51760020400,51085320804,1,Hanover County,-77.42040307,37.68215954,Richmond city,-77.42088542,37.546529
51760020400,51085321004,1,Hanover County,-77.3166095,37.6515441,Richmond city,-77.42088542,37.546529
51760020400,51085321100,1,Hanover County,-77.38262891,37.61242252,Richmond city,-77.42088542,37.546529
51760020400,51085321201,3,Hanover County,-77.32329616,37.5880924,Richmond city,-77.42088542,37.546529
51760020400,51085321202,1,Hanover County,-77.34349514,37.58490558,Richmond city,-77.42088542,37.546529
51760020400,51085321300,3,Hanover County,-77.29680248,37.59112522,Richmond city,-77.42088542,37.546529
51760020501,51085320100,2,Hanover County,-77.58500006,37.88594378,Richmond city,-77.42432479,37.53226453
51760020501,51085320200,3,Hanover County,-77.68504133,37.80777585,Richmond city,-77.42432479,37.53226453
51760020501,51085320300,2,Hanover County,-77.6706394,37.73181814,Richmond city,-77.42432479,37.53226453
51760020501,51085320400,2,Hanover County,-77.53119038,37.72350989,Richmond city,-77.42432479,37.53226453
51760020501,51085320500,1,Hanover County,-77.52199663,37.77211832,Richmond city,-77.42432479,37.53226453
51760020501,51085320601,3,Hanover County,-77.47144709,37.77593334,Richmond city,-77.42432479,37.53226453
51760020501,51085320701,2,Hanover County,-77.40541715,37.75339045,Richmond city,-77.42432479,37.53226453
51760020501,51085320801,2,Hanover County,-77.43517464,37.72101115,Richmond city,-77.42432479,37.53226453
51760020501,51085320803,6,Hanover County,-77.40178469,37.67555472,Richmond city,-77.42432479,37.53226453
51760020501,51085320804,2,Hanover County,-77.42040307,37.68215954,Richmond city,-77.42432479,37.53226453
51760020501,51085320805,6,Hanover County,-77.42512268,37.6646678,Richmond city,-77.42432479,37.53226453
51760020501,51085320901,6,Hanover County,-77.35950464,37.65874207,Richmond city,-77.42432479,37.53226453
51760020501,51085320902,2,Hanover County,-77.38681578,37.63660736,Richmond city,-77.42432479,37.53226453
51760020501,51085321004,6,Hanover County,-77.3166095,37.6515441,Richmond city,-77.42432479,37.53226453
51760020501,51085321100,4,Hanover County,-77.38262891,37.61242252,Richmond city,-77.42432479,37.53226453
51760020501,51085321201,2,Hanover County,-77.32329616,37.5880924,Richmond city,-77.42432479,37.53226453
51760020501,51085321202,1,Hanover County,-77.34349514,37.58490558,Richmond city,-77.42432479,37.53226453
51760020501,51085321300,4,Hanover County,-77.29680248,37.59112522,Richmond city,-77.42432479,37.53226453
51760020501,51085321401,4,Hanover County,-77.25895891,37.67861465,Richmond city,-77.42432479,37.53226453
51760020501,51085321403,2,Hanover County,-77.17923965,37.62402478,Richmond city,-77.42432479,37.53226453
51760020502,51085320200,2,Hanover County,-77.68504133,37.80777585,Richmond city,-77.42247154,37.53444058
51760020502,51085320300,1,Hanover County,-77.6706394,37.73181814,Richmond city,-77.42247154,37.53444058
51760020502,51085320400,3,Hanover County,-77.53119038,37.72350989,Richmond city,-77.42247154,37.53444058
51760020502,51085320500,1,Hanover County,-77.52199663,37.77211832,Richmond city,-77.42247154,37.53444058
51760020502,51085320601,1,Hanover County,-77.47144709,37.77593334,Richmond city,-77.42247154,37.53444058
51760020502,51085320701,2,Hanover County,-77.40541715,37.75339045,Richmond city,-77.42247154,37.53444058
51760020502,51085320801,1,Hanover County,-77.43517464,37.72101115,Richmond city,-77.42247154,37.53444058
51760020502,51085320803,9,Hanover County,-77.40178469,37.67555472,Richmond city,-77.42247154,37.53444058
51760020502,51085320805,5,Hanover County,-77.42512268,37.6646678,Richmond city,-77.42247154,37.53444058
51760020502,51085320901,3,Hanover County,-77.35950464,37.65874207,Richmond city,-77.42247154,37.53444058
51760020502,51085320902,2,Hanover County,-77.38681578,37.63660736,Richmond city,-77.42247154,37.53444058
51760020502,51085321001,2,Hanover County,-77.35319382,37.62262564,Richmond city,-77.42247154,37.53444058
51760020502,51085321004,1,Hanover County,-77.3166095,37.6515441,Richmond city,-77.42247154,37.53444058
51760020502,51085321100,1,Hanover County,-77.38262891,37.61242252,Richmond city,-77.42247154,37.53444058
51760020502,51085321300,5,Hanover County,-77.29680248,37.59112522,Richmond city,-77.42247154,37.53444058
51760020502,51085321401,3,Hanover County,-77.25895891,37.67861465,Richmond city,-77.42247154,37.53444058
51760020502,51085321402,2,Hanover County,-77.25179057,37.60113008,Richmond city,-77.42247154,37.53444058
51760020502,51085321403,1,Hanover County,-77.17923965,37.62402478,Richmond city,-77.42247154,37.53444058
51760020600,51085320200,1,Hanover County,-77.68504133,37.80777585,Richmond city,-77.41569157,37.53339478
51760020600,51085320500,1,Hanover County,-77.52199663,37.77211832,Richmond city,-77.41569157,37.53339478
51760020600,51085320602,2,Hanover County,-77.47318377,37.74416695,Richmond city,-77.41569157,37.53339478
51760020600,51085320804,1,Hanover County,-77.42040307,37.68215954,Richmond city,-77.41569157,37.53339478
51760020600,51085321003,1,Hanover County,-77.3176218,37.62396679,Richmond city,-77.41569157,37.53339478
51760020600,51085321100,1,Hanover County,-77.38262891,37.61242252,Richmond city,-77.41569157,37.53339478
51760020600,51085321201,6,Hanover County,-77.32329616,37.5880924,Richmond city,-77.41569157,37.53339478
51760020600,51085321401,2,Hanover County,-77.25895891,37.67861465,Richmond city,-77.41569157,37.53339478
51760020600,51085321403,2,Hanover County,-77.17923965,37.62402478,Richmond city,-77.41569157,37.53339478
51760020700,51085320400,1,Hanover County,-77.53119038,37.72350989,Richmond city,-77.41135049,37.53693365
51760020700,51085320801,1,Hanover County,-77.43517464,37.72101115,Richmond city,-77.41135049,37.53693365
51760020700,51085321100,1,Hanover County,-77.38262891,37.61242252,Richmond city,-77.41135049,37.53693365
51760020700,51085321202,1,Hanover County,-77.34349514,37.58490558,Richmond city,-77.41135049,37.53693365
51760020700,51085321300,1,Hanover County,-77.29680248,37.59112522,Richmond city,-77.41135049,37.53693365
51760020700,51085321403,2,Hanover County,-77.17923965,37.62402478,Richmond city,-77.41135049,37.53693365
51760020800,51085320300,1,Hanover County,-77.6706394,37.73181814,Richmond city,-77.41208334,37.52699791
51760020800,51085321201,1,Hanover County,-77.32329616,37.5880924,Richmond city,-77.41208334,37.52699791
51760020800,51085321300,2,Hanover County,-77.29680248,37.59112522,Richmond city,-77.41208334,37.52699791
51760020900,51085320701,1,Hanover County,-77.40541715,37.75339045,Richmond city,-77.39797056,37.53285207
51760020900,51085321100,1,Hanover County,-77.38262891,37.61242252,Richmond city,-77.39797056,37.53285207
51760021000,51085321003,2,Hanover County,-77.3176218,37.62396679,Richmond city,-77.39480781,37.52040873
51760021000,51085321300,1,Hanover County,-77.29680248,37.59112522,Richmond city,-77.39480781,37.52040873
51760021100,51085320400,1,Hanover County,-77.53119038,37.72350989,Richmond city,-77.40724566,37.5193734
51760021100,51085320701,4,Hanover County,-77.40541715,37.75339045,Richmond city,-77.40724566,37.5193734
51760021100,51085320702,1,Hanover County,-77.33973544,37.72429497,Richmond city,-77.40724566,37.5193734
51760021100,51085320803,2,Hanover County,-77.40178469,37.67555472,Richmond city,-77.40724566,37.5193734
51760021100,51085320901,4,Hanover County,-77.35950464,37.65874207,Richmond city,-77.40724566,37.5193734
51760021100,51085321003,1,Hanover County,-77.3176218,37.62396679,Richmond city,-77.40724566,37.5193734
51760021100,51085321004,1,Hanover County,-77.3166095,37.6515441,Richmond city,-77.40724566,37.5193734
51760021100,51085321100,3,Hanover County,-77.38262891,37.61242252,Richmond city,-77.40724566,37.5193734
51760021100,51085321201,5,Hanover County,-77.32329616,37.5880924,Richmond city,-77.40724566,37.5193734
51760021100,51085321300,7,Hanover County,-77.29680248,37.59112522,Richmond city,-77.40724566,37.5193734
51760021200,51085320602,2,Hanover County,-77.47318377,37.74416695,Richmond city,-77.40017833,37.51126646
51760021200,51085320803,1,Hanover County,-77.40178469,37.67555472,Richmond city,-77.40017833,37.51126646
51760021200,51085321100,2,Hanover County,-77.38262891,37.61242252,Richmond city,-77.40017833,37.51126646
51760021200,51085321402,3,Hanover County,-77.25179057,37.60113008,Richmond city,-77.40017833,37.51126646
51760021200,51085321403,3,Hanover County,-77.17923965,37.62402478,Richmond city,-77.40017833,37.51126646
51760030100,51085320300,1,Hanover County,-77.6706394,37.73181814,Richmond city,-77.43516262,37.55251664
51760030200,51085320100,42,Hanover County,-77.58500006,37.88594378,Richmond city,-77.43607585,37.54572968
51760030200,51085320200,29,Hanover County,-77.68504133,37.80777585,Richmond city,-77.43607585,37.54572968
51760030200,51085320300,27,Hanover County,-77.6706394,37.73181814,Richmond city,-77.43607585,37.54572968
51760030200,51085320400,51,Hanover County,-77.53119038,37.72350989,Richmond city,-77.43607585,37.54572968
51760030200,51085320500,39,Hanover County,-77.52199663,37.77211832,Richmond city,-77.43607585,37.54572968
51760030200,51085320601,36,Hanover County,-77.47144709,37.77593334,Richmond city,-77.43607585,37.54572968
51760030200,51085320602,13,Hanover County,-77.47318377,37.74416695,Richmond city,-77.43607585,37.54572968
51760030200,51085320701,55,Hanover County,-77.40541715,37.75339045,Richmond city,-77.43607585,37.54572968
51760030200,51085320702,44,Hanover County,-77.33973544,37.72429497,Richmond city,-77.43607585,37.54572968
51760030200,51085320801,34,Hanover County,-77.43517464,37.72101115,Richmond city,-77.43607585,37.54572968
51760030200,51085320803,135,Hanover County,-77.40178469,37.67555472,Richmond city,-77.43607585,37.54572968
51760030200,51085320804,73,Hanover County,-77.42040307,37.68215954,Richmond city,-77.43607585,37.54572968
51760030200,51085320805,46,Hanover County,-77.42512268,37.6646678,Richmond city,-77.43607585,37.54572968
51760030200,51085320901,91,Hanover County,-77.35950464,37.65874207,Richmond city,-77.43607585,37.54572968
51760030200,51085320902,36,Hanover County,-77.38681578,37.63660736,Richmond city,-77.43607585,37.54572968
51760030200,51085321001,58,Hanover County,-77.35319382,37.62262564,Richmond city,-77.43607585,37.54572968
51760030200,51085321003,47,Hanover County,-77.3176218,37.62396679,Richmond city,-77.43607585,37.54572968
51760030200,51085321004,58,Hanover County,-77.3166095,37.6515441,Richmond city,-77.43607585,37.54572968
51760030200,51085321100,71,Hanover County,-77.38262891,37.61242252,Richmond city,-77.43607585,37.54572968
51760030200,51085321201,55,Hanover County,-77.32329616,37.5880924,Richmond city,-77.43607585,37.54572968
51760030200,51085321202,53,Hanover County,-77.34349514,37.58490558,Richmond city,-77.43607585,37.54572968
51760030200,51085321300,72,Hanover County,-77.29680248,37.59112522,Richmond city,-77.43607585,37.54572968
51760030200,51085321401,35,Hanover County,-77.25895891,37.67861465,Richmond city,-77.43607585,37.54572968
51760030200,51085321402,38,Hanover County,-77.25179057,37.60113008,Richmond city,-77.43607585,37.54572968
51760030200,51085321403,46,Hanover County,-77.17923965,37.62402478,Richmond city,-77.43607585,37.54572968
51760030501,51085320100,3,Hanover County,-77.58500006,37.88594378,Richmond city,-77.44395445,37.54357501
51760030501,51085320200,6,Hanover County,-77.68504133,37.80777585,Richmond city,-77.44395445,37.54357501
51760030501,51085320300,4,Hanover County,-77.6706394,37.73181814,Richmond city,-77.44395445,37.54357501
51760030501,51085320400,9,Hanover County,-77.53119038,37.72350989,Richmond city,-77.44395445,37.54357501
51760030501,51085320500,1,Hanover County,-77.52199663,37.77211832,Richmond city,-77.44395445,37.54357501
51760030501,51085320601,10,Hanover County,-77.47144709,37.77593334,Richmond city,-77.44395445,37.54357501
51760030501,51085320602,7,Hanover County,-77.47318377,37.74416695,Richmond city,-77.44395445,37.54357501
51760030501,51085320701,6,Hanover County,-77.40541715,37.75339045,Richmond city,-77.44395445,37.54357501
51760030501,51085320702,7,Hanover County,-77.33973544,37.72429497,Richmond city,-77.44395445,37.54357501
51760030501,51085320801,12,Hanover County,-77.43517464,37.72101115,Richmond city,-77.44395445,37.54357501
51760030501,51085320803,13,Hanover County,-77.40178469,37.67555472,Richmond city,-77.44395445,37.54357501
51760030501,51085320804,16,Hanover County,-77.42040307,37.68215954,Richmond city,-77.44395445,37.54357501
51760030501,51085320805,16,Hanover County,-77.42512268,37.6646678,Richmond city,-77.44395445,37.54357501
51760030501,51085320901,24,Hanover County,-77.35950464,37.65874207,Richmond city,-77.44395445,37.54357501
51760030501,51085320902,2,Hanover County,-77.38681578,37.63660736,Richmond city,-77.44395445,37.54357501
51760030501,51085321001,6,Hanover County,-77.35319382,37.62262564,Richmond city,-77.44395445,37.54357501
51760030501,51085321003,10,Hanover County,-77.3176218,37.62396679,Richmond city,-77.44395445,37.54357501
51760030501,51085321004,13,Hanover County,-77.3166095,37.6515441,Richmond city,-77.44395445,37.54357501
51760030501,51085321100,14,Hanover County,-77.38262891,37.61242252,Richmond city,-77.44395445,37.54357501
51760030501,51085321201,5,Hanover County,-77.32329616,37.5880924,Richmond city,-77.44395445,37.54357501
51760030501,51085321202,20,Hanover County,-77.34349514,37.58490558,Richmond city,-77.44395445,37.54357501
51760030501,51085321300,30,Hanover County,-77.29680248,37.59112522,Richmond city,-77.44395445,37.54357501
51760030501,51085321401,6,Hanover County,-77.25895891,37.67861465,Richmond city,-77.44395445,37.54357501
51760030501,51085321402,11,Hanover County,-77.25179057,37.60113008,Richmond city,-77.44395445,37.54357501
51760030502,51085320100,69,Hanover County,-77.58500006,37.88594378,Richmond city,-77.43921047,37.5360341
51760030502,51085320200,92,Hanover County,-77.68504133,37.80777585,Richmond city,-77.43921047,37.5360341
51760030502,51085320300,56,Hanover County,-77.6706394,37.73181814,Richmond city,-77.43921047,37.5360341
51760030502,51085320400,84,Hanover County,-77.53119038,37.72350989,Richmond city,-77.43921047,37.5360341
51760030502,51085320500,56,Hanover County,-77.52199663,37.77211832,Richmond city,-77.43921047,37.5360341
51760030502,51085320601,55,Hanover County,-77.47144709,37.77593334,Richmond city,-77.43921047,37.5360341
51760030502,51085320602,28,Hanover County,-77.47318377,37.74416695,Richmond city,-77.43921047,37.5360341
51760030502,51085320701,103,Hanover County,-77.40541715,37.75339045,Richmond city,-77.43921047,37.5360341
51760030502,51085320702,67,Hanover County,-77.33973544,37.72429497,Richmond city,-77.43921047,37.5360341
51760030502,51085320801,69,Hanover County,-77.43517464,37.72101115,Richmond city,-77.43921047,37.5360341
51760030502,51085320803,185,Hanover County,-77.40178469,37.67555472,Richmond city,-77.43921047,37.5360341
51760030502,51085320804,141,Hanover County,-77.42040307,37.68215954,Richmond city,-77.43921047,37.5360341
51760030502,51085320805,80,Hanover County,-77.42512268,37.6646678,Richmond city,-77.43921047,37.5360341
51760030502,51085320901,121,Hanover County,-77.35950464,37.65874207,Richmond city,-77.43921047,37.5360341
51760030502,51085320902,50,Hanover County,-77.38681578,37.63660736,Richmond city,-77.43921047,37.5360341
51760030502,51085321001,59,Hanover County,-77.35319382,37.62262564,Richmond city,-77.43921047,37.5360341
51760030502,51085321003,57,Hanover County,-77.3176218,37.62396679,Richmond city,-77.43921047,37.5360341
51760030502,51085321004,109,Hanover County,-77.3166095,37.6515441,Richmond city,-77.43921047,37.5360341
51760030502,51085321100,111,Hanover County,-77.38262891,37.61242252,Richmond city,-77.43921047,37.5360341
51760030502,51085321201,77,Hanover County,-77.32329616,37.5880924,Richmond city,-77.43921047,37.5360341
51760030502,51085321202,51,Hanover County,-77.34349514,37.58490558,Richmond city,-77.43921047,37.5360341
51760030502,51085321300,127,Hanover County,-77.29680248,37.59112522,Richmond city,-77.43921047,37.5360341
51760030502,51085321401,32,Hanover County,-77.25895891,37.67861465,Richmond city,-77.43921047,37.5360341
51760030502,51085321402,66,Hanover County,-77.25179057,37.60113008,Richmond city,-77.43921047,37.5360341
51760030502,51085321403,64,Hanover County,-77.17923965,37.62402478,Richmond city,-77.43921047,37.5360341
51760040201,51085320100,1,Hanover County,-77.58500006,37.88594378,Richmond city,-77.4492581,37.55331439
51760040201,51085320200,2,Hanover County,-77.68504133,37.80777585,Richmond city,-77.4492581,37.55331439
51760040201,51085320300,2,Hanover County,-77.6706394,37.73181814,Richmond city,-77.4492581,37.55331439
51760040201,51085320500,1,Hanover County,-77.52199663,37.77211832,Richmond city,-77.4492581,37.55331439
51760040201,51085320701,1,Hanover County,-77.40541715,37.75339045,Richmond city,-77.4492581,37.55331439
51760040201,51085320702,1,Hanover County,-77.33973544,37.72429497,Richmond city,-77.4492581,37.55331439
51760040201,51085320801,1,Hanover County,-77.43517464,37.72101115,Richmond city,-77.4492581,37.55331439
51760040201,51085320804,6,Hanover County,-77.42040307,37.68215954,Richmond city,-77.4492581,37.55331439
51760040201,51085320805,1,Hanover County,-77.42512268,37.6646678,Richmond city,-77.4492581,37.55331439
51760040201,51085320902,3,Hanover County,-77.38681578,37.63660736,Richmond city,-77.4492581,37.55331439
51760040201,51085321001,3,Hanover County,-77.35319382,37.62262564,Richmond city,-77.4492581,37.55331439
51760040201,51085321004,1,Hanover County,-77.3166095,37.6515441,Richmond city,-77.4492581,37.55331439
51760040201,51085321100,4,Hanover County,-77.38262891,37.61242252,Richmond city,-77.4492581,37.55331439
51760040201,51085321202,2,Hanover County,-77.34349514,37.58490558,Richmond city,-77.4492581,37.55331439
51760040201,51085321300,4,Hanover County,-77.29680248,37.59112522,Richmond city,-77.4492581,37.55331439
51760040201,51085321401,1,Hanover County,-77.25895891,37.67861465,Richmond city,-77.4492581,37.55331439
51760040202,51085320100,22,Hanover County,-77.58500006,37.88594378,Richmond city,-77.4639217,37.56693611
51760040202,51085320200,41,Hanover County,-77.68504133,37.80777585,Richmond city,-77.4639217,37.56693611
51760040202,51085320300,20,Hanover County,-77.6706394,37.73181814,Richmond city,-77.4639217,37.56693611
51760040202,51085320400,35,Hanover County,-77.53119038,37.72350989,Richmond city,-77.4639217,37.56693611
51760040202,51085320500,33,Hanover County,-77.52199663,37.77211832,Richmond city,-77.4639217,37.56693611
51760040202,51085320601,21,Hanover County,-77.47144709,37.77593334,Richmond city,-77.4639217,37.56693611
51760040202,51085320602,12,Hanover County,-77.47318377,37.74416695,Richmond city,-77.4639217,37.56693611
51760040202,51085320701,40,Hanover County,-77.40541715,37.75339045,Richmond city,-77.4639217,37.56693611
51760040202,51085320702,26,Hanover County,-77.33973544,37.72429497,Richmond city,-77.4639217,37.56693611
51760040202,51085320801,33,Hanover County,-77.43517464,37.72101115,Richmond city,-77.4639217,37.56693611
51760040202,51085320803,57,Hanover County,-77.40178469,37.67555472,Richmond city,-77.4639217,37.56693611
51760040202,51085320804,43,Hanover County,-77.42040307,37.68215954,Richmond city,-77.4639217,37.56693611
51760040202,51085320805,26,Hanover County,-77.42512268,37.6646678,Richmond city,-77.4639217,37.56693611
51760040202,51085320901,53,Hanover County,-77.35950464,37.65874207,Richmond city,-77.4639217,37.56693611
51760040202,51085320902,27,Hanover County,-77.38681578,37.63660736,Richmond city,-77.4639217,37.56693611
51760040202,51085321001,29,Hanover County,-77.35319382,37.62262564,Richmond city,-77.4639217,37.56693611
51760040202,51085321003,33,Hanover County,-77.3176218,37.62396679,Richmond city,-77.4639217,37.56693611
51760040202,51085321004,46,Hanover County,-77.3166095,37.6515441,Richmond city,-77.4639217,37.56693611
51760040202,51085321100,48,Hanover County,-77.38262891,37.61242252,Richmond city,-77.4639217,37.56693611
51760040202,51085321201,64,Hanover County,-77.32329616,37.5880924,Richmond city,-77.4639217,37.56693611
51760040202,51085321202,41,Hanover County,-77.34349514,37.58490558,Richmond city,-77.4639217,37.56693611
51760040202,51085321300,61,Hanover County,-77.29680248,37.59112522,Richmond city,-77.4639217,37.56693611
51760040202,51085321401,15,Hanover County,-77.25895891,37.67861465,Richmond city,-77.4639217,37.56693611
51760040202,51085321402,31,Hanover County,-77.25179057,37.60113008,Richmond city,-77.4639217,37.56693611
51760040202,51085321403,29,Hanover County,-77.17923965,37.62402478,Richmond city,-77.4639217,37.56693611
51760040300,51085320100,19,Hanover County,-77.58500006,37.88594378,Richmond city,-77.45193567,37.54672557
51760040300,51085320200,29,Hanover County,-77.68504133,37.80777585,Richmond city,-77.45193567,37.54672557
51760040300,51085320300,14,Hanover County,-77.6706394,37.73181814,Richmond city,-77.45193567,37.54672557
51760040300,51085320400,14,Hanover County,-77.53119038,37.72350989,Richmond city,-77.45193567,37.54672557
51760040300,51085320500,18,Hanover County,-77.52199663,37.77211832,Richmond city,-77.45193567,37.54672557
51760040300,51085320601,8,Hanover County,-77.47144709,37.77593334,Richmond city,-77.45193567,37.54672557
51760040300,51085320602,14,Hanover County,-77.47318377,37.74416695,Richmond city,-77.45193567,37.54672557
51760040300,51085320701,25,Hanover County,-77.40541715,37.75339045,Richmond city,-77.45193567,37.54672557
51760040300,51085320702,10,Hanover County,-77.33973544,37.72429497,Richmond city,-77.45193567,37.54672557
51760040300,51085320801,6,Hanover County,-77.43517464,37.72101115,Richmond city,-77.45193567,37.54672557
51760040300,51085320803,60,Hanover County,-77.40178469,37.67555472,Richmond city,-77.45193567,37.54672557
51760040300,51085320804,31,Hanover County,-77.42040307,37.68215954,Richmond city,-77.45193567,37.54672557
51760040300,51085320805,23,Hanover County,-77.42512268,37.6646678,Richmond city,-77.45193567,37.54672557
51760040300,51085320901,40,Hanover County,-77.35950464,37.65874207,Richmond city,-77.45193567,37.54672557
51760040300,51085320902,13,Hanover County,-77.38681578,37.63660736,Richmond city,-77.45193567,37.54672557
51760040300,51085321001,6,Hanover County,-77.35319382,37.62262564,Richmond city,-77.45193567,37.54672557
51760040300,51085321003,10,Hanover County,-77.3176218,37.62396679,Richmond city,-77.45193567,37.54672557
51760040300,51085321004,30,Hanover County,-77.3166095,37.6515441,Richmond city,-77.45193567,37.54672557
51760040300,51085321100,20,Hanover County,-77.38262891,37.61242252,Richmond city,-77.45193567,37.54672557
51760040300,51085321201,13,Hanover County,-77.32329616,37.5880924,Richmond city,-77.45193567,37.54672557
51760040300,51085321202,15,Hanover County,-77.34349514,37.58490558,Richmond city,-77.45193567,37.54672557
51760040300,51085321300,27,Hanover County,-77.29680248,37.59112522,Richmond city,-77.45193567,37.54672557
51760040300,51085321401,7,Hanover County,-77.25895891,37.67861465,Richmond city,-77.45193567,37.54672557
51760040300,51085321402,5,Hanover County,-77.25179057,37.60113008,Richmond city,-77.45193567,37.54672557
51760040300,51085321403,2,Hanover County,-77.17923965,37.62402478,Richmond city,-77.45193567,37.54672557
51760040400,51085320100,2,Hanover County,-77.58500006,37.88594378,Richmond city,-77.45772209,37.55113572
51760040400,51085320200,1,Hanover County,-77.68504133,37.80777585,Richmond city,-77.45772209,37.55113572
51760040400,51085320500,1,Hanover County,-77.52199663,37.77211832,Richmond city,-77.45772209,37.55113572
51760040400,51085320801,2,Hanover County,-77.43517464,37.72101115,Richmond city,-77.45772209,37.55113572
51760040400,51085320804,2,Hanover County,-77.42040307,37.68215954,Richmond city,-77.45772209,37.55113572
51760040400,51085321004,1,Hanover County,-77.3166095,37.6515441,Richmond city,-77.45772209,37.55113572
51760040400,51085321201,2,Hanover County,-77.32329616,37.5880924,Richmond city,-77.45772209,37.55113572
51760040400,51085321300,2,Hanover County,-77.29680248,37.59112522,Richmond city,-77.45772209,37.55113572
51760040400,51085321401,6,Hanover County,-77.25895891,37.67861465,Richmond city,-77.45772209,37.55113572
51760040500,51085320300,2,Hanover County,-77.6706394,37.73181814,Richmond city,-77.46637051,37.55733571
51760040500,51085320400,1,Hanover County,-77.53119038,37.72350989,Richmond city,-77.46637051,37.55733571
51760040500,51085320500,2,Hanover County,-77.52199663,37.77211832,Richmond city,-77.46637051,37.55733571
51760040500,51085320601,1,Hanover County,-77.47144709,37.77593334,Richmond city,-77.46637051,37.55733571
51760040500,51085320602,3,Hanover County,-77.47318377,37.74416695,Richmond city,-77.46637051,37.55733571
51760040500,51085320701,4,Hanover County,-77.40541715,37.75339045,Richmond city,-77.46637051,37.55733571
51760040500,51085320702,2,Hanover County,-77.33973544,37.72429497,Richmond city,-77.46637051,37.55733571
51760040500,51085320803,7,Hanover County,-77.40178469,37.67555472,Richmond city,-77.46637051,37.55733571
51760040500,51085320804,2,Hanover County,-77.42040307,37.68215954,Richmond city,-77.46637051,37.55733571
51760040500,51085320805,4,Hanover County,-77.42512268,37.6646678,Richmond city,-77.46637051,37.55733571
51760040500,51085320901,5,Hanover County,-77.35950464,37.65874207,Richmond city,-77.46637051,37.55733571
51760040500,51085321003,1,Hanover County,-77.3176218,37.62396679,Richmond city,-77.46637051,37.55733571
51760040500,51085321004,5,Hanover County,-77.3166095,37.6515441,Richmond city,-77.46637051,37.55733571
51760040500,51085321201,2,Hanover County,-77.32329616,37.5880924,Richmond city,-77.46637051,37.55733571
51760040500,51085321202,2,Hanover County,-77.34349514,37.58490558,Richmond city,-77.46637051,37.55733571
51760040500,51085321300,1,Hanover County,-77.29680248,37.59112522,Richmond city,-77.46637051,37.55733571
51760040500,51085321402,2,Hanover County,-77.25179057,37.60113008,Richmond city,-77.46637051,37.55733571
51760040500,51085321403,1,Hanover County,-77.17923965,37.62402478,Richmond city,-77.46637051,37.55733571
51760040600,51085320100,1,Hanover County,-77.58500006,37.88594378,Richmond city,-77.47402292,37.56174588
51760040600,51085320701,1,Hanover County,-77.40541715,37.75339045,Richmond city,-77.47402292,37.56174588
51760040600,51085320803,4,Hanover County,-77.40178469,37.67555472,Richmond city,-77.47402292,37.56174588
51760040600,51085320804,1,Hanover County,-77.42040307,37.68215954,Richmond city,-77.47402292,37.56174588
51760040600,51085321100,1,Hanover County,-77.38262891,37.61242252,Richmond city,-77.47402292,37.56174588
51760040600,51085321201,1,Hanover County,-77.32329616,37.5880924,Richmond city,-77.47402292,37.56174588
51760040600,51085321202,2,Hanover County,-77.34349514,37.58490558,Richmond city,-77.47402292,37.56174588
51760040600,51085321401,2,Hanover County,-77.25895891,37.67861465,Richmond city,-77.47402292,37.56174588
51760040700,51085320200,1,Hanover County,-77.68504133,37.80777585,Richmond city,-77.48055806,37.5634636
51760040700,51085320300,1,Hanover County,-77.6706394,37.73181814,Richmond city,-77.48055806,37.5634636
51760040700,51085320400,4,Hanover County,-77.53119038,37.72350989,Richmond city,-77.48055806,37.5634636
51760040700,51085320601,3,Hanover County,-77.47144709,37.77593334,Richmond city,-77.48055806,37.5634636
51760040700,51085320701,2,Hanover County,-77.40541715,37.75339045,Richmond city,-77.48055806,37.5634636
51760040700,51085320801,2,Hanover County,-77.43517464,37.72101115,Richmond city,-77.48055806,37.5634636
51760040700,51085320803,2,Hanover County,-77.40178469,37.67555472,Richmond city,-77.48055806,37.5634636
51760040700,51085320804,4,Hanover County,-77.42040307,37.68215954,Richmond city,-77.48055806,37.5634636
51760040700,51085320805,4,Hanover County,-77.42512268,37.6646678,Richmond city,-77.48055806,37.5634636
51760040700,51085320901,1,Hanover County,-77.35950464,37.65874207,Richmond city,-77.48055806,37.5634636
51760040700,51085320902,1,Hanover County,-77.38681578,37.63660736,Richmond city,-77.48055806,37.5634636
51760040700,51085321003,2,Hanover County,-77.3176218,37.62396679,Richmond city,-77.48055806,37.5634636
51760040700,51085321004,7,Hanover County,-77.3166095,37.6515441,Richmond city,-77.48055806,37.5634636
51760040700,51085321100,2,Hanover County,-77.38262891,37.61242252,Richmond city,-77.48055806,37.5634636
51760040700,51085321202,2,Hanover County,-77.34349514,37.58490558,Richmond city,-77.48055806,37.5634636
51760040700,51085321300,4,Hanover County,-77.29680248,37.59112522,Richmond city,-77.48055806,37.5634636
51760040700,51085321401,2,Hanover County,-77.25895891,37.67861465,Richmond city,-77.48055806,37.5634636
51760040700,51085321402,3,Hanover County,-77.25179057,37.60113008,Richmond city,-77.48055806,37.5634636
51760040800,51085320100,3,Hanover County,-77.58500006,37.88594378,Richmond city,-77.48546707,37.55645468
51760040800,51085320200,3,Hanover County,-77.68504133,37.80777585,Richmond city,-77.48546707,37.55645468
51760040800,51085320300,2,Hanover County,-77.6706394,37.73181814,Richmond city,-77.48546707,37.55645468
51760040800,51085320400,4,Hanover County,-77.53119038,37.72350989,Richmond city,-77.48546707,37.55645468
51760040800,51085320500,2,Hanover County,-77.52199663,37.77211832,Richmond city,-77.48546707,37.55645468
51760040800,51085320601,6,Hanover County,-77.47144709,37.77593334,Richmond city,-77.48546707,37.55645468
51760040800,51085320602,1,Hanover County,-77.47318377,37.74416695,Richmond city,-77.48546707,37.55645468
51760040800,51085320702,1,Hanover County,-77.33973544,37.72429497,Richmond city,-77.48546707,37.55645468
51760040800,51085320801,1,Hanover County,-77.43517464,37.72101115,Richmond city,-77.48546707,37.55645468
51760040800,51085320803,9,Hanover County,-77.40178469,37.67555472,Richmond city,-77.48546707,37.55645468
51760040800,51085320804,12,Hanover County,-77.42040307,37.68215954,Richmond city,-77.48546707,37.55645468
51760040800,51085320805,4,Hanover County,-77.42512268,37.6646678,Richmond city,-77.48546707,37.55645468
51760040800,51085320901,7,Hanover County,-77.35950464,37.65874207,Richmond city,-77.48546707,37.55645468
51760040800,51085320902,3,Hanover County,-77.38681578,37.63660736,Richmond city,-77.48546707,37.55645468
51760040800,51085321001,1,Hanover County,-77.35319382,37.62262564,Richmond city,-77.48546707,37.55645468
51760040800,51085321003,3,Hanover County,-77.3176218,37.62396679,Richmond city,-77.48546707,37.55645468
51760040800,51085321004,2,Hanover County,-77.3166095,37.6515441,Richmond city,-77.48546707,37.55645468
51760040800,51085321100,4,Hanover County,-77.38262891,37.61242252,Richmond city,-77.48546707,37.55645468
51760040800,51085321201,3,Hanover County,-77.32329616,37.5880924,Richmond city,-77.48546707,37.55645468
51760040800,51085321202,12,Hanover County,-77.34349514,37.58490558,Richmond city,-77.48546707,37.55645468
51760040800,51085321300,5,Hanover County,-77.29680248,37.59112522,Richmond city,-77.48546707,37.55645468
51760040800,51085321401,4,Hanover County,-77.25895891,37.67861465,Richmond city,-77.48546707,37.55645468
51760040800,51085321402,2,Hanover County,-77.25179057,37.60113008,Richmond city,-77.48546707,37.55645468
51760040900,51085320100,1,Hanover County,-77.58500006,37.88594378,Richmond city,-77.47818324,37.55499684
51760040900,51085320200,3,Hanover County,-77.68504133,37.80777585,Richmond city,-77.47818324,37.55499684
51760040900,51085320400,12,Hanover County,-77.53119038,37.72350989,Richmond city,-77.47818324,37.55499684
51760040900,51085320500,1,Hanover County,-77.52199663,37.77211832,Richmond city,-77.47818324,37.55499684
51760040900,51085320601,1,Hanover County,-77.47144709,37.77593334,Richmond city,-77.47818324,37.55499684
51760040900,51085320602,8,Hanover County,-77.47318377,37.74416695,Richmond city,-77.47818324,37.55499684
51760040900,51085320701,2,Hanover County,-77.40541715,37.75339045,Richmond city,-77.47818324,37.55499684
51760040900,51085320702,1,Hanover County,-77.33973544,37.72429497,Richmond city,-77.47818324,37.55499684
51760040900,51085320801,4,Hanover County,-77.43517464,37.72101115,Richmond city,-77.47818324,37.55499684
51760040900,51085320803,14,Hanover County,-77.40178469,37.67555472,Richmond city,-77.47818324,37.55499684
51760040900,51085320804,1,Hanover County,-77.42040307,37.68215954,Richmond city,-77.47818324,37.55499684
51760040900,51085320805,3,Hanover County,-77.42512268,37.6646678,Richmond city,-77.47818324,37.55499684
51760040900,51085320901,3,Hanover County,-77.35950464,37.65874207,Richmond city,-77.47818324,37.55499684
51760040900,51085321100,3,Hanover County,-77.38262891,37.61242252,Richmond city,-77.47818324,37.55499684
51760040900,51085321201,4,Hanover County,-77.32329616,37.5880924,Richmond city,-77.47818324,37.55499684
51760040900,51085321202,3,Hanover County,-77.34349514,37.58490558,Richmond city,-77.47818324,37.55499684
51760040900,51085321300,11,Hanover County,-77.29680248,37.59112522,Richmond city,-77.47818324,37.55499684
51760040900,51085321401,1,Hanover County,-77.25895891,37.67861465,Richmond city,-77.47818324,37.55499684
51760040900,51085321402,1,Hanover County,-77.25179057,37.60113008,Richmond city,-77.47818324,37.55499684
51760040900,51085321403,2,Hanover County,-77.17923965,37.62402478,Richmond city,-77.47818324,37.55499684
51760041000,51085320300,2,Hanover County,-77.6706394,37.73181814,Richmond city,-77.46798332,37.55332496
51760041000,51085320701,2,Hanover County,-77.40541715,37.75339045,Richmond city,-77.46798332,37.55332496
51760041000,51085320801,1,Hanover County,-77.43517464,37.72101115,Richmond city,-77.46798332,37.55332496
51760041000,51085320803,3,Hanover County,-77.40178469,37.67555472,Richmond city,-77.46798332,37.55332496
51760041000,51085321004,2,Hanover County,-77.3166095,37.6515441,Richmond city,-77.46798332,37.55332496
51760041000,51085321201,1,Hanover County,-77.32329616,37.5880924,Richmond city,-77.46798332,37.55332496
51760041000,51085321300,1,Hanover County,-77.29680248,37.59112522,Richmond city,-77.46798332,37.55332496
51760041100,51085320100,6,Hanover County,-77.58500006,37.88594378,Richmond city,-77.46668641,37.54860048
51760041100,51085320200,3,Hanover County,-77.68504133,37.80777585,Richmond city,-77.46668641,37.54860048
51760041100,51085320300,1,Hanover County,-77.6706394,37.73181814,Richmond city,-77.46668641,37.54860048
51760041100,51085320400,9,Hanover County,-77.53119038,37.72350989,Richmond city,-77.46668641,37.54860048
51760041100,51085320500,2,Hanover County,-77.52199663,37.77211832,Richmond city,-77.46668641,37.54860048
51760041100,51085320601,1,Hanover County,-77.47144709,37.77593334,Richmond city,-77.46668641,37.54860048
51760041100,51085320602,1,Hanover County,-77.47318377,37.74416695,Richmond city,-77.46668641,37.54860048
51760041100,51085320701,1,Hanover County,-77.40541715,37.75339045,Richmond city,-77.46668641,37.54860048
51760041100,51085320702,4,Hanover County,-77.33973544,37.72429497,Richmond city,-77.46668641,37.54860048
51760041100,51085320801,1,Hanover County,-77.43517464,37.72101115,Richmond city,-77.46668641,37.54860048
51760041100,51085320803,14,Hanover County,-77.40178469,37.67555472,Richmond city,-77.46668641,37.54860048
51760041100,51085320804,7,Hanover County,-77.42040307,37.68215954,Richmond city,-77.46668641,37.54860048
51760041100,51085320805,3,Hanover County,-77.42512268,37.6646678,Richmond city,-77.46668641,37.54860048
51760041100,51085320901,6,Hanover County,-77.35950464,37.65874207,Richmond city,-77.46668641,37.54860048
51760041100,51085320902,1,Hanover County,-77.38681578,37.63660736,Richmond city,-77.46668641,37.54860048
51760041100,51085321001,3,Hanover County,-77.35319382,37.62262564,Richmond city,-77.46668641,37.54860048
51760041100,51085321003,1,Hanover County,-77.3176218,37.62396679,Richmond city,-77.46668641,37.54860048
51760041100,51085321004,4,Hanover County,-77.3166095,37.6515441,Richmond city,-77.46668641,37.54860048
51760041100,51085321100,4,Hanover County,-77.38262891,37.61242252,Richmond city,-77.46668641,37.54860048
51760041100,51085321202,6,Hanover County,-77.34349514,37.58490558,Richmond city,-77.46668641,37.54860048
51760041100,51085321300,10,Hanover County,-77.29680248,37.59112522,Richmond city,-77.46668641,37.54860048
51760041100,51085321401,3,Hanover County,-77.25895891,37.67861465,Richmond city,-77.46668641,37.54860048
51760041100,51085321402,8,Hanover County,-77.25179057,37.60113008,Richmond city,-77.46668641,37.54860048
51760041100,51085321403,2,Hanover County,-77.17923965,37.62402478,Richmond city,-77.46668641,37.54860048
51760041300,51085320100,7,Hanover County,-77.58500006,37.88594378,Richmond city,-77.46431434,37.53489079
51760041300,51085320200,10,Hanover County,-77.68504133,37.80777585,Richmond city,-77.46431434,37.53489079
51760041300,51085320300,7,Hanover County,-77.6706394,37.73181814,Richmond city,-77.46431434,37.53489079
51760041300,51085320400,2,Hanover County,-77.53119038,37.72350989,Richmond city,-77.46431434,37.53489079
51760041300,51085320500,4,Hanover County,-77.52199663,37.77211832,Richmond city,-77.46431434,37.53489079
51760041300,51085320601,7,Hanover County,-77.47144709,37.77593334,Richmond city,-77.46431434,37.53489079
51760041300,51085320602,5,Hanover County,-77.47318377,37.74416695,Richmond city,-77.46431434,37.53489079
51760041300,51085320701,7,Hanover County,-77.40541715,37.75339045,Richmond city,-77.46431434,37.53489079
51760041300,51085320702,1,Hanover County,-77.33973544,37.72429497,Richmond city,-77.46431434,37.53489079
51760041300,51085320801,14,Hanover County,-77.43517464,37.72101115,Richmond city,-77.46431434,37.53489079
51760041300,51085320803,21,Hanover County,-77.40178469,37.67555472,Richmond city,-77.46431434,37.53489079
51760041300,51085320804,7,Hanover County,-77.42040307,37.68215954,Richmond city,-77.46431434,37.53489079
51760041300,51085320805,3,Hanover County,-77.42512268,37.6646678,Richmond city,-77.46431434,37.53489079
51760041300,51085320901,24,Hanover County,-77.35950464,37.65874207,Richmond city,-77.46431434,37.53489079
51760041300,51085321001,4,Hanover County,-77.35319382,37.62262564,Richmond city,-77.46431434,37.53489079
51760041300,51085321003,5,Hanover County,-77.3176218,37.62396679,Richmond city,-77.46431434,37.53489079
51760041300,51085321004,6,Hanover County,-77.3166095,37.6515441,Richmond city,-77.46431434,37.53489079
51760041300,51085321100,13,Hanover County,-77.38262891,37.61242252,Richmond city,-77.46431434,37.53489079
51760041300,51085321201,8,Hanover County,-77.32329616,37.5880924,Richmond city,-77.46431434,37.53489079
51760041300,51085321300,24,Hanover County,-77.29680248,37.59112522,Richmond city,-77.46431434,37.53489079
51760041300,51085321401,3,Hanover County,-77.25895891,37.67861465,Richmond city,-77.46431434,37.53489079
51760041300,51085321402,9,Hanover County,-77.25179057,37.60113008,Richmond city,-77.46431434,37.53489079
51760041300,51085321403,2,Hanover County,-77.17923965,37.62402478,Richmond city,-77.46431434,37.53489079
51760041400,51085320100,2,Hanover County,-77.58500006,37.88594378,Richmond city,-77.4699502,37.543448
51760041400,51085320300,3,Hanover County,-77.6706394,37.73181814,Richmond city,-77.4699502,37.543448
51760041400,51085320500,2,Hanover County,-77.52199663,37.77211832,Richmond city,-77.4699502,37.543448
51760041400,51085320702,1,Hanover County,-77.33973544,37.72429497,Richmond city,-77.4699502,37.543448
51760041400,51085320803,2,Hanover County,-77.40178469,37.67555472,Richmond city,-77.4699502,37.543448
51760041400,51085320804,1,Hanover County,-77.42040307,37.68215954,Richmond city,-77.4699502,37.543448
51760041400,51085320901,1,Hanover County,-77.35950464,37.65874207,Richmond city,-77.4699502,37.543448
51760041400,51085320902,2,Hanover County,-77.38681578,37.63660736,Richmond city,-77.4699502,37.543448
51760041400,51085321100,2,Hanover County,-77.38262891,37.61242252,Richmond city,-77.4699502,37.543448
51760041400,51085321300,3,Hanover County,-77.29680248,37.59112522,Richmond city,-77.4699502,37.543448
51760041400,51085321401,1,Hanover County,-77.25895891,37.67861465,Richmond city,-77.4699502,37.543448
51760041400,51085321403,1,Hanover County,-77.17923965,37.62402478,Richmond city,-77.4699502,37.543448
51760050100,51085320100,5,Hanover County,-77.58500006,37.88594378,Richmond city,-77.48460675,37.57022207
51760050100,51085320200,14,Hanover County,-77.68504133,37.80777585,Richmond city,-77.48460675,37.57022207
51760050100,51085320300,7,Hanover County,-77.6706394,37.73181814,Richmond city,-77.48460675,37.57022207
51760050100,51085320400,4,Hanover County,-77.53119038,37.72350989,Richmond city,-77.48460675,37.57022207
51760050100,51085320601,6,Hanover County,-77.47144709,37.77593334,Richmond city,-77.48460675,37.57022207
51760050100,51085320602,5,Hanover County,-77.47318377,37.74416695,Richmond city,-77.48460675,37.57022207
51760050100,51085320701,5,Hanover County,-77.40541715,37.75339045,Richmond city,-77.48460675,37.57022207
51760050100,51085320702,5,Hanover County,-77.33973544,37.72429497,Richmond city,-77.48460675,37.57022207
51760050100,51085320801,6,Hanover County,-77.43517464,37.72101115,Richmond city,-77.48460675,37.57022207
51760050100,51085320803,8,Hanover County,-77.40178469,37.67555472,Richmond city,-77.48460675,37.57022207
51760050100,51085320804,8,Hanover County,-77.42040307,37.68215954,Richmond city,-77.48460675,37.57022207
51760050100,51085320805,8,Hanover County,-77.42512268,37.6646678,Richmond city,-77.48460675,37.57022207
51760050100,51085320901,15,Hanover County,-77.35950464,37.65874207,Richmond city,-77.48460675,37.57022207
51760050100,51085320902,4,Hanover County,-77.38681578,37.63660736,Richmond city,-77.48460675,37.57022207
51760050100,51085321001,7,Hanover County,-77.35319382,37.62262564,Richmond city,-77.48460675,37.57022207
51760050100,51085321003,7,Hanover County,-77.3176218,37.62396679,Richmond city,-77.48460675,37.57022207
51760050100,51085321004,8,Hanover County,-77.3166095,37.6515441,Richmond city,-77.48460675,37.57022207
51760050100,51085321100,18,Hanover County,-77.38262891,37.61242252,Richmond city,-77.48460675,37.57022207
51760050100,51085321201,11,Hanover County,-77.32329616,37.5880924,Richmond city,-77.48460675,37.57022207
51760050100,51085321202,8,Hanover County,-77.34349514,37.58490558,Richmond city,-77.48460675,37.57022207
51760050100,51085321300,14,Hanover County,-77.29680248,37.59112522,Richmond city,-77.48460675,37.57022207
51760050100,51085321401,4,Hanover County,-77.25895891,37.67861465,Richmond city,-77.48460675,37.57022207
51760050100,51085321402,9,Hanover County,-77.25179057,37.60113008,Richmond city,-77.48460675,37.57022207
51760050100,51085321403,3,Hanover County,-77.17923965,37.62402478,Richmond city,-77.48460675,37.57022207
51760050200,51085320100,5,Hanover County,-77.58500006,37.88594378,Richmond city,-77.49548782,37.57159401
51760050200,51085320200,2,Hanover County,-77.68504133,37.80777585,Richmond city,-77.49548782,37.57159401
51760050200,51085320300,9,Hanover County,-77.6706394,37.73181814,Richmond city,-77.49548782,37.57159401
51760050200,51085320400,3,Hanover County,-77.53119038,37.72350989,Richmond city,-77.49548782,37.57159401
51760050200,51085320500,1,Hanover County,-77.52199663,37.77211832,Richmond city,-77.49548782,37.57159401
51760050200,51085320602,4,Hanover County,-77.47318377,37.74416695,Richmond city,-77.49548782,37.57159401
51760050200,51085320701,1,Hanover County,-77.40541715,37.75339045,Richmond city,-77.49548782,37.57159401
51760050200,51085320803,3,Hanover County,-77.40178469,37.67555472,Richmond city,-77.49548782,37.57159401
51760050200,51085320805,4,Hanover County,-77.42512268,37.6646678,Richmond city,-77.49548782,37.57159401
51760050200,51085321003,6,Hanover County,-77.3176218,37.62396679,Richmond city,-77.49548782,37.57159401
51760050200,51085321004,1,Hanover County,-77.3166095,37.6515441,Richmond city,-77.49548782,37.57159401
51760050200,51085321100,2,Hanover County,-77.38262891,37.61242252,Richmond city,-77.49548782,37.57159401
51760050200,51085321201,4,Hanover County,-77.32329616,37.5880924,Richmond city,-77.49548782,37.57159401
51760050200,51085321202,2,Hanover County,-77.34349514,37.58490558,Richmond city,-77.49548782,37.57159401
51760050200,51085321300,6,Hanover County,-77.29680248,37.59112522,Richmond city,-77.49548782,37.57159401
51760050200,51085321401,6,Hanover County,-77.25895891,37.67861465,Richmond city,-77.49548782,37.57159401
51760050200,51085321402,2,Hanover County,-77.25179057,37.60113008,Richmond city,-77.49548782,37.57159401
51760050200,51085321403,4,Hanover County,-77.17923965,37.62402478,Richmond city,-77.49548782,37.57159401
51760050300,51085320200,1,Hanover County,-77.68504133,37.80777585,Richmond city,-77.49769409,37.56237785
51760050300,51085320400,2,Hanover County,-77.53119038,37.72350989,Richmond city,-77.49769409,37.56237785
51760050300,51085320701,3,Hanover County,-77.40541715,37.75339045,Richmond city,-77.49769409,37.56237785
51760050300,51085321004,11,Hanover County,-77.3166095,37.6515441,Richmond city,-77.49769409,37.56237785
51760050300,51085321100,1,Hanover County,-77.38262891,37.61242252,Richmond city,-77.49769409,37.56237785
51760050300,51085321201,1,Hanover County,-77.32329616,37.5880924,Richmond city,-77.49769409,37.56237785
51760050300,51085321300,1,Hanover County,-77.29680248,37.59112522,Richmond city,-77.49769409,37.56237785
51760050300,51085321403,1,Hanover County,-77.17923965,37.62402478,Richmond city,-77.49769409,37.56237785
51760050400,51085320100,5,Hanover County,-77.58500006,37.88594378,Richmond city,-77.51015578,37.5731352
51760050400,51085320200,6,Hanover County,-77.68504133,37.80777585,Richmond city,-77.51015578,37.5731352
51760050400,51085320300,12,Hanover County,-77.6706394,37.73181814,Richmond city,-77.51015578,37.5731352
51760050400,51085320400,4,Hanover County,-77.53119038,37.72350989,Richmond city,-77.51015578,37.5731352
51760050400,51085320500,2,Hanover County,-77.52199663,37.77211832,Richmond city,-77.51015578,37.5731352
51760050400,51085320601,2,Hanover County,-77.47144709,37.77593334,Richmond city,-77.51015578,37.5731352
51760050400,51085320602,1,Hanover County,-77.47318377,37.74416695,Richmond city,-77.51015578,37.5731352
51760050400,51085320701,3,Hanover County,-77.40541715,37.75339045,Richmond city,-77.51015578,37.5731352
51760050400,51085320702,1,Hanover County,-77.33973544,37.72429497,Richmond city,-77.51015578,37.5731352
51760050400,51085320803,9,Hanover County,-77.40178469,37.67555472,Richmond city,-77.51015578,37.5731352
51760050400,51085320804,4,Hanover County,-77.42040307,37.68215954,Richmond city,-77.51015578,37.5731352
51760050400,51085320805,2,Hanover County,-77.42512268,37.6646678,Richmond city,-77.51015578,37.5731352
51760050400,51085320901,9,Hanover County,-77.35950464,37.65874207,Richmond city,-77.51015578,37.5731352
51760050400,51085320902,6,Hanover County,-77.38681578,37.63660736,Richmond city,-77.51015578,37.5731352
51760050400,51085321001,7,Hanover County,-77.35319382,37.62262564,Richmond city,-77.51015578,37.5731352
51760050400,51085321003,4,Hanover County,-77.3176218,37.62396679,Richmond city,-77.51015578,37.5731352
51760050400,51085321004,8,Hanover County,-77.3166095,37.6515441,Richmond city,-77.51015578,37.5731352
51760050400,51085321100,8,Hanover County,-77.38262891,37.61242252,Richmond city,-77.51015578,37.5731352
51760050400,51085321201,3,Hanover County,-77.32329616,37.5880924,Richmond city,-77.51015578,37.5731352
51760050400,51085321202,5,Hanover County,-77.34349514,37.58490558,Richmond city,-77.51015578,37.5731352
51760050400,51085321403,7,Hanover County,-77.17923965,37.62402478,Richmond city,-77.51015578,37.5731352
51760050500,51085320100,11,Hanover County,-77.58500006,37.88594378,Richmond city,-77.52974168,37.57773395
51760050500,51085320200,14,Hanover County,-77.68504133,37.80777585,Richmond city,-77.52974168,37.57773395
51760050500,51085320300,18,Hanover County,-77.6706394,37.73181814,Richmond city,-77.52974168,37.57773395
51760050500,51085320400,17,Hanover County,-77.53119038,37.72350989,Richmond city,-77.52974168,37.57773395
51760050500,51085320500,3,Hanover County,-77.52199663,37.77211832,Richmond city,-77.52974168,37.57773395
51760050500,51085320601,10,Hanover County,-77.47144709,37.77593334,Richmond city,-77.52974168,37.57773395
51760050500,51085320602,7,Hanover County,-77.47318377,37.74416695,Richmond city,-77.52974168,37.57773395
51760050500,51085320701,9,Hanover County,-77.40541715,37.75339045,Richmond city,-77.52974168,37.57773395
51760050500,51085320702,5,Hanover County,-77.33973544,37.72429497,Richmond city,-77.52974168,37.57773395
51760050500,51085320801,22,Hanover County,-77.43517464,37.72101115,Richmond city,-77.52974168,37.57773395
51760050500,51085320803,7,Hanover County,-77.40178469,37.67555472,Richmond city,-77.52974168,37.57773395
51760050500,51085320804,7,Hanover County,-77.42040307,37.68215954,Richmond city,-77.52974168,37.57773395
51760050500,51085320805,11,Hanover County,-77.42512268,37.6646678,Richmond city,-77.52974168,37.57773395
51760050500,51085320901,15,Hanover County,-77.35950464,37.65874207,Richmond city,-77.52974168,37.57773395
51760050500,51085320902,2,Hanover County,-77.38681578,37.63660736,Richmond city,-77.52974168,37.57773395
51760050500,51085321001,5,Hanover County,-77.35319382,37.62262564,Richmond city,-77.52974168,37.57773395
51760050500,51085321003,5,Hanover County,-77.3176218,37.62396679,Richmond city,-77.52974168,37.57773395
51760050500,51085321004,10,Hanover County,-77.3166095,37.6515441,Richmond city,-77.52974168,37.57773395
51760050500,51085321100,9,Hanover County,-77.38262891,37.61242252,Richmond city,-77.52974168,37.57773395
51760050500,51085321201,5,Hanover County,-77.32329616,37.5880924,Richmond city,-77.52974168,37.57773395
51760050500,51085321202,6,Hanover County,-77.34349514,37.58490558,Richmond city,-77.52974168,37.57773395
51760050500,51085321300,14,Hanover County,-77.29680248,37.59112522,Richmond city,-77.52974168,37.57773395
51760050500,51085321401,3,Hanover County,-77.25895891,37.67861465,Richmond city,-77.52974168,37.57773395
51760050500,51085321402,2,Hanover County,-77.25179057,37.60113008,Richmond city,-77.52974168,37.57773395
51760050500,51085321403,6,Hanover County,-77.17923965,37.62402478,Richmond city,-77.52974168,37.57773395
51760050600,51085320300,3,Hanover County,-77.6706394,37.73181814,Richmond city,-77.50782644,37.55540179
51760050600,51085320400,1,Hanover County,-77.53119038,37.72350989,Richmond city,-77.50782644,37.55540179
51760050600,51085320601,2,Hanover County,-77.47144709,37.77593334,Richmond city,-77.50782644,37.55540179
51760050600,51085320602,1,Hanover County,-77.47318377,37.74416695,Richmond city,-77.50782644,37.55540179
51760050600,51085320801,1,Hanover County,-77.43517464,37.72101115,Richmond city,-77.50782644,37.55540179
51760050600,51085320902,1,Hanover County,-77.38681578,37.63660736,Richmond city,-77.50782644,37.55540179
51760050600,51085321300,1,Hanover County,-77.29680248,37.59112522,Richmond city,-77.50782644,37.55540179
51760060200,51085320200,1,Hanover County,-77.68504133,37.80777585,Richmond city,-77.44002448,37.5120566
51760060200,51085320400,3,Hanover County,-77.53119038,37.72350989,Richmond city,-77.44002448,37.5120566
51760060200,51085320803,2,Hanover County,-77.40178469,37.67555472,Richmond city,-77.44002448,37.5120566
51760060200,51085320804,6,Hanover County,-77.42040307,37.68215954,Richmond city,-77.44002448,37.5120566
51760060200,51085320805,1,Hanover County,-77.42512268,37.6646678,Richmond city,-77.44002448,37.5120566
51760060200,51085320901,1,Hanover County,-77.35950464,37.65874207,Richmond city,-77.44002448,37.5120566
51760060200,51085320902,3,Hanover County,-77.38681578,37.63660736,Richmond city,-77.44002448,37.5120566
51760060200,51085321001,1,Hanover County,-77.35319382,37.62262564,Richmond city,-77.44002448,37.5120566
51760060200,51085321100,2,Hanover County,-77.38262891,37.61242252,Richmond city,-77.44002448,37.5120566
51760060200,51085321202,2,Hanover County,-77.34349514,37.58490558,Richmond city,-77.44002448,37.5120566
51760060200,51085321401,3,Hanover County,-77.25895891,37.67861465,Richmond city,-77.44002448,37.5120566
51760060200,51085321402,2,Hanover County,-77.25179057,37.60113008,Richmond city,-77.44002448,37.5120566
51760060400,51085320100,1,Hanover County,-77.58500006,37.88594378,Richmond city,-77.46536277,37.51054076
51760060400,51085320200,3,Hanover County,-77.68504133,37.80777585,Richmond city,-77.46536277,37.51054076
51760060400,51085320300,2,Hanover County,-77.6706394,37.73181814,Richmond city,-77.46536277,37.51054076
51760060400,51085320500,3,Hanover County,-77.52199663,37.77211832,Richmond city,-77.46536277,37.51054076
51760060400,51085320601,3,Hanover County,-77.47144709,37.77593334,Richmond city,-77.46536277,37.51054076
51760060400,51085320702,1,Hanover County,-77.33973544,37.72429497,Richmond city,-77.46536277,37.51054076
51760060400,51085320804,4,Hanover County,-77.42040307,37.68215954,Richmond city,-77.46536277,37.51054076
51760060400,51085320805,1,Hanover County,-77.42512268,37.6646678,Richmond city,-77.46536277,37.51054076
51760060400,51085320901,2,Hanover County,-77.35950464,37.65874207,Richmond city,-77.46536277,37.51054076
51760060400,51085321003,1,Hanover County,-77.3176218,37.62396679,Richmond city,-77.46536277,37.51054076
51760060400,51085321004,2,Hanover County,-77.3166095,37.6515441,Richmond city,-77.46536277,37.51054076
51760060400,51085321100,4,Hanover County,-77.38262891,37.61242252,Richmond city,-77.46536277,37.51054076
51760060400,51085321202,1,Hanover County,-77.34349514,37.58490558,Richmond city,-77.46536277,37.51054076
51760060400,51085321403,3,Hanover County,-77.17923965,37.62402478,Richmond city,-77.46536277,37.51054076
51760060502,51085320200,1,Hanover County,-77.68504133,37.80777585,Richmond city,-77.47975428,37.51966904
51760060502,51085320300,1,Hanover County,-77.6706394,37.73181814,Richmond city,-77.47975428,37.51966904
51760060502,51085320601,2,Hanover County,-77.47144709,37.77593334,Richmond city,-77.47975428,37.51966904
51760060502,51085320803,1,Hanover County,-77.40178469,37.67555472,Richmond city,-77.47975428,37.51966904
51760060502,51085321001,1,Hanover County,-77.35319382,37.62262564,Richmond city,-77.47975428,37.51966904
51760060502,51085321202,1,Hanover County,-77.34349514,37.58490558,Richmond city,-77.47975428,37.51966904
51760060502,51085321300,1,Hanover County,-77.29680248,37.59112522,Richmond city,-77.47975428,37.51966904
51760060502,51085321403,1,Hanover County,-77.17923965,37.62402478,Richmond city,-77.47975428,37.51966904
51760060600,51085320300,3,Hanover County,-77.6706394,37.73181814,Richmond city,-77.49017897,37.52482882
51760060600,51085320602,3,Hanover County,-77.47318377,37.74416695,Richmond city,-77.49017897,37.52482882
51760060600,51085320701,2,Hanover County,-77.40541715,37.75339045,Richmond city,-77.49017897,37.52482882
51760060600,51085320902,1,Hanover County,-77.38681578,37.63660736,Richmond city,-77.49017897,37.52482882
51760060600,51085321001,1,Hanover County,-77.35319382,37.62262564,Richmond city,-77.49017897,37.52482882
51760060600,51085321004,1,Hanover County,-77.3166095,37.6515441,Richmond city,-77.49017897,37.52482882
51760060600,51085321100,2,Hanover County,-77.38262891,37.61242252,Richmond city,-77.49017897,37.52482882
51760060600,51085321202,1,Hanover County,-77.34349514,37.58490558,Richmond city,-77.49017897,37.52482882
51760060700,51085320100,4,Hanover County,-77.58500006,37.88594378,Richmond city,-77.43573925,37.50612358
51760060700,51085320200,5,Hanover County,-77.68504133,37.80777585,Richmond city,-77.43573925,37.50612358
51760060700,51085320300,10,Hanover County,-77.6706394,37.73181814,Richmond city,-77.43573925,37.50612358
51760060700,51085320400,5,Hanover County,-77.53119038,37.72350989,Richmond city,-77.43573925,37.50612358
51760060700,51085320500,5,Hanover County,-77.52199663,37.77211832,Richmond city,-77.43573925,37.50612358
51760060700,51085320602,2,Hanover County,-77.47318377,37.74416695,Richmond city,-77.43573925,37.50612358
51760060700,51085320701,2,Hanover County,-77.40541715,37.75339045,Richmond city,-77.43573925,37.50612358
51760060700,51085320702,9,Hanover County,-77.33973544,37.72429497,Richmond city,-77.43573925,37.50612358
51760060700,51085320801,6,Hanover County,-77.43517464,37.72101115,Richmond city,-77.43573925,37.50612358
51760060700,51085320803,7,Hanover County,-77.40178469,37.67555472,Richmond city,-77.43573925,37.50612358
51760060700,51085320804,3,Hanover County,-77.42040307,37.68215954,Richmond city,-77.43573925,37.50612358
51760060700,51085320805,3,Hanover County,-77.42512268,37.6646678,Richmond city,-77.43573925,37.50612358
51760060700,51085320901,3,Hanover County,-77.35950464,37.65874207,Richmond city,-77.43573925,37.50612358
51760060700,51085320902,2,Hanover County,-77.38681578,37.63660736,Richmond city,-77.43573925,37.50612358
51760060700,51085321001,2,Hanover County,-77.35319382,37.62262564,Richmond city,-77.43573925,37.50612358
51760060700,51085321003,4,Hanover County,-77.3176218,37.62396679,Richmond city,-77.43573925,37.50612358
51760060700,51085321004,5,Hanover County,-77.3166095,37.6515441,Richmond city,-77.43573925,37.50612358
51760060700,51085321100,10,Hanover County,-77.38262891,37.61242252,Richmond city,-77.43573925,37.50612358
51760060700,51085321201,15,Hanover County,-77.32329616,37.5880924,Richmond city,-77.43573925,37.50612358
51760060700,51085321202,8,Hanover County,-77.34349514,37.58490558,Richmond city,-77.43573925,37.50612358
51760060700,51085321300,16,Hanover County,-77.29680248,37.59112522,Richmond city,-77.43573925,37.50612358
51760060700,51085321401,4,Hanover County,-77.25895891,37.67861465,Richmond city,-77.43573925,37.50612358
51760060700,51085321402,10,Hanover County,-77.25179057,37.60113008,Richmond city,-77.43573925,37.50612358
51760060700,51085321403,6,Hanover County,-77.17923965,37.62402478,Richmond city,-77.43573925,37.50612358
51760060800,51085320100,7,Hanover County,-77.58500006,37.88594378,Richmond city,-77.43153703,37.47726522
51760060800,51085320200,5,Hanover County,-77.68504133,37.80777585,Richmond city,-77.43153703,37.47726522
51760060800,51085320300,6,Hanover County,-77.6706394,37.73181814,Richmond city,-77.43153703,37.47726522
51760060800,51085320400,1,Hanover County,-77.53119038,37.72350989,Richmond city,-77.43153703,37.47726522
51760060800,51085320500,3,Hanover County,-77.52199663,37.77211832,Richmond city,-77.43153703,37.47726522
51760060800,51085320601,1,Hanover County,-77.47144709,37.77593334,Richmond city,-77.43153703,37.47726522
51760060800,51085320602,4,Hanover County,-77.47318377,37.74416695,Richmond city,-77.43153703,37.47726522
51760060800,51085320701,5,Hanover County,-77.40541715,37.75339045,Richmond city,-77.43153703,37.47726522
51760060800,51085320702,3,Hanover County,-77.33973544,37.72429497,Richmond city,-77.43153703,37.47726522
51760060800,51085320801,4,Hanover County,-77.43517464,37.72101115,Richmond city,-77.43153703,37.47726522
51760060800,51085320803,8,Hanover County,-77.40178469,37.67555472,Richmond city,-77.43153703,37.47726522
51760060800,51085320804,8,Hanover County,-77.42040307,37.68215954,Richmond city,-77.43153703,37.47726522
51760060800,51085320805,11,Hanover County,-77.42512268,37.6646678,Richmond city,-77.43153703,37.47726522
51760060800,51085320901,20,Hanover County,-77.35950464,37.65874207,Richmond city,-77.43153703,37.47726522
51760060800,51085320902,3,Hanover County,-77.38681578,37.63660736,Richmond city,-77.43153703,37.47726522
51760060800,51085321001,3,Hanover County,-77.35319382,37.62262564,Richmond city,-77.43153703,37.47726522
51760060800,51085321003,3,Hanover County,-77.3176218,37.62396679,Richmond city,-77.43153703,37.47726522
51760060800,51085321004,6,Hanover County,-77.3166095,37.6515441,Richmond city,-77.43153703,37.47726522
51760060800,51085321100,12,Hanover County,-77.38262891,37.61242252,Richmond city,-77.43153703,37.47726522
51760060800,51085321201,15,Hanover County,-77.32329616,37.5880924,Richmond city,-77.43153703,37.47726522
51760060800,51085321202,10,Hanover County,-77.34349514,37.58490558,Richmond city,-77.43153703,37.47726522
51760060800,51085321300,11,Hanover County,-77.29680248,37.59112522,Richmond city,-77.43153703,37.47726522
51760060800,51085321401,6,Hanover County,-77.25895891,37.67861465,Richmond city,-77.43153703,37.47726522
51760060800,51085321402,6,Hanover County,-77.25179057,37.60113008,Richmond city,-77.43153703,37.47726522
51760060800,51085321403,9,Hanover County,-77.17923965,37.62402478,Richmond city,-77.43153703,37.47726522
51760060900,51085320100,5,Hanover County,-77.58500006,37.88594378,Richmond city,-77.43819343,37.46389442
51760060900,51085320200,1,Hanover County,-77.68504133,37.80777585,Richmond city,-77.43819343,37.46389442
51760060900,51085320300,1,Hanover County,-77.6706394,37.73181814,Richmond city,-77.43819343,37.46389442
51760060900,51085320400,6,Hanover County,-77.53119038,37.72350989,Richmond city,-77.43819343,37.46389442
51760060900,51085320500,1,Hanover County,-77.52199663,37.77211832,Richmond city,-77.43819343,37.46389442
51760060900,51085320602,5,Hanover County,-77.47318377,37.74416695,Richmond city,-77.43819343,37.46389442
51760060900,51085320701,3,Hanover County,-77.40541715,37.75339045,Richmond city,-77.43819343,37.46389442
51760060900,51085320702,2,Hanover County,-77.33973544,37.72429497,Richmond city,-77.43819343,37.46389442
51760060900,51085320801,5,Hanover County,-77.43517464,37.72101115,Richmond city,-77.43819343,37.46389442
51760060900,51085320803,3,Hanover County,-77.40178469,37.67555472,Richmond city,-77.43819343,37.46389442
51760060900,51085320804,2,Hanover County,-77.42040307,37.68215954,Richmond city,-77.43819343,37.46389442
51760060900,51085320805,1,Hanover County,-77.42512268,37.6646678,Richmond city,-77.43819343,37.46389442
51760060900,51085320901,8,Hanover County,-77.35950464,37.65874207,Richmond city,-77.43819343,37.46389442
51760060900,51085321001,4,Hanover County,-77.35319382,37.62262564,Richmond city,-77.43819343,37.46389442
51760060900,51085321003,2,Hanover County,-77.3176218,37.62396679,Richmond city,-77.43819343,37.46389442
51760060900,51085321004,3,Hanover County,-77.3166095,37.6515441,Richmond city,-77.43819343,37.46389442
51760060900,51085321100,2,Hanover County,-77.38262891,37.61242252,Richmond city,-77.43819343,37.46389442
51760060900,51085321201,3,Hanover County,-77.32329616,37.5880924,Richmond city,-77.43819343,37.46389442
51760060900,51085321202,5,Hanover County,-77.34349514,37.58490558,Richmond city,-77.43819343,37.46389442
51760060900,51085321300,5,Hanover County,-77.29680248,37.59112522,Richmond city,-77.43819343,37.46389442
51760060900,51085321401,1,Hanover County,-77.25895891,37.67861465,Richmond city,-77.43819343,37.46389442
51760060900,51085321402,3,Hanover County,-77.25179057,37.60113008,Richmond city,-77.43819343,37.46389442
51760060900,51085321403,7,Hanover County,-77.17923965,37.62402478,Richmond city,-77.43819343,37.46389442
51760061001,51085320100,1,Hanover County,-77.58500006,37.88594378,Richmond city,-77.45027612,37.52204096
51760061001,51085320300,1,Hanover County,-77.6706394,37.73181814,Richmond city,-77.45027612,37.52204096
51760061001,51085320400,2,Hanover County,-77.53119038,37.72350989,Richmond city,-77.45027612,37.52204096
51760061001,51085320701,1,Hanover County,-77.40541715,37.75339045,Richmond city,-77.45027612,37.52204096
51760061001,51085320702,2,Hanover County,-77.33973544,37.72429497,Richmond city,-77.45027612,37.52204096
51760061001,51085320801,1,Hanover County,-77.43517464,37.72101115,Richmond city,-77.45027612,37.52204096
51760061001,51085320804,5,Hanover County,-77.42040307,37.68215954,Richmond city,-77.45027612,37.52204096
51760061001,51085320805,2,Hanover County,-77.42512268,37.6646678,Richmond city,-77.45027612,37.52204096
51760061001,51085320901,4,Hanover County,-77.35950464,37.65874207,Richmond city,-77.45027612,37.52204096
51760061001,51085320902,1,Hanover County,-77.38681578,37.63660736,Richmond city,-77.45027612,37.52204096
51760061001,51085321003,1,Hanover County,-77.3176218,37.62396679,Richmond city,-77.45027612,37.52204096
51760061001,51085321004,2,Hanover County,-77.3166095,37.6515441,Richmond city,-77.45027612,37.52204096
51760061001,51085321100,1,Hanover County,-77.38262891,37.61242252,Richmond city,-77.45027612,37.52204096
51760061001,51085321201,3,Hanover County,-77.32329616,37.5880924,Richmond city,-77.45027612,37.52204096
51760061001,51085321202,3,Hanover County,-77.34349514,37.58490558,Richmond city,-77.45027612,37.52204096
51760061001,51085321300,1,Hanover County,-77.29680248,37.59112522,Richmond city,-77.45027612,37.52204096
51760061001,51085321401,2,Hanover County,-77.25895891,37.67861465,Richmond city,-77.45027612,37.52204096
51760061001,51085321402,4,Hanover County,-77.25179057,37.60113008,Richmond city,-77.45027612,37.52204096
51760061001,51085321403,3,Hanover County,-77.17923965,37.62402478,Richmond city,-77.45027612,37.52204096
51760061002,51085320100,10,Hanover County,-77.58500006,37.88594378,Richmond city,-77.43947253,37.52581857
51760061002,51085320200,12,Hanover County,-77.68504133,37.80777585,Richmond city,-77.43947253,37.52581857
51760061002,51085320300,6,Hanover County,-77.6706394,37.73181814,Richmond city,-77.43947253,37.52581857
51760061002,51085320400,14,Hanover County,-77.53119038,37.72350989,Richmond city,-77.43947253,37.52581857
51760061002,51085320500,4,Hanover County,-77.52199663,37.77211832,Richmond city,-77.43947253,37.52581857
51760061002,51085320601,11,Hanover County,-77.47144709,37.77593334,Richmond city,-77.43947253,37.52581857
51760061002,51085320602,7,Hanover County,-77.47318377,37.74416695,Richmond city,-77.43947253,37.52581857
51760061002,51085320701,12,Hanover County,-77.40541715,37.75339045,Richmond city,-77.43947253,37.52581857
51760061002,51085320702,3,Hanover County,-77.33973544,37.72429497,Richmond city,-77.43947253,37.52581857
51760061002,51085320801,7,Hanover County,-77.43517464,37.72101115,Richmond city,-77.43947253,37.52581857
51760061002,51085320803,27,Hanover County,-77.40178469,37.67555472,Richmond city,-77.43947253,37.52581857
51760061002,51085320804,12,Hanover County,-77.42040307,37.68215954,Richmond city,-77.43947253,37.52581857
51760061002,51085320805,7,Hanover County,-77.42512268,37.6646678,Richmond city,-77.43947253,37.52581857
51760061002,51085320901,7,Hanover County,-77.35950464,37.65874207,Richmond city,-77.43947253,37.52581857
51760061002,51085320902,8,Hanover County,-77.38681578,37.63660736,Richmond city,-77.43947253,37.52581857
51760061002,51085321001,7,Hanover County,-77.35319382,37.62262564,Richmond city,-77.43947253,37.52581857
51760061002,51085321003,12,Hanover County,-77.3176218,37.62396679,Richmond city,-77.43947253,37.52581857
51760061002,51085321004,14,Hanover County,-77.3166095,37.6515441,Richmond city,-77.43947253,37.52581857
51760061002,51085321100,14,Hanover County,-77.38262891,37.61242252,Richmond city,-77.43947253,37.52581857
51760061002,51085321201,4,Hanover County,-77.32329616,37.5880924,Richmond city,-77.43947253,37.52581857
51760061002,51085321202,11,Hanover County,-77.34349514,37.58490558,Richmond city,-77.43947253,37.52581857
51760061002,51085321300,20,Hanover County,-77.29680248,37.59112522,Richmond city,-77.43947253,37.52581857
51760061002,51085321401,3,Hanover County,-77.25895891,37.67861465,Richmond city,-77.43947253,37.52581857
51760061002,51085321402,8,Hanover County,-77.25179057,37.60113008,Richmond city,-77.43947253,37.52581857
51760061002,51085321403,4,Hanover County,-77.17923965,37.62402478,Richmond city,-77.43947253,37.52581857
51760070100,51085320100,11,Hanover County,-77.58500006,37.88594378,Richmond city,-77.57475071,37.54653388
51760070100,51085320200,11,Hanover County,-77.68504133,37.80777585,Richmond city,-77.57475071,37.54653388
51760070100,51085320300,8,Hanover County,-77.6706394,37.73181814,Richmond city,-77.57475071,37.54653388
51760070100,51085320400,7,Hanover County,-77.53119038,37.72350989,Richmond city,-77.57475071,37.54653388
51760070100,51085320500,14,Hanover County,-77.52199663,37.77211832,Richmond city,-77.57475071,37.54653388
51760070100,51085320601,2,Hanover County,-77.47144709,37.77593334,Richmond city,-77.57475071,37.54653388
51760070100,51085320602,7,Hanover County,-77.47318377,37.74416695,Richmond city,-77.57475071,37.54653388
51760070100,51085320701,6,Hanover County,-77.40541715,37.75339045,Richmond city,-77.57475071,37.54653388
51760070100,51085320702,4,Hanover County,-77.33973544,37.72429497,Richmond city,-77.57475071,37.54653388
51760070100,51085320801,11,Hanover County,-77.43517464,37.72101115,Richmond city,-77.57475071,37.54653388
51760070100,51085320803,20,Hanover County,-77.40178469,37.67555472,Richmond city,-77.57475071,37.54653388
51760070100,51085320804,10,Hanover County,-77.42040307,37.68215954,Richmond city,-77.57475071,37.54653388
51760070100,51085320805,11,Hanover County,-77.42512268,37.6646678,Richmond city,-77.57475071,37.54653388
51760070100,51085320901,6,Hanover County,-77.35950464,37.65874207,Richmond city,-77.57475071,37.54653388
51760070100,51085320902,11,Hanover County,-77.38681578,37.63660736,Richmond city,-77.57475071,37.54653388
51760070100,51085321001,3,Hanover County,-77.35319382,37.62262564,Richmond city,-77.57475071,37.54653388
51760070100,51085321003,2,Hanover County,-77.3176218,37.62396679,Richmond city,-77.57475071,37.54653388
51760070100,51085321004,10,Hanover County,-77.3166095,37.6515441,Richmond city,-77.57475071,37.54653388
51760070100,51085321100,16,Hanover County,-77.38262891,37.61242252,Richmond city,-77.57475071,37.54653388
51760070100,51085321201,6,Hanover County,-77.32329616,37.5880924,Richmond city,-77.57475071,37.54653388
51760070100,51085321202,4,Hanover County,-77.34349514,37.58490558,Richmond city,-77.57475071,37.54653388
51760070100,51085321300,8,Hanover County,-77.29680248,37.59112522,Richmond city,-77.57475071,37.54653388
51760070100,51085321402,9,Hanover County,-77.25179057,37.60113008,Richmond city,-77.57475071,37.54653388
51760070100,51085321403,9,Hanover County,-77.17923965,37.62402478,Richmond city,-77.57475071,37.54653388
51760070300,51085320200,3,Hanover County,-77.68504133,37.80777585,Richmond city,-77.54217078,37.54069628
51760070300,51085320300,4,Hanover County,-77.6706394,37.73181814,Richmond city,-77.54217078,37.54069628
51760070300,51085320500,1,Hanover County,-77.52199663,37.77211832,Richmond city,-77.54217078,37.54069628
51760070300,51085320601,2,Hanover County,-77.47144709,37.77593334,Richmond city,-77.54217078,37.54069628
51760070300,51085320602,8,Hanover County,-77.47318377,37.74416695,Richmond city,-77.54217078,37.54069628
51760070300,51085320801,2,Hanover County,-77.43517464,37.72101115,Richmond city,-77.54217078,37.54069628
51760070300,51085320803,4,Hanover County,-77.40178469,37.67555472,Richmond city,-77.54217078,37.54069628
51760070300,51085320804,4,Hanover County,-77.42040307,37.68215954,Richmond city,-77.54217078,37.54069628
51760070300,51085320805,2,Hanover County,-77.42512268,37.6646678,Richmond city,-77.54217078,37.54069628
51760070300,51085320901,1,Hanover County,-77.35950464,37.65874207,Richmond city,-77.54217078,37.54069628
51760070300,51085321001,1,Hanover County,-77.35319382,37.62262564,Richmond city,-77.54217078,37.54069628
51760070300,51085321003,1,Hanover County,-77.3176218,37.62396679,Richmond city,-77.54217078,37.54069628
51760070300,51085321004,6,Hanover County,-77.3166095,37.6515441,Richmond city,-77.54217078,37.54069628
51760070300,51085321100,1,Hanover County,-77.38262891,37.61242252,Richmond city,-77.54217078,37.54069628
51760070300,51085321202,3,Hanover County,-77.34349514,37.58490558,Richmond city,-77.54217078,37.54069628
51760070300,51085321300,4,Hanover County,-77.29680248,37.59112522,Richmond city,-77.54217078,37.54069628
51760070300,51085321402,1,Hanover County,-77.25179057,37.60113008,Richmond city,-77.54217078,37.54069628
51760070300,51085321403,2,Hanover County,-77.17923965,37.62402478,Richmond city,-77.54217078,37.54069628
51760070400,51085320100,8,Hanover County,-77.58500006,37.88594378,Richmond city,-77.52289864,37.54402887
51760070400,51085320200,5,Hanover County,-77.68504133,37.80777585,Richmond city,-77.52289864,37.54402887
51760070400,51085320300,8,Hanover County,-77.6706394,37.73181814,Richmond city,-77.52289864,37.54402887
51760070400,51085320400,8,Hanover County,-77.53119038,37.72350989,Richmond city,-77.52289864,37.54402887
51760070400,51085320500,2,Hanover County,-77.52199663,37.77211832,Richmond city,-77.52289864,37.54402887
51760070400,51085320601,3,Hanover County,-77.47144709,37.77593334,Richmond city,-77.52289864,37.54402887
51760070400,51085320701,1,Hanover County,-77.40541715,37.75339045,Richmond city,-77.52289864,37.54402887
51760070400,51085320702,2,Hanover County,-77.33973544,37.72429497,Richmond city,-77.52289864,37.54402887
51760070400,51085320801,1,Hanover County,-77.43517464,37.72101115,Richmond city,-77.52289864,37.54402887
51760070400,51085320803,7,Hanover County,-77.40178469,37.67555472,Richmond city,-77.52289864,37.54402887
51760070400,51085320804,8,Hanover County,-77.42040307,37.68215954,Richmond city,-77.52289864,37.54402887
51760070400,51085320901,9,Hanover County,-77.35950464,37.65874207,Richmond city,-77.52289864,37.54402887
51760070400,51085320902,2,Hanover County,-77.38681578,37.63660736,Richmond city,-77.52289864,37.54402887
51760070400,51085321001,1,Hanover County,-77.35319382,37.62262564,Richmond city,-77.52289864,37.54402887
51760070400,51085321003,1,Hanover County,-77.3176218,37.62396679,Richmond city,-77.52289864,37.54402887
51760070400,51085321004,7,Hanover County,-77.3166095,37.6515441,Richmond city,-77.52289864,37.54402887
51760070400,51085321100,6,Hanover County,-77.38262891,37.61242252,Richmond city,-77.52289864,37.54402887
51760070400,51085321201,3,Hanover County,-77.32329616,37.5880924,Richmond city,-77.52289864,37.54402887
51760070400,51085321202,8,Hanover County,-77.34349514,37.58490558,Richmond city,-77.52289864,37.54402887
51760070400,51085321300,4,Hanover County,-77.29680248,37.59112522,Richmond city,-77.52289864,37.54402887
51760070400,51085321401,4,Hanover County,-77.25895891,37.67861465,Richmond city,-77.52289864,37.54402887
51760070400,51085321402,3,Hanover County,-77.25179057,37.60113008,Richmond city,-77.52289864,37.54402887
51760070601,51085320100,4,Hanover County,-77.58500006,37.88594378,Richmond city,-77.49295088,37.50001787
51760070601,51085320200,4,Hanover County,-77.68504133,37.80777585,Richmond city,-77.49295088,37.50001787
51760070601,51085320300,2,Hanover County,-77.6706394,37.73181814,Richmond city,-77.49295088,37.50001787
51760070601,51085320601,1,Hanover County,-77.47144709,37.77593334,Richmond city,-77.49295088,37.50001787
51760070601,51085320602,2,Hanover County,-77.47318377,37.74416695,Richmond city,-77.49295088,37.50001787
51760070601,51085320702,3,Hanover County,-77.33973544,37.72429497,Richmond city,-77.49295088,37.50001787
51760070601,51085320801,2,Hanover County,-77.43517464,37.72101115,Richmond city,-77.49295088,37.50001787
51760070601,51085320803,2,Hanover County,-77.40178469,37.67555472,Richmond city,-77.49295088,37.50001787
51760070601,51085320804,7,Hanover County,-77.42040307,37.68215954,Richmond city,-77.49295088,37.50001787
51760070601,51085320805,3,Hanover County,-77.42512268,37.6646678,Richmond city,-77.49295088,37.50001787
51760070601,51085320901,3,Hanover County,-77.35950464,37.65874207,Richmond city,-77.49295088,37.50001787
51760070601,51085321001,4,Hanover County,-77.35319382,37.62262564,Richmond city,-77.49295088,37.50001787
51760070601,51085321004,4,Hanover County,-77.3166095,37.6515441,Richmond city,-77.49295088,37.50001787
51760070601,51085321100,9,Hanover County,-77.38262891,37.61242252,Richmond city,-77.49295088,37.50001787
51760070601,51085321201,7,Hanover County,-77.32329616,37.5880924,Richmond city,-77.49295088,37.50001787
51760070601,51085321202,1,Hanover County,-77.34349514,37.58490558,Richmond city,-77.49295088,37.50001787
51760070601,51085321300,2,Hanover County,-77.29680248,37.59112522,Richmond city,-77.49295088,37.50001787
51760070601,51085321402,4,Hanover County,-77.25179057,37.60113008,Richmond city,-77.49295088,37.50001787
51760070602,51085320100,4,Hanover County,-77.58500006,37.88594378,Richmond city,-77.47678105,37.49795412
51760070602,51085320200,5,Hanover County,-77.68504133,37.80777585,Richmond city,-77.47678105,37.49795412
51760070602,51085320300,1,Hanover County,-77.6706394,37.73181814,Richmond city,-77.47678105,37.49795412
51760070602,51085320400,3,Hanover County,-77.53119038,37.72350989,Richmond city,-77.47678105,37.49795412
51760070602,51085320500,2,Hanover County,-77.52199663,37.77211832,Richmond city,-77.47678105,37.49795412
51760070602,51085320601,2,Hanover County,-77.47144709,37.77593334,Richmond city,-77.47678105,37.49795412
51760070602,51085320602,2,Hanover County,-77.47318377,37.74416695,Richmond city,-77.47678105,37.49795412
51760070602,51085320702,2,Hanover County,-77.33973544,37.72429497,Richmond city,-77.47678105,37.49795412
51760070602,51085320803,3,Hanover County,-77.40178469,37.67555472,Richmond city,-77.47678105,37.49795412
51760070602,51085320805,1,Hanover County,-77.42512268,37.6646678,Richmond city,-77.47678105,37.49795412
51760070602,51085320901,7,Hanover County,-77.35950464,37.65874207,Richmond city,-77.47678105,37.49795412
51760070602,51085320902,2,Hanover County,-77.38681578,37.63660736,Richmond city,-77.47678105,37.49795412
51760070602,51085321001,2,Hanover County,-77.35319382,37.62262564,Richmond city,-77.47678105,37.49795412
51760070602,51085321003,1,Hanover County,-77.3176218,37.62396679,Richmond city,-77.47678105,37.49795412
51760070602,51085321004,5,Hanover County,-77.3166095,37.6515441,Richmond city,-77.47678105,37.49795412
51760070602,51085321100,3,Hanover County,-77.38262891,37.61242252,Richmond city,-77.47678105,37.49795412
51760070602,51085321201,3,Hanover County,-77.32329616,37.5880924,Richmond city,-77.47678105,37.49795412
51760070602,51085321202,2,Hanover County,-77.34349514,37.58490558,Richmond city,-77.47678105,37.49795412
51760070602,51085321300,2,Hanover County,-77.29680248,37.59112522,Richmond city,-77.47678105,37.49795412
51760070602,51085321402,2,Hanover County,-77.25179057,37.60113008,Richmond city,-77.47678105,37.49795412
51760070602,51085321403,2,Hanover County,-77.17923965,37.62402478,Richmond city,-77.47678105,37.49795412
51760070700,51085320200,2,Hanover County,-77.68504133,37.80777585,Richmond city,-77.50872833,37.49152382
51760070700,51085320300,1,Hanover County,-77.6706394,37.73181814,Richmond city,-77.50872833,37.49152382
51760070700,51085320400,1,Hanover County,-77.53119038,37.72350989,Richmond city,-77.50872833,37.49152382
51760070700,51085320601,1,Hanover County,-77.47144709,37.77593334,Richmond city,-77.50872833,37.49152382
51760070700,51085320701,1,Hanover County,-77.40541715,37.75339045,Richmond city,-77.50872833,37.49152382
51760070700,51085320702,1,Hanover County,-77.33973544,37.72429497,Richmond city,-77.50872833,37.49152382
51760070700,51085320804,2,Hanover County,-77.42040307,37.68215954,Richmond city,-77.50872833,37.49152382
51760070700,51085320805,1,Hanover County,-77.42512268,37.6646678,Richmond city,-77.50872833,37.49152382
51760070700,51085320902,2,Hanover County,-77.38681578,37.63660736,Richmond city,-77.50872833,37.49152382
51760070700,51085321003,2,Hanover County,-77.3176218,37.62396679,Richmond city,-77.50872833,37.49152382
51760070700,51085321100,2,Hanover County,-77.38262891,37.61242252,Richmond city,-77.50872833,37.49152382
51760070700,51085321201,1,Hanover County,-77.32329616,37.5880924,Richmond city,-77.50872833,37.49152382
51760070700,51085321202,2,Hanover County,-77.34349514,37.58490558,Richmond city,-77.50872833,37.49152382
51760070700,51085321300,3,Hanover County,-77.29680248,37.59112522,Richmond city,-77.50872833,37.49152382
51760070802,51085320500,1,Hanover County,-77.52199663,37.77211832,Richmond city,-77.47743608,37.46934393
51760070802,51085321003,1,Hanover County,-77.3176218,37.62396679,Richmond city,-77.47743608,37.46934393
51760070802,51085321202,1,Hanover County,-77.34349514,37.58490558,Richmond city,-77.47743608,37.46934393
51760070803,51085321201,2,Hanover County,-77.32329616,37.5880924,Richmond city,-77.48956101,37.48129907
51760070803,51085321300,1,Hanover County,-77.29680248,37.59112522,Richmond city,-77.48956101,37.48129907
51760070804,51085321001,2,Hanover County,-77.35319382,37.62262564,Richmond city,-77.4991603,37.47076115
51760070804,51085321100,1,Hanover County,-77.38262891,37.61242252,Richmond city,-77.4991603,37.47076115
51760070901,51085320400,3,Hanover County,-77.53119038,37.72350989,Richmond city,-77.46121537,37.47474053
51760070901,51085320500,5,Hanover County,-77.52199663,37.77211832,Richmond city,-77.46121537,37.47474053
51760070901,51085320805,2,Hanover County,-77.42512268,37.6646678,Richmond city,-77.46121537,37.47474053
51760070901,51085321100,3,Hanover County,-77.38262891,37.61242252,Richmond city,-77.46121537,37.47474053
51760070901,51085321201,2,Hanover County,-77.32329616,37.5880924,Richmond city,-77.46121537,37.47474053
51760070901,51085321202,1,Hanover County,-77.34349514,37.58490558,Richmond city,-77.46121537,37.47474053
51760070901,51085321403,3,Hanover County,-77.17923965,37.62402478,Richmond city,-77.46121537,37.47474053
51760070902,51085320100,12,Hanover County,-77.58500006,37.88594378,Richmond city,-77.45964132,37.49121275
51760070902,51085320200,15,Hanover County,-77.68504133,37.80777585,Richmond city,-77.45964132,37.49121275
51760070902,51085320300,7,Hanover County,-77.6706394,37.73181814,Richmond city,-77.45964132,37.49121275
51760070902,51085320400,8,Hanover County,-77.53119038,37.72350989,Richmond city,-77.45964132,37.49121275
51760070902,51085320500,4,Hanover County,-77.52199663,37.77211832,Richmond city,-77.45964132,37.49121275
51760070902,51085320601,3,Hanover County,-77.47144709,37.77593334,Richmond city,-77.45964132,37.49121275
51760070902,51085320602,7,Hanover County,-77.47318377,37.74416695,Richmond city,-77.45964132,37.49121275
51760070902,51085320701,14,Hanover County,-77.40541715,37.75339045,Richmond city,-77.45964132,37.49121275
51760070902,51085320702,4,Hanover County,-77.33973544,37.72429497,Richmond city,-77.45964132,37.49121275
51760070902,51085320801,5,Hanover County,-77.43517464,37.72101115,Richmond city,-77.45964132,37.49121275
51760070902,51085320803,26,Hanover County,-77.40178469,37.67555472,Richmond city,-77.45964132,37.49121275
51760070902,51085320804,14,Hanover County,-77.42040307,37.68215954,Richmond city,-77.45964132,37.49121275
51760070902,51085320805,10,Hanover County,-77.42512268,37.6646678,Richmond city,-77.45964132,37.49121275
51760070902,51085320901,13,Hanover County,-77.35950464,37.65874207,Richmond city,-77.45964132,37.49121275
51760070902,51085320902,8,Hanover County,-77.38681578,37.63660736,Richmond city,-77.45964132,37.49121275
51760070902,51085321001,9,Hanover County,-77.35319382,37.62262564,Richmond city,-77.45964132,37.49121275
51760070902,51085321003,9,Hanover County,-77.3176218,37.62396679,Richmond city,-77.45964132,37.49121275
51760070902,51085321004,5,Hanover County,-77.3166095,37.6515441,Richmond city,-77.45964132,37.49121275
51760070902,51085321100,20,Hanover County,-77.38262891,37.61242252,Richmond city,-77.45964132,37.49121275
51760070902,51085321201,8,Hanover County,-77.32329616,37.5880924,Richmond city,-77.45964132,37.49121275
51760070902,51085321202,14,Hanover County,-77.34349514,37.58490558,Richmond city,-77.45964132,37.49121275
51760070902,51085321300,8,Hanover County,-77.29680248,37.59112522,Richmond city,-77.45964132,37.49121275
51760070902,51085321401,10,Hanover County,-77.25895891,37.67861465,Richmond city,-77.45964132,37.49121275
51760070902,51085321402,17,Hanover County,-77.25179057,37.60113008,Richmond city,-77.45964132,37.49121275
51760070902,51085321403,7,Hanover County,-77.17923965,37.62402478,Richmond city,-77.45964132,37.49121275
51760071002,51085320100,3,Hanover County,-77.58500006,37.88594378,Richmond city,-77.50081347,37.51338629
51760071002,51085320200,3,Hanover County,-77.68504133,37.80777585,Richmond city,-77.50081347,37.51338629
51760071002,51085320801,1,Hanover County,-77.43517464,37.72101115,Richmond city,-77.50081347,37.51338629
51760071002,51085320803,5,Hanover County,-77.40178469,37.67555472,Richmond city,-77.50081347,37.51338629
51760071002,51085320804,6,Hanover County,-77.42040307,37.68215954,Richmond city,-77.50081347,37.51338629
51760071002,51085320805,1,Hanover County,-77.42512268,37.6646678,Richmond city,-77.50081347,37.51338629
51760071002,51085320902,3,Hanover County,-77.38681578,37.63660736,Richmond city,-77.50081347,37.51338629
51760071002,51085321001,1,Hanover County,-77.35319382,37.62262564,Richmond city,-77.50081347,37.51338629
51760071002,51085321202,1,Hanover County,-77.34349514,37.58490558,Richmond city,-77.50081347,37.51338629
51760071002,51085321402,1,Hanover County,-77.25179057,37.60113008,Richmond city,-77.50081347,37.51338629
51760071002,51085321403,2,Hanover County,-77.17923965,37.62402478,Richmond city,-77.50081347,37.51338629
51760071003,51085320200,1,Hanover County,-77.68504133,37.80777585,Richmond city,-77.51331267,37.51161927
51760071003,51085320601,1,Hanover County,-77.47144709,37.77593334,Richmond city,-77.51331267,37.51161927
51760071003,51085320602,1,Hanover County,-77.47318377,37.74416695,Richmond city,-77.51331267,37.51161927
51760071003,51085320803,1,Hanover County,-77.40178469,37.67555472,Richmond city,-77.51331267,37.51161927
51760071003,51085320901,1,Hanover County,-77.35950464,37.65874207,Richmond city,-77.51331267,37.51161927
51760071003,51085321003,1,Hanover County,-77.3176218,37.62396679,Richmond city,-77.51331267,37.51161927
51760071003,51085321401,1,Hanover County,-77.25895891,37.67861465,Richmond city,-77.51331267,37.51161927
51760071003,51085321403,1,Hanover County,-77.17923965,37.62402478,Richmond city,-77.51331267,37.51161927
51760071004,51085320100,5,Hanover County,-77.58500006,37.88594378,Richmond city,-77.52140919,37.50809808
51760071004,51085320200,8,Hanover County,-77.68504133,37.80777585,Richmond city,-77.52140919,37.50809808
51760071004,51085320300,1,Hanover County,-77.6706394,37.73181814,Richmond city,-77.52140919,37.50809808
51760071004,51085320400,3,Hanover County,-77.53119038,37.72350989,Richmond city,-77.52140919,37.50809808
51760071004,51085320601,8,Hanover County,-77.47144709,37.77593334,Richmond city,-77.52140919,37.50809808
51760071004,51085320602,7,Hanover County,-77.47318377,37.74416695,Richmond city,-77.52140919,37.50809808
51760071004,51085320701,8,Hanover County,-77.40541715,37.75339045,Richmond city,-77.52140919,37.50809808
51760071004,51085320702,2,Hanover County,-77.33973544,37.72429497,Richmond city,-77.52140919,37.50809808
51760071004,51085320801,8,Hanover County,-77.43517464,37.72101115,Richmond city,-77.52140919,37.50809808
51760071004,51085320803,19,Hanover County,-77.40178469,37.67555472,Richmond city,-77.52140919,37.50809808
51760071004,51085320804,18,Hanover County,-77.42040307,37.68215954,Richmond city,-77.52140919,37.50809808
51760071004,51085320805,16,Hanover County,-77.42512268,37.6646678,Richmond city,-77.52140919,37.50809808
51760071004,51085320901,12,Hanover County,-77.35950464,37.65874207,Richmond city,-77.52140919,37.50809808
51760071004,51085320902,11,Hanover County,-77.38681578,37.63660736,Richmond city,-77.52140919,37.50809808
51760071004,51085321001,12,Hanover County,-77.35319382,37.62262564,Richmond city,-77.52140919,37.50809808
51760071004,51085321003,7,Hanover County,-77.3176218,37.62396679,Richmond city,-77.52140919,37.50809808
51760071004,51085321004,10,Hanover County,-77.3166095,37.6515441,Richmond city,-77.52140919,37.50809808
51760071004,51085321100,16,Hanover County,-77.38262891,37.61242252,Richmond city,-77.52140919,37.50809808
51760071004,51085321201,11,Hanover County,-77.32329616,37.5880924,Richmond city,-77.52140919,37.50809808
51760071004,51085321202,6,Hanover County,-77.34349514,37.58490558,Richmond city,-77.52140919,37.50809808
51760071004,51085321300,20,Hanover County,-77.29680248,37.59112522,Richmond city,-77.52140919,37.50809808
51760071004,51085321401,4,Hanover County,-77.25895891,37.67861465,Richmond city,-77.52140919,37.50809808
51760071004,51085321402,8,Hanover County,-77.25179057,37.60113008,Richmond city,-77.52140919,37.50809808
51760071004,51085321403,9,Hanover County,-77.17923965,37.62402478,Richmond city,-77.52140919,37.50809808
51760071100,51085320400,1,Hanover County,-77.53119038,37.72350989,Richmond city,-77.51057175,37.52591345
51760071100,51085320601,1,Hanover County,-77.47144709,37.77593334,Richmond city,-77.51057175,37.52591345
51760071100,51085320801,4,Hanover County,-77.43517464,37.72101115,Richmond city,-77.51057175,37.52591345
51760071100,51085320804,1,Hanover County,-77.42040307,37.68215954,Richmond city,-77.51057175,37.52591345
51760071100,51085320901,3,Hanover County,-77.35950464,37.65874207,Richmond city,-77.51057175,37.52591345
51760071100,51085321001,3,Hanover County,-77.35319382,37.62262564,Richmond city,-77.51057175,37.52591345
51760071100,51085321201,2,Hanover County,-77.32329616,37.5880924,Richmond city,-77.51057175,37.52591345
51760071100,51085321402,1,Hanover County,-77.25179057,37.60113008,Richmond city,-77.51057175,37.52591345
51760071100,51085321403,1,Hanover County,-77.17923965,37.62402478,Richmond city,-77.51057175,37.52591345
